-- Custom formats, conditions, and tests
-- Generated by scripts/convert_to_v2.mjs. Do not edit generated SQL directly.

INSERT OR IGNORE INTO tags (name) VALUES ('1080p');
INSERT OR IGNORE INTO tags (name) VALUES ('2160p');
INSERT OR IGNORE INTO tags (name) VALUES ('480p');
INSERT OR IGNORE INTO tags (name) VALUES ('576p');
INSERT OR IGNORE INTO tags (name) VALUES ('720p');
INSERT OR IGNORE INTO tags (name) VALUES ('Anime');
INSERT OR IGNORE INTO tags (name) VALUES ('Audio');
INSERT OR IGNORE INTO tags (name) VALUES ('Balanced');
INSERT OR IGNORE INTO tags (name) VALUES ('Banned');
INSERT OR IGNORE INTO tags (name) VALUES ('Bleeding Edge');
INSERT OR IGNORE INTO tags (name) VALUES ('Codec');
INSERT OR IGNORE INTO tags (name) VALUES ('Colour Grade');
INSERT OR IGNORE INTO tags (name) VALUES ('Compact');
INSERT OR IGNORE INTO tags (name) VALUES ('Dolby');
INSERT OR IGNORE INTO tags (name) VALUES ('Edition');
INSERT OR IGNORE INTO tags (name) VALUES ('Efficient');
INSERT OR IGNORE INTO tags (name) VALUES ('Enhancement');
INSERT OR IGNORE INTO tags (name) VALUES ('Flag');
INSERT OR IGNORE INTO tags (name) VALUES ('Freeleech');
INSERT OR IGNORE INTO tags (name) VALUES ('Golden Popcorn');
INSERT OR IGNORE INTO tags (name) VALUES ('GPPi');
INSERT OR IGNORE INTO tags (name) VALUES ('HDR');
INSERT OR IGNORE INTO tags (name) VALUES ('HEVC');
INSERT OR IGNORE INTO tags (name) VALUES ('Language');
INSERT OR IGNORE INTO tags (name) VALUES ('Lossless');
INSERT OR IGNORE INTO tags (name) VALUES ('Movie');
INSERT OR IGNORE INTO tags (name) VALUES ('Quality');
INSERT OR IGNORE INTO tags (name) VALUES ('Release Group');
INSERT OR IGNORE INTO tags (name) VALUES ('Release Group Tier');
INSERT OR IGNORE INTO tags (name) VALUES ('Remux');
INSERT OR IGNORE INTO tags (name) VALUES ('Repack');
INSERT OR IGNORE INTO tags (name) VALUES ('SD');
INSERT OR IGNORE INTO tags (name) VALUES ('Source');
INSERT OR IGNORE INTO tags (name) VALUES ('Storage');
INSERT OR IGNORE INTO tags (name) VALUES ('Streaming Service');
INSERT OR IGNORE INTO tags (name) VALUES ('TV');
INSERT OR IGNORE INTO tags (name) VALUES ('WEB-DL');

INSERT OR REPLACE INTO custom_formats (name, description, include_in_rename) VALUES ('1080p Balanced Tier 1', 'Matches release groups who fall under 1080p Balanced Tier 1', 0);
INSERT OR IGNORE INTO custom_format_tags (custom_format_name, tag_name) VALUES ('1080p Balanced Tier 1', 'Release Group Tier');
INSERT OR IGNORE INTO custom_format_tags (custom_format_name, tag_name) VALUES ('1080p Balanced Tier 1', '1080p');
INSERT OR IGNORE INTO custom_format_tags (custom_format_name, tag_name) VALUES ('1080p Balanced Tier 1', 'Balanced');
INSERT OR REPLACE INTO custom_format_conditions (custom_format_name, name, type, arr_type, negate, required) VALUES ('1080p Balanced Tier 1', '1080p', 'resolution', 'all', 0, 1);
INSERT OR REPLACE INTO condition_resolutions (custom_format_name, condition_name, resolution) VALUES ('1080p Balanced Tier 1', '1080p', '1080p');
INSERT OR REPLACE INTO custom_format_conditions (custom_format_name, name, type, arr_type, negate, required) VALUES ('1080p Balanced Tier 1', 'Bluray', 'source', 'all', 0, 1);
INSERT OR REPLACE INTO condition_sources (custom_format_name, condition_name, source) VALUES ('1080p Balanced Tier 1', 'Bluray', 'bluray');
INSERT OR REPLACE INTO custom_format_conditions (custom_format_name, name, type, arr_type, negate, required) VALUES ('1080p Balanced Tier 1', 'hallowed', 'release_group', 'all', 0, 0);
INSERT OR REPLACE INTO condition_patterns (custom_format_name, condition_name, regular_expression_name) VALUES ('1080p Balanced Tier 1', 'hallowed', 'hallowed');
INSERT OR IGNORE INTO custom_format_tests (custom_format_name, title, type, should_match, description) VALUES ('1080p Balanced Tier 1', 'Contact.1997.BluRay.1080p.DDP.5.1.x264-hallowed', 'movie', 1, NULL);
INSERT OR IGNORE INTO custom_format_tests (custom_format_name, title, type, should_match, description) VALUES ('1080p Balanced Tier 1', 'Gladiator.2000.Extended.Cut.UHD.BluRay.2160p.DDP.7.1.DV.HDR.x265-hallowed', 'movie', 1, NULL);
INSERT OR IGNORE INTO custom_format_tests (custom_format_name, title, type, should_match, description) VALUES ('1080p Balanced Tier 1', 'Yi Yi 2000 BluRay 720p DD 2 0 x264-BHDStudio', 'movie', 1, NULL);
INSERT OR IGNORE INTO custom_format_tests (custom_format_name, title, type, should_match, description) VALUES ('1080p Balanced Tier 1', 'Winnie the Pooh - Blood and Honey (2023) 2160p UHD BluRay x265 DV HDR DD 5.1 English-BHDStudio', 'movie', 1, NULL);
INSERT OR REPLACE INTO custom_formats (name, description, include_in_rename) VALUES ('1080p Balanced Tier 2', 'Matches release groups who fall under 1080p Balanced Tier 2', 0);
INSERT OR IGNORE INTO custom_format_tags (custom_format_name, tag_name) VALUES ('1080p Balanced Tier 2', 'Release Group Tier');
INSERT OR IGNORE INTO custom_format_tags (custom_format_name, tag_name) VALUES ('1080p Balanced Tier 2', '1080p');
INSERT OR IGNORE INTO custom_format_tags (custom_format_name, tag_name) VALUES ('1080p Balanced Tier 2', 'Balanced');
INSERT OR REPLACE INTO custom_format_conditions (custom_format_name, name, type, arr_type, negate, required) VALUES ('1080p Balanced Tier 2', '1080p', 'resolution', 'all', 0, 1);
INSERT OR REPLACE INTO condition_resolutions (custom_format_name, condition_name, resolution) VALUES ('1080p Balanced Tier 2', '1080p', '1080p');
INSERT OR REPLACE INTO custom_format_conditions (custom_format_name, name, type, arr_type, negate, required) VALUES ('1080p Balanced Tier 2', 'Bluray', 'source', 'all', 0, 1);
INSERT OR REPLACE INTO condition_sources (custom_format_name, condition_name, source) VALUES ('1080p Balanced Tier 2', 'Bluray', 'bluray');
INSERT OR REPLACE INTO custom_format_conditions (custom_format_name, name, type, arr_type, negate, required) VALUES ('1080p Balanced Tier 2', 'BHDStudio', 'release_group', 'all', 0, 0);
INSERT OR REPLACE INTO condition_patterns (custom_format_name, condition_name, regular_expression_name) VALUES ('1080p Balanced Tier 2', 'BHDStudio', 'BHDStudio');
INSERT OR IGNORE INTO custom_format_tests (custom_format_name, title, type, should_match, description) VALUES ('1080p Balanced Tier 2', 'Contact.1997.BluRay.1080p.DDP.5.1.x264-hallowed', 'movie', 1, NULL);
INSERT OR IGNORE INTO custom_format_tests (custom_format_name, title, type, should_match, description) VALUES ('1080p Balanced Tier 2', 'Gladiator.2000.Extended.Cut.UHD.BluRay.2160p.DDP.7.1.DV.HDR.x265-hallowed', 'movie', 1, NULL);
INSERT OR IGNORE INTO custom_format_tests (custom_format_name, title, type, should_match, description) VALUES ('1080p Balanced Tier 2', 'Yi Yi 2000 BluRay 720p DD 2 0 x264-BHDStudio', 'movie', 1, NULL);
INSERT OR IGNORE INTO custom_format_tests (custom_format_name, title, type, should_match, description) VALUES ('1080p Balanced Tier 2', 'Winnie the Pooh - Blood and Honey (2023) 2160p UHD BluRay x265 DV HDR DD 5.1 English-BHDStudio', 'movie', 1, NULL);
INSERT OR REPLACE INTO custom_formats (name, description, include_in_rename) VALUES ('1080p Bluray HEVC Tier 1', 'Matches release groups who fall under 1080p Efficient Bluray Tier 0', 0);
INSERT OR IGNORE INTO custom_format_tags (custom_format_name, tag_name) VALUES ('1080p Bluray HEVC Tier 1', 'Release Group Tier');
INSERT OR IGNORE INTO custom_format_tags (custom_format_name, tag_name) VALUES ('1080p Bluray HEVC Tier 1', '1080p');
INSERT OR IGNORE INTO custom_format_tags (custom_format_name, tag_name) VALUES ('1080p Bluray HEVC Tier 1', 'HEVC');
INSERT OR IGNORE INTO custom_format_tags (custom_format_name, tag_name) VALUES ('1080p Bluray HEVC Tier 1', 'Movie');
INSERT OR IGNORE INTO custom_format_tags (custom_format_name, tag_name) VALUES ('1080p Bluray HEVC Tier 1', 'TV');
INSERT OR REPLACE INTO custom_format_conditions (custom_format_name, name, type, arr_type, negate, required) VALUES ('1080p Bluray HEVC Tier 1', '1080p', 'resolution', 'all', 0, 1);
INSERT OR REPLACE INTO condition_resolutions (custom_format_name, condition_name, resolution) VALUES ('1080p Bluray HEVC Tier 1', '1080p', '1080p');
INSERT OR REPLACE INTO custom_format_conditions (custom_format_name, name, type, arr_type, negate, required) VALUES ('1080p Bluray HEVC Tier 1', 'Bluray', 'source', 'all', 0, 1);
INSERT OR REPLACE INTO condition_sources (custom_format_name, condition_name, source) VALUES ('1080p Bluray HEVC Tier 1', 'Bluray', 'bluray');
INSERT OR REPLACE INTO custom_format_conditions (custom_format_name, name, type, arr_type, negate, required) VALUES ('1080p Bluray HEVC Tier 1', 'x265', 'release_title', 'all', 0, 1);
INSERT OR REPLACE INTO condition_patterns (custom_format_name, condition_name, regular_expression_name) VALUES ('1080p Bluray HEVC Tier 1', 'x265', 'x265 (Efficient)');
INSERT OR REPLACE INTO custom_format_conditions (custom_format_name, name, type, arr_type, negate, required) VALUES ('1080p Bluray HEVC Tier 1', 'HONE', 'release_group', 'all', 0, 1);
INSERT OR REPLACE INTO condition_patterns (custom_format_name, condition_name, regular_expression_name) VALUES ('1080p Bluray HEVC Tier 1', 'HONE', 'HONE');
INSERT OR IGNORE INTO custom_format_tests (custom_format_name, title, type, should_match, description) VALUES ('1080p Bluray HEVC Tier 1', 'Contact.1997.BluRay.1080p.DDP.5.1.x264-hallowed', 'movie', 1, NULL);
INSERT OR IGNORE INTO custom_format_tests (custom_format_name, title, type, should_match, description) VALUES ('1080p Bluray HEVC Tier 1', 'Gladiator.2000.Extended.Cut.UHD.BluRay.2160p.DDP.7.1.DV.HDR.x265-hallowed', 'movie', 1, NULL);
INSERT OR IGNORE INTO custom_format_tests (custom_format_name, title, type, should_match, description) VALUES ('1080p Bluray HEVC Tier 1', 'Yi Yi 2000 BluRay 720p DD 2 0 x264-BHDStudio', 'movie', 1, NULL);
INSERT OR IGNORE INTO custom_format_tests (custom_format_name, title, type, should_match, description) VALUES ('1080p Bluray HEVC Tier 1', 'Winnie the Pooh - Blood and Honey (2023) 2160p UHD BluRay x265 DV HDR DD 5.1 English-BHDStudio', 'movie', 1, NULL);
INSERT OR REPLACE INTO custom_formats (name, description, include_in_rename) VALUES ('1080p Bluray', 'Matches 1080p Blurays that are NOT remuxes', 0);
INSERT OR IGNORE INTO custom_format_tags (custom_format_name, tag_name) VALUES ('1080p Bluray', 'Source');
INSERT OR REPLACE INTO custom_format_conditions (custom_format_name, name, type, arr_type, negate, required) VALUES ('1080p Bluray', '1080p', 'resolution', 'all', 0, 1);
INSERT OR REPLACE INTO condition_resolutions (custom_format_name, condition_name, resolution) VALUES ('1080p Bluray', '1080p', '1080p');
INSERT OR REPLACE INTO custom_format_conditions (custom_format_name, name, type, arr_type, negate, required) VALUES ('1080p Bluray', 'Bluray', 'source', 'all', 0, 1);
INSERT OR REPLACE INTO condition_sources (custom_format_name, condition_name, source) VALUES ('1080p Bluray', 'Bluray', 'bluray');
INSERT OR REPLACE INTO custom_format_conditions (custom_format_name, name, type, arr_type, negate, required) VALUES ('1080p Bluray', 'Not Remux', 'release_title', 'all', 1, 1);
INSERT OR REPLACE INTO condition_patterns (custom_format_name, condition_name, regular_expression_name) VALUES ('1080p Bluray', 'Not Remux', 'Remux');
INSERT OR REPLACE INTO custom_formats (name, description, include_in_rename) VALUES ('1080p Compact Movie Bluray Tier 1', 'Matches release groups who fall under 1080p Compact Movie Bluray Tier 1', 0);
INSERT OR IGNORE INTO custom_format_tags (custom_format_name, tag_name) VALUES ('1080p Compact Movie Bluray Tier 1', 'Release Group Tier');
INSERT OR IGNORE INTO custom_format_tags (custom_format_name, tag_name) VALUES ('1080p Compact Movie Bluray Tier 1', '1080p');
INSERT OR IGNORE INTO custom_format_tags (custom_format_name, tag_name) VALUES ('1080p Compact Movie Bluray Tier 1', 'Compact');
INSERT OR IGNORE INTO custom_format_tags (custom_format_name, tag_name) VALUES ('1080p Compact Movie Bluray Tier 1', 'Movie');
INSERT OR REPLACE INTO custom_format_conditions (custom_format_name, name, type, arr_type, negate, required) VALUES ('1080p Compact Movie Bluray Tier 1', '1080p', 'resolution', 'all', 0, 1);
INSERT OR REPLACE INTO condition_resolutions (custom_format_name, condition_name, resolution) VALUES ('1080p Compact Movie Bluray Tier 1', '1080p', '1080p');
INSERT OR REPLACE INTO custom_format_conditions (custom_format_name, name, type, arr_type, negate, required) VALUES ('1080p Compact Movie Bluray Tier 1', 'Bluray', 'source', 'all', 0, 1);
INSERT OR REPLACE INTO condition_sources (custom_format_name, condition_name, source) VALUES ('1080p Compact Movie Bluray Tier 1', 'Bluray', 'bluray');
INSERT OR REPLACE INTO custom_format_conditions (custom_format_name, name, type, arr_type, negate, required) VALUES ('1080p Compact Movie Bluray Tier 1', 'x265', 'release_title', 'all', 0, 1);
INSERT OR REPLACE INTO condition_patterns (custom_format_name, condition_name, regular_expression_name) VALUES ('1080p Compact Movie Bluray Tier 1', 'x265', 'x265 (Efficient)');
INSERT OR REPLACE INTO custom_format_conditions (custom_format_name, name, type, arr_type, negate, required) VALUES ('1080p Compact Movie Bluray Tier 1', 'bluegreeen', 'release_group', 'all', 0, 0);
INSERT OR REPLACE INTO condition_patterns (custom_format_name, condition_name, regular_expression_name) VALUES ('1080p Compact Movie Bluray Tier 1', 'bluegreeen', 'bluegreeen');
INSERT OR REPLACE INTO custom_format_conditions (custom_format_name, name, type, arr_type, negate, required) VALUES ('1080p Compact Movie Bluray Tier 1', 'Chivaman', 'release_group', 'all', 0, 0);
INSERT OR REPLACE INTO condition_patterns (custom_format_name, condition_name, regular_expression_name) VALUES ('1080p Compact Movie Bluray Tier 1', 'Chivaman', 'Chivaman');
INSERT OR REPLACE INTO custom_format_conditions (custom_format_name, name, type, arr_type, negate, required) VALUES ('1080p Compact Movie Bluray Tier 1', 'edge2020', 'release_group', 'all', 0, 0);
INSERT OR REPLACE INTO condition_patterns (custom_format_name, condition_name, regular_expression_name) VALUES ('1080p Compact Movie Bluray Tier 1', 'edge2020', 'edge2020');
INSERT OR REPLACE INTO custom_format_conditions (custom_format_name, name, type, arr_type, negate, required) VALUES ('1080p Compact Movie Bluray Tier 1', 'noxxus', 'release_group', 'all', 0, 0);
INSERT OR REPLACE INTO condition_patterns (custom_format_name, condition_name, regular_expression_name) VALUES ('1080p Compact Movie Bluray Tier 1', 'noxxus', 'noxxus');
INSERT OR REPLACE INTO custom_format_conditions (custom_format_name, name, type, arr_type, negate, required) VALUES ('1080p Compact Movie Bluray Tier 1', 'R1GY3B', 'release_group', 'all', 0, 0);
INSERT OR REPLACE INTO condition_patterns (custom_format_name, condition_name, regular_expression_name) VALUES ('1080p Compact Movie Bluray Tier 1', 'R1GY3B', 'R1GY3B');
INSERT OR REPLACE INTO custom_format_conditions (custom_format_name, name, type, arr_type, negate, required) VALUES ('1080p Compact Movie Bluray Tier 1', 'Ralphy', 'release_group', 'all', 0, 0);
INSERT OR REPLACE INTO condition_patterns (custom_format_name, condition_name, regular_expression_name) VALUES ('1080p Compact Movie Bluray Tier 1', 'Ralphy', 'Ralphy');
INSERT OR REPLACE INTO custom_format_conditions (custom_format_name, name, type, arr_type, negate, required) VALUES ('1080p Compact Movie Bluray Tier 1', 'ToNaTo', 'release_group', 'all', 0, 0);
INSERT OR REPLACE INTO condition_patterns (custom_format_name, condition_name, regular_expression_name) VALUES ('1080p Compact Movie Bluray Tier 1', 'ToNaTo', 'ToNaTo');
INSERT OR REPLACE INTO custom_format_conditions (custom_format_name, name, type, arr_type, negate, required) VALUES ('1080p Compact Movie Bluray Tier 1', 'Vyndros', 'release_group', 'all', 0, 0);
INSERT OR REPLACE INTO condition_patterns (custom_format_name, condition_name, regular_expression_name) VALUES ('1080p Compact Movie Bluray Tier 1', 'Vyndros', 'Vyndros');
INSERT OR REPLACE INTO custom_format_conditions (custom_format_name, name, type, arr_type, negate, required) VALUES ('1080p Compact Movie Bluray Tier 1', 'YELLO', 'release_group', 'all', 0, 0);
INSERT OR REPLACE INTO condition_patterns (custom_format_name, condition_name, regular_expression_name) VALUES ('1080p Compact Movie Bluray Tier 1', 'YELLO', 'YELLO');
INSERT OR IGNORE INTO custom_format_tests (custom_format_name, title, type, should_match, description) VALUES ('1080p Compact Movie Bluray Tier 1', 'Contact.1997.BluRay.1080p.DDP.5.1.x264-hallowed', 'movie', 1, NULL);
INSERT OR IGNORE INTO custom_format_tests (custom_format_name, title, type, should_match, description) VALUES ('1080p Compact Movie Bluray Tier 1', 'Gladiator.2000.Extended.Cut.UHD.BluRay.2160p.DDP.7.1.DV.HDR.x265-hallowed', 'movie', 1, NULL);
INSERT OR IGNORE INTO custom_format_tests (custom_format_name, title, type, should_match, description) VALUES ('1080p Compact Movie Bluray Tier 1', 'Yi Yi 2000 BluRay 720p DD 2 0 x264-BHDStudio', 'movie', 1, NULL);
INSERT OR IGNORE INTO custom_format_tests (custom_format_name, title, type, should_match, description) VALUES ('1080p Compact Movie Bluray Tier 1', 'Winnie the Pooh - Blood and Honey (2023) 2160p UHD BluRay x265 DV HDR DD 5.1 English-BHDStudio', 'movie', 1, NULL);
INSERT OR REPLACE INTO custom_formats (name, description, include_in_rename) VALUES ('1080p Compact Movie Bluray Tier 2', 'Matches release groups who fall under 1080p Compact Movie Bluray Tier 2', 0);
INSERT OR IGNORE INTO custom_format_tags (custom_format_name, tag_name) VALUES ('1080p Compact Movie Bluray Tier 2', 'Release Group Tier');
INSERT OR IGNORE INTO custom_format_tags (custom_format_name, tag_name) VALUES ('1080p Compact Movie Bluray Tier 2', '1080p');
INSERT OR IGNORE INTO custom_format_tags (custom_format_name, tag_name) VALUES ('1080p Compact Movie Bluray Tier 2', 'Compact');
INSERT OR IGNORE INTO custom_format_tags (custom_format_name, tag_name) VALUES ('1080p Compact Movie Bluray Tier 2', 'Movie');
INSERT OR REPLACE INTO custom_format_conditions (custom_format_name, name, type, arr_type, negate, required) VALUES ('1080p Compact Movie Bluray Tier 2', '1080p', 'resolution', 'all', 0, 1);
INSERT OR REPLACE INTO condition_resolutions (custom_format_name, condition_name, resolution) VALUES ('1080p Compact Movie Bluray Tier 2', '1080p', '1080p');
INSERT OR REPLACE INTO custom_format_conditions (custom_format_name, name, type, arr_type, negate, required) VALUES ('1080p Compact Movie Bluray Tier 2', 'Bluray', 'source', 'all', 0, 1);
INSERT OR REPLACE INTO condition_sources (custom_format_name, condition_name, source) VALUES ('1080p Compact Movie Bluray Tier 2', 'Bluray', 'bluray');
INSERT OR REPLACE INTO custom_format_conditions (custom_format_name, name, type, arr_type, negate, required) VALUES ('1080p Compact Movie Bluray Tier 2', 'x265', 'release_title', 'all', 0, 1);
INSERT OR REPLACE INTO condition_patterns (custom_format_name, condition_name, regular_expression_name) VALUES ('1080p Compact Movie Bluray Tier 2', 'x265', 'x265 (Efficient)');
INSERT OR REPLACE INTO custom_format_conditions (custom_format_name, name, type, arr_type, negate, required) VALUES ('1080p Compact Movie Bluray Tier 2', 'dkore', 'release_group', 'all', 0, 0);
INSERT OR REPLACE INTO condition_patterns (custom_format_name, condition_name, regular_expression_name) VALUES ('1080p Compact Movie Bluray Tier 2', 'dkore', 'dkore');
INSERT OR REPLACE INTO custom_format_conditions (custom_format_name, name, type, arr_type, negate, required) VALUES ('1080p Compact Movie Bluray Tier 2', 'GRiMM', 'release_group', 'all', 0, 0);
INSERT OR REPLACE INTO condition_patterns (custom_format_name, condition_name, regular_expression_name) VALUES ('1080p Compact Movie Bluray Tier 2', 'GRiMM', 'GRiMM');
INSERT OR REPLACE INTO custom_format_conditions (custom_format_name, name, type, arr_type, negate, required) VALUES ('1080p Compact Movie Bluray Tier 2', 'TimeDistortion', 'release_group', 'all', 0, 0);
INSERT OR REPLACE INTO condition_patterns (custom_format_name, condition_name, regular_expression_name) VALUES ('1080p Compact Movie Bluray Tier 2', 'TimeDistortion', 'TimeDistortion');
INSERT OR IGNORE INTO custom_format_tests (custom_format_name, title, type, should_match, description) VALUES ('1080p Compact Movie Bluray Tier 2', 'Contact.1997.BluRay.1080p.DDP.5.1.x264-hallowed', 'movie', 1, NULL);
INSERT OR IGNORE INTO custom_format_tests (custom_format_name, title, type, should_match, description) VALUES ('1080p Compact Movie Bluray Tier 2', 'Gladiator.2000.Extended.Cut.UHD.BluRay.2160p.DDP.7.1.DV.HDR.x265-hallowed', 'movie', 1, NULL);
INSERT OR IGNORE INTO custom_format_tests (custom_format_name, title, type, should_match, description) VALUES ('1080p Compact Movie Bluray Tier 2', 'Yi Yi 2000 BluRay 720p DD 2 0 x264-BHDStudio', 'movie', 1, NULL);
INSERT OR IGNORE INTO custom_format_tests (custom_format_name, title, type, should_match, description) VALUES ('1080p Compact Movie Bluray Tier 2', 'Winnie the Pooh - Blood and Honey (2023) 2160p UHD BluRay x265 DV HDR DD 5.1 English-BHDStudio', 'movie', 1, NULL);
INSERT OR REPLACE INTO custom_formats (name, description, include_in_rename) VALUES ('1080p Compact Movie Bluray Tier 3', 'Matches release groups who fall under 1080p Compact Movie Bluray Tier 3', 0);
INSERT OR IGNORE INTO custom_format_tags (custom_format_name, tag_name) VALUES ('1080p Compact Movie Bluray Tier 3', 'Release Group Tier');
INSERT OR IGNORE INTO custom_format_tags (custom_format_name, tag_name) VALUES ('1080p Compact Movie Bluray Tier 3', '1080p');
INSERT OR IGNORE INTO custom_format_tags (custom_format_name, tag_name) VALUES ('1080p Compact Movie Bluray Tier 3', 'Compact');
INSERT OR IGNORE INTO custom_format_tags (custom_format_name, tag_name) VALUES ('1080p Compact Movie Bluray Tier 3', 'Movie');
INSERT OR REPLACE INTO custom_format_conditions (custom_format_name, name, type, arr_type, negate, required) VALUES ('1080p Compact Movie Bluray Tier 3', '1080p', 'resolution', 'all', 0, 1);
INSERT OR REPLACE INTO condition_resolutions (custom_format_name, condition_name, resolution) VALUES ('1080p Compact Movie Bluray Tier 3', '1080p', '1080p');
INSERT OR REPLACE INTO custom_format_conditions (custom_format_name, name, type, arr_type, negate, required) VALUES ('1080p Compact Movie Bluray Tier 3', 'Bluray', 'source', 'all', 0, 1);
INSERT OR REPLACE INTO condition_sources (custom_format_name, condition_name, source) VALUES ('1080p Compact Movie Bluray Tier 3', 'Bluray', 'bluray');
INSERT OR REPLACE INTO custom_format_conditions (custom_format_name, name, type, arr_type, negate, required) VALUES ('1080p Compact Movie Bluray Tier 3', 'x265', 'release_title', 'all', 0, 1);
INSERT OR REPLACE INTO condition_patterns (custom_format_name, condition_name, regular_expression_name) VALUES ('1080p Compact Movie Bluray Tier 3', 'x265', 'x265 (Efficient)');
INSERT OR REPLACE INTO custom_format_conditions (custom_format_name, name, type, arr_type, negate, required) VALUES ('1080p Compact Movie Bluray Tier 3', 'Not HONE', 'release_title', 'all', 1, 1);
INSERT OR REPLACE INTO condition_patterns (custom_format_name, condition_name, regular_expression_name) VALUES ('1080p Compact Movie Bluray Tier 3', 'Not HONE', 'HONE');
INSERT OR REPLACE INTO custom_format_conditions (custom_format_name, name, type, arr_type, negate, required) VALUES ('1080p Compact Movie Bluray Tier 3', 'DarQ', 'release_group', 'all', 0, 0);
INSERT OR REPLACE INTO condition_patterns (custom_format_name, condition_name, regular_expression_name) VALUES ('1080p Compact Movie Bluray Tier 3', 'DarQ', 'DarQ');
INSERT OR REPLACE INTO custom_format_conditions (custom_format_name, name, type, arr_type, negate, required) VALUES ('1080p Compact Movie Bluray Tier 3', 'honeyvera', 'release_group', 'all', 0, 0);
INSERT OR REPLACE INTO condition_patterns (custom_format_name, condition_name, regular_expression_name) VALUES ('1080p Compact Movie Bluray Tier 3', 'honeyvera', 'Honeyvera');
INSERT OR REPLACE INTO custom_format_conditions (custom_format_name, name, type, arr_type, negate, required) VALUES ('1080p Compact Movie Bluray Tier 3', 'LSt', 'release_group', 'all', 0, 0);
INSERT OR REPLACE INTO condition_patterns (custom_format_name, condition_name, regular_expression_name) VALUES ('1080p Compact Movie Bluray Tier 3', 'LSt', 'LSt');
INSERT OR REPLACE INTO custom_format_conditions (custom_format_name, name, type, arr_type, negate, required) VALUES ('1080p Compact Movie Bluray Tier 3', 'MNHD', 'release_group', 'all', 0, 0);
INSERT OR REPLACE INTO condition_patterns (custom_format_name, condition_name, regular_expression_name) VALUES ('1080p Compact Movie Bluray Tier 3', 'MNHD', 'MNHD');
INSERT OR REPLACE INTO custom_format_conditions (custom_format_name, name, type, arr_type, negate, required) VALUES ('1080p Compact Movie Bluray Tier 3', 'SARTRE', 'release_group', 'all', 0, 0);
INSERT OR REPLACE INTO condition_patterns (custom_format_name, condition_name, regular_expression_name) VALUES ('1080p Compact Movie Bluray Tier 3', 'SARTRE', 'SARTRE');
INSERT OR REPLACE INTO custom_format_conditions (custom_format_name, name, type, arr_type, negate, required) VALUES ('1080p Compact Movie Bluray Tier 3', 'Vialle', 'release_group', 'all', 0, 0);
INSERT OR REPLACE INTO condition_patterns (custom_format_name, condition_name, regular_expression_name) VALUES ('1080p Compact Movie Bluray Tier 3', 'Vialle', 'Vialle');
INSERT OR IGNORE INTO custom_format_tests (custom_format_name, title, type, should_match, description) VALUES ('1080p Compact Movie Bluray Tier 3', 'Contact.1997.BluRay.1080p.DDP.5.1.x264-hallowed', 'movie', 1, NULL);
INSERT OR IGNORE INTO custom_format_tests (custom_format_name, title, type, should_match, description) VALUES ('1080p Compact Movie Bluray Tier 3', 'Gladiator.2000.Extended.Cut.UHD.BluRay.2160p.DDP.7.1.DV.HDR.x265-hallowed', 'movie', 1, NULL);
INSERT OR IGNORE INTO custom_format_tests (custom_format_name, title, type, should_match, description) VALUES ('1080p Compact Movie Bluray Tier 3', 'Yi Yi 2000 BluRay 720p DD 2 0 x264-BHDStudio', 'movie', 1, NULL);
INSERT OR IGNORE INTO custom_format_tests (custom_format_name, title, type, should_match, description) VALUES ('1080p Compact Movie Bluray Tier 3', 'Winnie the Pooh - Blood and Honey (2023) 2160p UHD BluRay x265 DV HDR DD 5.1 English-BHDStudio', 'movie', 1, NULL);
INSERT OR REPLACE INTO custom_formats (name, description, include_in_rename) VALUES ('1080p Compact Movie Bluray Tier 4', 'Matches release groups who fall under 1080p Compact Movie Bluray Tier 4', 0);
INSERT OR IGNORE INTO custom_format_tags (custom_format_name, tag_name) VALUES ('1080p Compact Movie Bluray Tier 4', 'Release Group Tier');
INSERT OR IGNORE INTO custom_format_tags (custom_format_name, tag_name) VALUES ('1080p Compact Movie Bluray Tier 4', '1080p');
INSERT OR IGNORE INTO custom_format_tags (custom_format_name, tag_name) VALUES ('1080p Compact Movie Bluray Tier 4', 'Compact');
INSERT OR IGNORE INTO custom_format_tags (custom_format_name, tag_name) VALUES ('1080p Compact Movie Bluray Tier 4', 'Movie');
INSERT OR REPLACE INTO custom_format_conditions (custom_format_name, name, type, arr_type, negate, required) VALUES ('1080p Compact Movie Bluray Tier 4', '1080p', 'resolution', 'all', 0, 1);
INSERT OR REPLACE INTO condition_resolutions (custom_format_name, condition_name, resolution) VALUES ('1080p Compact Movie Bluray Tier 4', '1080p', '1080p');
INSERT OR REPLACE INTO custom_format_conditions (custom_format_name, name, type, arr_type, negate, required) VALUES ('1080p Compact Movie Bluray Tier 4', 'Bluray', 'source', 'all', 0, 1);
INSERT OR REPLACE INTO condition_sources (custom_format_name, condition_name, source) VALUES ('1080p Compact Movie Bluray Tier 4', 'Bluray', 'bluray');
INSERT OR REPLACE INTO custom_format_conditions (custom_format_name, name, type, arr_type, negate, required) VALUES ('1080p Compact Movie Bluray Tier 4', 'x265', 'release_title', 'all', 0, 1);
INSERT OR REPLACE INTO condition_patterns (custom_format_name, condition_name, regular_expression_name) VALUES ('1080p Compact Movie Bluray Tier 4', 'x265', 'x265 (Efficient)');
INSERT OR REPLACE INTO custom_format_conditions (custom_format_name, name, type, arr_type, negate, required) VALUES ('1080p Compact Movie Bluray Tier 4', 'NAN0', 'release_group', 'all', 0, 0);
INSERT OR REPLACE INTO condition_patterns (custom_format_name, condition_name, regular_expression_name) VALUES ('1080p Compact Movie Bluray Tier 4', 'NAN0', 'NAN0');
INSERT OR REPLACE INTO custom_format_conditions (custom_format_name, name, type, arr_type, negate, required) VALUES ('1080p Compact Movie Bluray Tier 4', 'QxR', 'release_group', 'all', 0, 0);
INSERT OR REPLACE INTO condition_patterns (custom_format_name, condition_name, regular_expression_name) VALUES ('1080p Compact Movie Bluray Tier 4', 'QxR', 'QxR');
INSERT OR REPLACE INTO custom_format_conditions (custom_format_name, name, type, arr_type, negate, required) VALUES ('1080p Compact Movie Bluray Tier 4', 'SQS', 'release_group', 'all', 0, 0);
INSERT OR REPLACE INTO condition_patterns (custom_format_name, condition_name, regular_expression_name) VALUES ('1080p Compact Movie Bluray Tier 4', 'SQS', 'SQS');
INSERT OR REPLACE INTO custom_format_conditions (custom_format_name, name, type, arr_type, negate, required) VALUES ('1080p Compact Movie Bluray Tier 4', 'TAoE', 'release_group', 'all', 0, 0);
INSERT OR REPLACE INTO condition_patterns (custom_format_name, condition_name, regular_expression_name) VALUES ('1080p Compact Movie Bluray Tier 4', 'TAoE', 'TAoE');
INSERT OR IGNORE INTO custom_format_tests (custom_format_name, title, type, should_match, description) VALUES ('1080p Compact Movie Bluray Tier 4', 'Contact.1997.BluRay.1080p.DDP.5.1.x264-hallowed', 'movie', 1, NULL);
INSERT OR IGNORE INTO custom_format_tests (custom_format_name, title, type, should_match, description) VALUES ('1080p Compact Movie Bluray Tier 4', 'Gladiator.2000.Extended.Cut.UHD.BluRay.2160p.DDP.7.1.DV.HDR.x265-hallowed', 'movie', 1, NULL);
INSERT OR IGNORE INTO custom_format_tests (custom_format_name, title, type, should_match, description) VALUES ('1080p Compact Movie Bluray Tier 4', 'Yi Yi 2000 BluRay 720p DD 2 0 x264-BHDStudio', 'movie', 1, NULL);
INSERT OR IGNORE INTO custom_format_tests (custom_format_name, title, type, should_match, description) VALUES ('1080p Compact Movie Bluray Tier 4', 'Winnie the Pooh - Blood and Honey (2023) 2160p UHD BluRay x265 DV HDR DD 5.1 English-BHDStudio', 'movie', 1, NULL);
INSERT OR REPLACE INTO custom_formats (name, description, include_in_rename) VALUES ('1080p Compact Movie WEB Tier 1', 'Matches release groups who fall under 1080p Compact Movie WEB Tier 1', 0);
INSERT OR IGNORE INTO custom_format_tags (custom_format_name, tag_name) VALUES ('1080p Compact Movie WEB Tier 1', 'Release Group Tier');
INSERT OR IGNORE INTO custom_format_tags (custom_format_name, tag_name) VALUES ('1080p Compact Movie WEB Tier 1', '1080p');
INSERT OR IGNORE INTO custom_format_tags (custom_format_name, tag_name) VALUES ('1080p Compact Movie WEB Tier 1', 'Compact');
INSERT OR IGNORE INTO custom_format_tags (custom_format_name, tag_name) VALUES ('1080p Compact Movie WEB Tier 1', 'Movie');
INSERT OR REPLACE INTO custom_format_conditions (custom_format_name, name, type, arr_type, negate, required) VALUES ('1080p Compact Movie WEB Tier 1', '1080p', 'resolution', 'all', 0, 1);
INSERT OR REPLACE INTO condition_resolutions (custom_format_name, condition_name, resolution) VALUES ('1080p Compact Movie WEB Tier 1', '1080p', '1080p');
INSERT OR REPLACE INTO custom_format_conditions (custom_format_name, name, type, arr_type, negate, required) VALUES ('1080p Compact Movie WEB Tier 1', 'x265', 'release_title', 'all', 0, 1);
INSERT OR REPLACE INTO condition_patterns (custom_format_name, condition_name, regular_expression_name) VALUES ('1080p Compact Movie WEB Tier 1', 'x265', 'x265 (Efficient)');
INSERT OR REPLACE INTO custom_format_conditions (custom_format_name, name, type, arr_type, negate, required) VALUES ('1080p Compact Movie WEB Tier 1', 'WEB-DL', 'source', 'all', 0, 0);
INSERT OR REPLACE INTO condition_sources (custom_format_name, condition_name, source) VALUES ('1080p Compact Movie WEB Tier 1', 'WEB-DL', 'web_dl');
INSERT OR REPLACE INTO custom_format_conditions (custom_format_name, name, type, arr_type, negate, required) VALUES ('1080p Compact Movie WEB Tier 1', 'WEBRip', 'source', 'all', 0, 0);
INSERT OR REPLACE INTO condition_sources (custom_format_name, condition_name, source) VALUES ('1080p Compact Movie WEB Tier 1', 'WEBRip', 'webrip');
INSERT OR REPLACE INTO custom_format_conditions (custom_format_name, name, type, arr_type, negate, required) VALUES ('1080p Compact Movie WEB Tier 1', 'QxR', 'release_group', 'all', 0, 0);
INSERT OR REPLACE INTO condition_patterns (custom_format_name, condition_name, regular_expression_name) VALUES ('1080p Compact Movie WEB Tier 1', 'QxR', 'QxR');
INSERT OR REPLACE INTO custom_format_conditions (custom_format_name, name, type, arr_type, negate, required) VALUES ('1080p Compact Movie WEB Tier 1', 'TAoE', 'release_group', 'all', 0, 0);
INSERT OR REPLACE INTO condition_patterns (custom_format_name, condition_name, regular_expression_name) VALUES ('1080p Compact Movie WEB Tier 1', 'TAoE', 'TAoE');
INSERT OR IGNORE INTO custom_format_tests (custom_format_name, title, type, should_match, description) VALUES ('1080p Compact Movie WEB Tier 1', 'Contact.1997.BluRay.1080p.DDP.5.1.x264-hallowed', 'movie', 1, NULL);
INSERT OR IGNORE INTO custom_format_tests (custom_format_name, title, type, should_match, description) VALUES ('1080p Compact Movie WEB Tier 1', 'Gladiator.2000.Extended.Cut.UHD.BluRay.2160p.DDP.7.1.DV.HDR.x265-hallowed', 'movie', 1, NULL);
INSERT OR IGNORE INTO custom_format_tests (custom_format_name, title, type, should_match, description) VALUES ('1080p Compact Movie WEB Tier 1', 'Yi Yi 2000 BluRay 720p DD 2 0 x264-BHDStudio', 'movie', 1, NULL);
INSERT OR IGNORE INTO custom_format_tests (custom_format_name, title, type, should_match, description) VALUES ('1080p Compact Movie WEB Tier 1', 'Winnie the Pooh - Blood and Honey (2023) 2160p UHD BluRay x265 DV HDR DD 5.1 English-BHDStudio', 'movie', 1, NULL);
INSERT OR REPLACE INTO custom_formats (name, description, include_in_rename) VALUES ('1080p Compact Movie WEB Tier 2', 'Matches release groups who fall under 1080p Compact Movie WEB Tier 2', 0);
INSERT OR IGNORE INTO custom_format_tags (custom_format_name, tag_name) VALUES ('1080p Compact Movie WEB Tier 2', 'Release Group Tier');
INSERT OR IGNORE INTO custom_format_tags (custom_format_name, tag_name) VALUES ('1080p Compact Movie WEB Tier 2', '1080p');
INSERT OR IGNORE INTO custom_format_tags (custom_format_name, tag_name) VALUES ('1080p Compact Movie WEB Tier 2', 'Compact');
INSERT OR IGNORE INTO custom_format_tags (custom_format_name, tag_name) VALUES ('1080p Compact Movie WEB Tier 2', 'Movie');
INSERT OR REPLACE INTO custom_format_conditions (custom_format_name, name, type, arr_type, negate, required) VALUES ('1080p Compact Movie WEB Tier 2', '1080p', 'resolution', 'all', 0, 1);
INSERT OR REPLACE INTO condition_resolutions (custom_format_name, condition_name, resolution) VALUES ('1080p Compact Movie WEB Tier 2', '1080p', '1080p');
INSERT OR REPLACE INTO custom_format_conditions (custom_format_name, name, type, arr_type, negate, required) VALUES ('1080p Compact Movie WEB Tier 2', 'x265', 'release_title', 'all', 0, 1);
INSERT OR REPLACE INTO condition_patterns (custom_format_name, condition_name, regular_expression_name) VALUES ('1080p Compact Movie WEB Tier 2', 'x265', 'x265 (Efficient)');
INSERT OR REPLACE INTO custom_format_conditions (custom_format_name, name, type, arr_type, negate, required) VALUES ('1080p Compact Movie WEB Tier 2', 'Not HONE', 'release_title', 'all', 1, 1);
INSERT OR REPLACE INTO condition_patterns (custom_format_name, condition_name, regular_expression_name) VALUES ('1080p Compact Movie WEB Tier 2', 'Not HONE', 'HONE');
INSERT OR REPLACE INTO custom_format_conditions (custom_format_name, name, type, arr_type, negate, required) VALUES ('1080p Compact Movie WEB Tier 2', 'WEB-DL', 'source', 'all', 0, 0);
INSERT OR REPLACE INTO condition_sources (custom_format_name, condition_name, source) VALUES ('1080p Compact Movie WEB Tier 2', 'WEB-DL', 'web_dl');
INSERT OR REPLACE INTO custom_format_conditions (custom_format_name, name, type, arr_type, negate, required) VALUES ('1080p Compact Movie WEB Tier 2', 'WEBRip', 'source', 'all', 0, 0);
INSERT OR REPLACE INTO condition_sources (custom_format_name, condition_name, source) VALUES ('1080p Compact Movie WEB Tier 2', 'WEBRip', 'webrip');
INSERT OR REPLACE INTO custom_format_conditions (custom_format_name, name, type, arr_type, negate, required) VALUES ('1080p Compact Movie WEB Tier 2', 'DarQ', 'release_group', 'all', 0, 0);
INSERT OR REPLACE INTO condition_patterns (custom_format_name, condition_name, regular_expression_name) VALUES ('1080p Compact Movie WEB Tier 2', 'DarQ', 'DarQ');
INSERT OR REPLACE INTO custom_format_conditions (custom_format_name, name, type, arr_type, negate, required) VALUES ('1080p Compact Movie WEB Tier 2', 'dkore', 'release_group', 'all', 0, 0);
INSERT OR REPLACE INTO condition_patterns (custom_format_name, condition_name, regular_expression_name) VALUES ('1080p Compact Movie WEB Tier 2', 'dkore', 'dkore');
INSERT OR REPLACE INTO custom_format_conditions (custom_format_name, name, type, arr_type, negate, required) VALUES ('1080p Compact Movie WEB Tier 2', 'LSt', 'release_group', 'all', 0, 0);
INSERT OR REPLACE INTO condition_patterns (custom_format_name, condition_name, regular_expression_name) VALUES ('1080p Compact Movie WEB Tier 2', 'LSt', 'LSt');
INSERT OR REPLACE INTO custom_format_conditions (custom_format_name, name, type, arr_type, negate, required) VALUES ('1080p Compact Movie WEB Tier 2', 'SQS', 'release_group', 'all', 0, 0);
INSERT OR REPLACE INTO condition_patterns (custom_format_name, condition_name, regular_expression_name) VALUES ('1080p Compact Movie WEB Tier 2', 'SQS', 'SQS');
INSERT OR REPLACE INTO custom_format_conditions (custom_format_name, name, type, arr_type, negate, required) VALUES ('1080p Compact Movie WEB Tier 2', 'TimeDistortion', 'release_group', 'all', 0, 0);
INSERT OR REPLACE INTO condition_patterns (custom_format_name, condition_name, regular_expression_name) VALUES ('1080p Compact Movie WEB Tier 2', 'TimeDistortion', 'TimeDistortion');
INSERT OR IGNORE INTO custom_format_tests (custom_format_name, title, type, should_match, description) VALUES ('1080p Compact Movie WEB Tier 2', 'Contact.1997.BluRay.1080p.DDP.5.1.x264-hallowed', 'movie', 1, NULL);
INSERT OR IGNORE INTO custom_format_tests (custom_format_name, title, type, should_match, description) VALUES ('1080p Compact Movie WEB Tier 2', 'Gladiator.2000.Extended.Cut.UHD.BluRay.2160p.DDP.7.1.DV.HDR.x265-hallowed', 'movie', 1, NULL);
INSERT OR IGNORE INTO custom_format_tests (custom_format_name, title, type, should_match, description) VALUES ('1080p Compact Movie WEB Tier 2', 'Yi Yi 2000 BluRay 720p DD 2 0 x264-BHDStudio', 'movie', 1, NULL);
INSERT OR IGNORE INTO custom_format_tests (custom_format_name, title, type, should_match, description) VALUES ('1080p Compact Movie WEB Tier 2', 'Winnie the Pooh - Blood and Honey (2023) 2160p UHD BluRay x265 DV HDR DD 5.1 English-BHDStudio', 'movie', 1, NULL);
INSERT OR REPLACE INTO custom_formats (name, description, include_in_rename) VALUES ('1080p Compact Movie WEB Tier 3', 'Matches release groups who fall under 1080p Compact Movie WEB Tier 3', 0);
INSERT OR IGNORE INTO custom_format_tags (custom_format_name, tag_name) VALUES ('1080p Compact Movie WEB Tier 3', 'Release Group Tier');
INSERT OR IGNORE INTO custom_format_tags (custom_format_name, tag_name) VALUES ('1080p Compact Movie WEB Tier 3', '1080p');
INSERT OR IGNORE INTO custom_format_tags (custom_format_name, tag_name) VALUES ('1080p Compact Movie WEB Tier 3', 'Compact');
INSERT OR IGNORE INTO custom_format_tags (custom_format_name, tag_name) VALUES ('1080p Compact Movie WEB Tier 3', 'Movie');
INSERT OR REPLACE INTO custom_format_conditions (custom_format_name, name, type, arr_type, negate, required) VALUES ('1080p Compact Movie WEB Tier 3', '1080p', 'resolution', 'all', 0, 1);
INSERT OR REPLACE INTO condition_resolutions (custom_format_name, condition_name, resolution) VALUES ('1080p Compact Movie WEB Tier 3', '1080p', '1080p');
INSERT OR REPLACE INTO custom_format_conditions (custom_format_name, name, type, arr_type, negate, required) VALUES ('1080p Compact Movie WEB Tier 3', 'x265', 'release_title', 'all', 0, 1);
INSERT OR REPLACE INTO condition_patterns (custom_format_name, condition_name, regular_expression_name) VALUES ('1080p Compact Movie WEB Tier 3', 'x265', 'x265 (Efficient)');
INSERT OR REPLACE INTO custom_format_conditions (custom_format_name, name, type, arr_type, negate, required) VALUES ('1080p Compact Movie WEB Tier 3', 'WEB-DL', 'source', 'all', 0, 0);
INSERT OR REPLACE INTO condition_sources (custom_format_name, condition_name, source) VALUES ('1080p Compact Movie WEB Tier 3', 'WEB-DL', 'web_dl');
INSERT OR REPLACE INTO custom_format_conditions (custom_format_name, name, type, arr_type, negate, required) VALUES ('1080p Compact Movie WEB Tier 3', 'WEBRip', 'source', 'all', 0, 0);
INSERT OR REPLACE INTO condition_sources (custom_format_name, condition_name, source) VALUES ('1080p Compact Movie WEB Tier 3', 'WEBRip', 'webrip');
INSERT OR REPLACE INTO custom_format_conditions (custom_format_name, name, type, arr_type, negate, required) VALUES ('1080p Compact Movie WEB Tier 3', 'edge2020', 'release_group', 'all', 0, 0);
INSERT OR REPLACE INTO condition_patterns (custom_format_name, condition_name, regular_expression_name) VALUES ('1080p Compact Movie WEB Tier 3', 'edge2020', 'edge2020');
INSERT OR REPLACE INTO custom_format_conditions (custom_format_name, name, type, arr_type, negate, required) VALUES ('1080p Compact Movie WEB Tier 3', 'R1GY3B', 'release_group', 'all', 0, 0);
INSERT OR REPLACE INTO condition_patterns (custom_format_name, condition_name, regular_expression_name) VALUES ('1080p Compact Movie WEB Tier 3', 'R1GY3B', 'R1GY3B');
INSERT OR REPLACE INTO custom_format_conditions (custom_format_name, name, type, arr_type, negate, required) VALUES ('1080p Compact Movie WEB Tier 3', 'ToNaTo', 'release_group', 'all', 0, 0);
INSERT OR REPLACE INTO condition_patterns (custom_format_name, condition_name, regular_expression_name) VALUES ('1080p Compact Movie WEB Tier 3', 'ToNaTo', 'ToNaTo');
INSERT OR REPLACE INTO custom_format_conditions (custom_format_name, name, type, arr_type, negate, required) VALUES ('1080p Compact Movie WEB Tier 3', 'Vyndros', 'release_group', 'all', 0, 0);
INSERT OR REPLACE INTO condition_patterns (custom_format_name, condition_name, regular_expression_name) VALUES ('1080p Compact Movie WEB Tier 3', 'Vyndros', 'Vyndros');
INSERT OR IGNORE INTO custom_format_tests (custom_format_name, title, type, should_match, description) VALUES ('1080p Compact Movie WEB Tier 3', 'Contact.1997.BluRay.1080p.DDP.5.1.x264-hallowed', 'movie', 1, NULL);
INSERT OR IGNORE INTO custom_format_tests (custom_format_name, title, type, should_match, description) VALUES ('1080p Compact Movie WEB Tier 3', 'Gladiator.2000.Extended.Cut.UHD.BluRay.2160p.DDP.7.1.DV.HDR.x265-hallowed', 'movie', 1, NULL);
INSERT OR IGNORE INTO custom_format_tests (custom_format_name, title, type, should_match, description) VALUES ('1080p Compact Movie WEB Tier 3', 'Yi Yi 2000 BluRay 720p DD 2 0 x264-BHDStudio', 'movie', 1, NULL);
INSERT OR IGNORE INTO custom_format_tests (custom_format_name, title, type, should_match, description) VALUES ('1080p Compact Movie WEB Tier 3', 'Winnie the Pooh - Blood and Honey (2023) 2160p UHD BluRay x265 DV HDR DD 5.1 English-BHDStudio', 'movie', 1, NULL);
INSERT OR REPLACE INTO custom_formats (name, description, include_in_rename) VALUES ('1080p Compact Movie WEB Tier 4', 'Matches release groups who fall under 1080p Compact Movie WEB Tier 4', 0);
INSERT OR IGNORE INTO custom_format_tags (custom_format_name, tag_name) VALUES ('1080p Compact Movie WEB Tier 4', 'Release Group Tier');
INSERT OR IGNORE INTO custom_format_tags (custom_format_name, tag_name) VALUES ('1080p Compact Movie WEB Tier 4', '1080p');
INSERT OR IGNORE INTO custom_format_tags (custom_format_name, tag_name) VALUES ('1080p Compact Movie WEB Tier 4', 'Compact');
INSERT OR IGNORE INTO custom_format_tags (custom_format_name, tag_name) VALUES ('1080p Compact Movie WEB Tier 4', 'Movie');
INSERT OR REPLACE INTO custom_format_conditions (custom_format_name, name, type, arr_type, negate, required) VALUES ('1080p Compact Movie WEB Tier 4', '1080p', 'resolution', 'all', 0, 1);
INSERT OR REPLACE INTO condition_resolutions (custom_format_name, condition_name, resolution) VALUES ('1080p Compact Movie WEB Tier 4', '1080p', '1080p');
INSERT OR REPLACE INTO custom_format_conditions (custom_format_name, name, type, arr_type, negate, required) VALUES ('1080p Compact Movie WEB Tier 4', 'x265', 'release_title', 'all', 0, 1);
INSERT OR REPLACE INTO condition_patterns (custom_format_name, condition_name, regular_expression_name) VALUES ('1080p Compact Movie WEB Tier 4', 'x265', 'x265 (Efficient)');
INSERT OR REPLACE INTO custom_format_conditions (custom_format_name, name, type, arr_type, negate, required) VALUES ('1080p Compact Movie WEB Tier 4', 'WEB-DL', 'source', 'all', 0, 0);
INSERT OR REPLACE INTO condition_sources (custom_format_name, condition_name, source) VALUES ('1080p Compact Movie WEB Tier 4', 'WEB-DL', 'web_dl');
INSERT OR REPLACE INTO custom_format_conditions (custom_format_name, name, type, arr_type, negate, required) VALUES ('1080p Compact Movie WEB Tier 4', 'WEBRip', 'source', 'all', 0, 0);
INSERT OR REPLACE INTO condition_sources (custom_format_name, condition_name, source) VALUES ('1080p Compact Movie WEB Tier 4', 'WEBRip', 'webrip');
INSERT OR REPLACE INTO custom_format_conditions (custom_format_name, name, type, arr_type, negate, required) VALUES ('1080p Compact Movie WEB Tier 4', 'noxxus', 'release_group', 'all', 0, 0);
INSERT OR REPLACE INTO condition_patterns (custom_format_name, condition_name, regular_expression_name) VALUES ('1080p Compact Movie WEB Tier 4', 'noxxus', 'noxxus');
INSERT OR REPLACE INTO custom_format_conditions (custom_format_name, name, type, arr_type, negate, required) VALUES ('1080p Compact Movie WEB Tier 4', 'SARTRE', 'release_group', 'all', 0, 0);
INSERT OR REPLACE INTO condition_patterns (custom_format_name, condition_name, regular_expression_name) VALUES ('1080p Compact Movie WEB Tier 4', 'SARTRE', 'SARTRE');
INSERT OR REPLACE INTO custom_format_conditions (custom_format_name, name, type, arr_type, negate, required) VALUES ('1080p Compact Movie WEB Tier 4', 'Ralphy', 'release_group', 'all', 0, 0);
INSERT OR REPLACE INTO condition_patterns (custom_format_name, condition_name, regular_expression_name) VALUES ('1080p Compact Movie WEB Tier 4', 'Ralphy', 'Ralphy');
INSERT OR REPLACE INTO custom_format_conditions (custom_format_name, name, type, arr_type, negate, required) VALUES ('1080p Compact Movie WEB Tier 4', 'YELLO', 'release_group', 'all', 0, 0);
INSERT OR REPLACE INTO condition_patterns (custom_format_name, condition_name, regular_expression_name) VALUES ('1080p Compact Movie WEB Tier 4', 'YELLO', 'YELLO');
INSERT OR IGNORE INTO custom_format_tests (custom_format_name, title, type, should_match, description) VALUES ('1080p Compact Movie WEB Tier 4', 'Contact.1997.BluRay.1080p.DDP.5.1.x264-hallowed', 'movie', 1, NULL);
INSERT OR IGNORE INTO custom_format_tests (custom_format_name, title, type, should_match, description) VALUES ('1080p Compact Movie WEB Tier 4', 'Gladiator.2000.Extended.Cut.UHD.BluRay.2160p.DDP.7.1.DV.HDR.x265-hallowed', 'movie', 1, NULL);
INSERT OR IGNORE INTO custom_format_tests (custom_format_name, title, type, should_match, description) VALUES ('1080p Compact Movie WEB Tier 4', 'Yi Yi 2000 BluRay 720p DD 2 0 x264-BHDStudio', 'movie', 1, NULL);
INSERT OR IGNORE INTO custom_format_tests (custom_format_name, title, type, should_match, description) VALUES ('1080p Compact Movie WEB Tier 4', 'Winnie the Pooh - Blood and Honey (2023) 2160p UHD BluRay x265 DV HDR DD 5.1 English-BHDStudio', 'movie', 1, NULL);
INSERT OR REPLACE INTO custom_formats (name, description, include_in_rename) VALUES ('1080p Compact TV Bluray Tier 1', 'Matches release groups who fall under 1080p Compact TV Bluray Tier 1', 0);
INSERT OR IGNORE INTO custom_format_tags (custom_format_name, tag_name) VALUES ('1080p Compact TV Bluray Tier 1', 'Release Group Tier');
INSERT OR IGNORE INTO custom_format_tags (custom_format_name, tag_name) VALUES ('1080p Compact TV Bluray Tier 1', '1080p');
INSERT OR IGNORE INTO custom_format_tags (custom_format_name, tag_name) VALUES ('1080p Compact TV Bluray Tier 1', 'Compact');
INSERT OR IGNORE INTO custom_format_tags (custom_format_name, tag_name) VALUES ('1080p Compact TV Bluray Tier 1', 'TV');
INSERT OR REPLACE INTO custom_format_conditions (custom_format_name, name, type, arr_type, negate, required) VALUES ('1080p Compact TV Bluray Tier 1', '1080p', 'resolution', 'all', 0, 1);
INSERT OR REPLACE INTO condition_resolutions (custom_format_name, condition_name, resolution) VALUES ('1080p Compact TV Bluray Tier 1', '1080p', '1080p');
INSERT OR REPLACE INTO custom_format_conditions (custom_format_name, name, type, arr_type, negate, required) VALUES ('1080p Compact TV Bluray Tier 1', 'Bluray', 'source', 'all', 0, 1);
INSERT OR REPLACE INTO condition_sources (custom_format_name, condition_name, source) VALUES ('1080p Compact TV Bluray Tier 1', 'Bluray', 'bluray');
INSERT OR REPLACE INTO custom_format_conditions (custom_format_name, name, type, arr_type, negate, required) VALUES ('1080p Compact TV Bluray Tier 1', 'x265', 'release_title', 'all', 0, 1);
INSERT OR REPLACE INTO condition_patterns (custom_format_name, condition_name, regular_expression_name) VALUES ('1080p Compact TV Bluray Tier 1', 'x265', 'x265 (Efficient)');
INSERT OR REPLACE INTO custom_format_conditions (custom_format_name, name, type, arr_type, negate, required) VALUES ('1080p Compact TV Bluray Tier 1', 'iVy', 'release_group', 'all', 0, 0);
INSERT OR REPLACE INTO condition_patterns (custom_format_name, condition_name, regular_expression_name) VALUES ('1080p Compact TV Bluray Tier 1', 'iVy', 'iVy');
INSERT OR REPLACE INTO custom_format_conditions (custom_format_name, name, type, arr_type, negate, required) VALUES ('1080p Compact TV Bluray Tier 1', 'KONTRAST', 'release_group', 'all', 0, 0);
INSERT OR REPLACE INTO condition_patterns (custom_format_name, condition_name, regular_expression_name) VALUES ('1080p Compact TV Bluray Tier 1', 'KONTRAST', 'KONTRAST');
INSERT OR REPLACE INTO custom_format_conditions (custom_format_name, name, type, arr_type, negate, required) VALUES ('1080p Compact TV Bluray Tier 1', 'PHOCiS', 'release_group', 'all', 0, 0);
INSERT OR REPLACE INTO condition_patterns (custom_format_name, condition_name, regular_expression_name) VALUES ('1080p Compact TV Bluray Tier 1', 'PHOCiS', 'PHOCiS');
INSERT OR REPLACE INTO custom_format_conditions (custom_format_name, name, type, arr_type, negate, required) VALUES ('1080p Compact TV Bluray Tier 1', 'YAWNiX', 'release_group', 'all', 0, 0);
INSERT OR REPLACE INTO condition_patterns (custom_format_name, condition_name, regular_expression_name) VALUES ('1080p Compact TV Bluray Tier 1', 'YAWNiX', 'YAWNiX');
INSERT OR IGNORE INTO custom_format_tests (custom_format_name, title, type, should_match, description) VALUES ('1080p Compact TV Bluray Tier 1', 'Contact.1997.BluRay.1080p.DDP.5.1.x264-hallowed', 'movie', 1, NULL);
INSERT OR IGNORE INTO custom_format_tests (custom_format_name, title, type, should_match, description) VALUES ('1080p Compact TV Bluray Tier 1', 'Gladiator.2000.Extended.Cut.UHD.BluRay.2160p.DDP.7.1.DV.HDR.x265-hallowed', 'movie', 1, NULL);
INSERT OR IGNORE INTO custom_format_tests (custom_format_name, title, type, should_match, description) VALUES ('1080p Compact TV Bluray Tier 1', 'Yi Yi 2000 BluRay 720p DD 2 0 x264-BHDStudio', 'movie', 1, NULL);
INSERT OR IGNORE INTO custom_format_tests (custom_format_name, title, type, should_match, description) VALUES ('1080p Compact TV Bluray Tier 1', 'Winnie the Pooh - Blood and Honey (2023) 2160p UHD BluRay x265 DV HDR DD 5.1 English-BHDStudio', 'movie', 1, NULL);
INSERT OR REPLACE INTO custom_formats (name, description, include_in_rename) VALUES ('1080p Compact TV Bluray Tier 2', 'Matches release groups who fall under 11080p Compact TV Bluray Tier 2', 0);
INSERT OR IGNORE INTO custom_format_tags (custom_format_name, tag_name) VALUES ('1080p Compact TV Bluray Tier 2', 'Release Group Tier');
INSERT OR IGNORE INTO custom_format_tags (custom_format_name, tag_name) VALUES ('1080p Compact TV Bluray Tier 2', '1080p');
INSERT OR IGNORE INTO custom_format_tags (custom_format_name, tag_name) VALUES ('1080p Compact TV Bluray Tier 2', 'Compact');
INSERT OR IGNORE INTO custom_format_tags (custom_format_name, tag_name) VALUES ('1080p Compact TV Bluray Tier 2', 'TV');
INSERT OR REPLACE INTO custom_format_conditions (custom_format_name, name, type, arr_type, negate, required) VALUES ('1080p Compact TV Bluray Tier 2', '1080p', 'resolution', 'all', 0, 1);
INSERT OR REPLACE INTO condition_resolutions (custom_format_name, condition_name, resolution) VALUES ('1080p Compact TV Bluray Tier 2', '1080p', '1080p');
INSERT OR REPLACE INTO custom_format_conditions (custom_format_name, name, type, arr_type, negate, required) VALUES ('1080p Compact TV Bluray Tier 2', 'Bluray', 'source', 'all', 0, 1);
INSERT OR REPLACE INTO condition_sources (custom_format_name, condition_name, source) VALUES ('1080p Compact TV Bluray Tier 2', 'Bluray', 'bluray');
INSERT OR REPLACE INTO custom_format_conditions (custom_format_name, name, type, arr_type, negate, required) VALUES ('1080p Compact TV Bluray Tier 2', 'x265', 'release_title', 'all', 0, 1);
INSERT OR REPLACE INTO condition_patterns (custom_format_name, condition_name, regular_expression_name) VALUES ('1080p Compact TV Bluray Tier 2', 'x265', 'x265 (Efficient)');
INSERT OR REPLACE INTO custom_format_conditions (custom_format_name, name, type, arr_type, negate, required) VALUES ('1080p Compact TV Bluray Tier 2', 'Vyndros', 'release_group', 'all', 0, 0);
INSERT OR REPLACE INTO condition_patterns (custom_format_name, condition_name, regular_expression_name) VALUES ('1080p Compact TV Bluray Tier 2', 'Vyndros', 'Vyndros');
INSERT OR IGNORE INTO custom_format_tests (custom_format_name, title, type, should_match, description) VALUES ('1080p Compact TV Bluray Tier 2', 'Contact.1997.BluRay.1080p.DDP.5.1.x264-hallowed', 'movie', 1, NULL);
INSERT OR IGNORE INTO custom_format_tests (custom_format_name, title, type, should_match, description) VALUES ('1080p Compact TV Bluray Tier 2', 'Gladiator.2000.Extended.Cut.UHD.BluRay.2160p.DDP.7.1.DV.HDR.x265-hallowed', 'movie', 1, NULL);
INSERT OR IGNORE INTO custom_format_tests (custom_format_name, title, type, should_match, description) VALUES ('1080p Compact TV Bluray Tier 2', 'Yi Yi 2000 BluRay 720p DD 2 0 x264-BHDStudio', 'movie', 1, NULL);
INSERT OR IGNORE INTO custom_format_tests (custom_format_name, title, type, should_match, description) VALUES ('1080p Compact TV Bluray Tier 2', 'Winnie the Pooh - Blood and Honey (2023) 2160p UHD BluRay x265 DV HDR DD 5.1 English-BHDStudio', 'movie', 1, NULL);
INSERT OR REPLACE INTO custom_formats (name, description, include_in_rename) VALUES ('1080p Compact TV Bluray Tier 3', 'Matches release groups who fall under 1080p Compact TV Bluray Tier 3', 0);
INSERT OR IGNORE INTO custom_format_tags (custom_format_name, tag_name) VALUES ('1080p Compact TV Bluray Tier 3', 'Release Group Tier');
INSERT OR IGNORE INTO custom_format_tags (custom_format_name, tag_name) VALUES ('1080p Compact TV Bluray Tier 3', '1080p');
INSERT OR IGNORE INTO custom_format_tags (custom_format_name, tag_name) VALUES ('1080p Compact TV Bluray Tier 3', 'Compact');
INSERT OR IGNORE INTO custom_format_tags (custom_format_name, tag_name) VALUES ('1080p Compact TV Bluray Tier 3', 'TV');
INSERT OR REPLACE INTO custom_format_conditions (custom_format_name, name, type, arr_type, negate, required) VALUES ('1080p Compact TV Bluray Tier 3', '1080p', 'resolution', 'all', 0, 1);
INSERT OR REPLACE INTO condition_resolutions (custom_format_name, condition_name, resolution) VALUES ('1080p Compact TV Bluray Tier 3', '1080p', '1080p');
INSERT OR REPLACE INTO custom_format_conditions (custom_format_name, name, type, arr_type, negate, required) VALUES ('1080p Compact TV Bluray Tier 3', 'Bluray', 'source', 'all', 0, 1);
INSERT OR REPLACE INTO condition_sources (custom_format_name, condition_name, source) VALUES ('1080p Compact TV Bluray Tier 3', 'Bluray', 'bluray');
INSERT OR REPLACE INTO custom_format_conditions (custom_format_name, name, type, arr_type, negate, required) VALUES ('1080p Compact TV Bluray Tier 3', 'x265', 'release_title', 'all', 0, 1);
INSERT OR REPLACE INTO condition_patterns (custom_format_name, condition_name, regular_expression_name) VALUES ('1080p Compact TV Bluray Tier 3', 'x265', 'x265 (Efficient)');
INSERT OR REPLACE INTO custom_format_conditions (custom_format_name, name, type, arr_type, negate, required) VALUES ('1080p Compact TV Bluray Tier 3', 'bluegreeen', 'release_group', 'all', 0, 0);
INSERT OR REPLACE INTO condition_patterns (custom_format_name, condition_name, regular_expression_name) VALUES ('1080p Compact TV Bluray Tier 3', 'bluegreeen', 'bluegreeen');
INSERT OR REPLACE INTO custom_format_conditions (custom_format_name, name, type, arr_type, negate, required) VALUES ('1080p Compact TV Bluray Tier 3', 'cXcY', 'release_group', 'all', 0, 0);
INSERT OR REPLACE INTO condition_patterns (custom_format_name, condition_name, regular_expression_name) VALUES ('1080p Compact TV Bluray Tier 3', 'cXcY', 'cXcY');
INSERT OR REPLACE INTO custom_format_conditions (custom_format_name, name, type, arr_type, negate, required) VALUES ('1080p Compact TV Bluray Tier 3', 'edge2020', 'release_group', 'all', 0, 0);
INSERT OR REPLACE INTO condition_patterns (custom_format_name, condition_name, regular_expression_name) VALUES ('1080p Compact TV Bluray Tier 3', 'edge2020', 'edge2020');
INSERT OR REPLACE INTO custom_format_conditions (custom_format_name, name, type, arr_type, negate, required) VALUES ('1080p Compact TV Bluray Tier 3', 'R1GY3B', 'release_group', 'all', 0, 0);
INSERT OR REPLACE INTO condition_patterns (custom_format_name, condition_name, regular_expression_name) VALUES ('1080p Compact TV Bluray Tier 3', 'R1GY3B', 'R1GY3B');
INSERT OR REPLACE INTO custom_format_conditions (custom_format_name, name, type, arr_type, negate, required) VALUES ('1080p Compact TV Bluray Tier 3', 'Ralphy', 'release_group', 'all', 0, 0);
INSERT OR REPLACE INTO condition_patterns (custom_format_name, condition_name, regular_expression_name) VALUES ('1080p Compact TV Bluray Tier 3', 'Ralphy', 'Ralphy');
INSERT OR REPLACE INTO custom_format_conditions (custom_format_name, name, type, arr_type, negate, required) VALUES ('1080p Compact TV Bluray Tier 3', 'TimeDistortion', 'release_group', 'all', 0, 0);
INSERT OR REPLACE INTO condition_patterns (custom_format_name, condition_name, regular_expression_name) VALUES ('1080p Compact TV Bluray Tier 3', 'TimeDistortion', 'TimeDistortion');
INSERT OR REPLACE INTO custom_format_conditions (custom_format_name, name, type, arr_type, negate, required) VALUES ('1080p Compact TV Bluray Tier 3', 'ToNaTo', 'release_group', 'all', 0, 0);
INSERT OR REPLACE INTO condition_patterns (custom_format_name, condition_name, regular_expression_name) VALUES ('1080p Compact TV Bluray Tier 3', 'ToNaTo', 'ToNaTo');
INSERT OR REPLACE INTO custom_format_conditions (custom_format_name, name, type, arr_type, negate, required) VALUES ('1080p Compact TV Bluray Tier 3', 'YELLO', 'release_group', 'all', 0, 0);
INSERT OR REPLACE INTO condition_patterns (custom_format_name, condition_name, regular_expression_name) VALUES ('1080p Compact TV Bluray Tier 3', 'YELLO', 'YELLO');
INSERT OR IGNORE INTO custom_format_tests (custom_format_name, title, type, should_match, description) VALUES ('1080p Compact TV Bluray Tier 3', 'Contact.1997.BluRay.1080p.DDP.5.1.x264-hallowed', 'movie', 1, NULL);
INSERT OR IGNORE INTO custom_format_tests (custom_format_name, title, type, should_match, description) VALUES ('1080p Compact TV Bluray Tier 3', 'Gladiator.2000.Extended.Cut.UHD.BluRay.2160p.DDP.7.1.DV.HDR.x265-hallowed', 'movie', 1, NULL);
INSERT OR IGNORE INTO custom_format_tests (custom_format_name, title, type, should_match, description) VALUES ('1080p Compact TV Bluray Tier 3', 'Yi Yi 2000 BluRay 720p DD 2 0 x264-BHDStudio', 'movie', 1, NULL);
INSERT OR IGNORE INTO custom_format_tests (custom_format_name, title, type, should_match, description) VALUES ('1080p Compact TV Bluray Tier 3', 'Winnie the Pooh - Blood and Honey (2023) 2160p UHD BluRay x265 DV HDR DD 5.1 English-BHDStudio', 'movie', 1, NULL);
INSERT OR REPLACE INTO custom_formats (name, description, include_in_rename) VALUES ('1080p Compact TV Bluray Tier 4', 'Matches release groups who fall under 1080p Compact TV Bluray Tier 4', 0);
INSERT OR IGNORE INTO custom_format_tags (custom_format_name, tag_name) VALUES ('1080p Compact TV Bluray Tier 4', 'Release Group Tier');
INSERT OR IGNORE INTO custom_format_tags (custom_format_name, tag_name) VALUES ('1080p Compact TV Bluray Tier 4', '1080p');
INSERT OR IGNORE INTO custom_format_tags (custom_format_name, tag_name) VALUES ('1080p Compact TV Bluray Tier 4', 'Compact');
INSERT OR IGNORE INTO custom_format_tags (custom_format_name, tag_name) VALUES ('1080p Compact TV Bluray Tier 4', 'TV');
INSERT OR REPLACE INTO custom_format_conditions (custom_format_name, name, type, arr_type, negate, required) VALUES ('1080p Compact TV Bluray Tier 4', '1080p', 'resolution', 'all', 0, 1);
INSERT OR REPLACE INTO condition_resolutions (custom_format_name, condition_name, resolution) VALUES ('1080p Compact TV Bluray Tier 4', '1080p', '1080p');
INSERT OR REPLACE INTO custom_format_conditions (custom_format_name, name, type, arr_type, negate, required) VALUES ('1080p Compact TV Bluray Tier 4', 'Bluray', 'source', 'all', 0, 1);
INSERT OR REPLACE INTO condition_sources (custom_format_name, condition_name, source) VALUES ('1080p Compact TV Bluray Tier 4', 'Bluray', 'bluray');
INSERT OR REPLACE INTO custom_format_conditions (custom_format_name, name, type, arr_type, negate, required) VALUES ('1080p Compact TV Bluray Tier 4', 'x265', 'release_title', 'all', 0, 1);
INSERT OR REPLACE INTO condition_patterns (custom_format_name, condition_name, regular_expression_name) VALUES ('1080p Compact TV Bluray Tier 4', 'x265', 'x265 (Efficient)');
INSERT OR REPLACE INTO custom_format_conditions (custom_format_name, name, type, arr_type, negate, required) VALUES ('1080p Compact TV Bluray Tier 4', 'LSt', 'release_group', 'all', 0, 0);
INSERT OR REPLACE INTO condition_patterns (custom_format_name, condition_name, regular_expression_name) VALUES ('1080p Compact TV Bluray Tier 4', 'LSt', 'LSt');
INSERT OR IGNORE INTO custom_format_tests (custom_format_name, title, type, should_match, description) VALUES ('1080p Compact TV Bluray Tier 4', 'Contact.1997.BluRay.1080p.DDP.5.1.x264-hallowed', 'movie', 1, NULL);
INSERT OR IGNORE INTO custom_format_tests (custom_format_name, title, type, should_match, description) VALUES ('1080p Compact TV Bluray Tier 4', 'Gladiator.2000.Extended.Cut.UHD.BluRay.2160p.DDP.7.1.DV.HDR.x265-hallowed', 'movie', 1, NULL);
INSERT OR IGNORE INTO custom_format_tests (custom_format_name, title, type, should_match, description) VALUES ('1080p Compact TV Bluray Tier 4', 'Yi Yi 2000 BluRay 720p DD 2 0 x264-BHDStudio', 'movie', 1, NULL);
INSERT OR IGNORE INTO custom_format_tests (custom_format_name, title, type, should_match, description) VALUES ('1080p Compact TV Bluray Tier 4', 'Winnie the Pooh - Blood and Honey (2023) 2160p UHD BluRay x265 DV HDR DD 5.1 English-BHDStudio', 'movie', 1, NULL);
INSERT OR REPLACE INTO custom_formats (name, description, include_in_rename) VALUES ('1080p Compact TV Bluray Tier 5', 'Matches release groups who fall under 1080p Compact TV Bluray Tier 5', 0);
INSERT OR IGNORE INTO custom_format_tags (custom_format_name, tag_name) VALUES ('1080p Compact TV Bluray Tier 5', 'Release Group Tier');
INSERT OR IGNORE INTO custom_format_tags (custom_format_name, tag_name) VALUES ('1080p Compact TV Bluray Tier 5', '1080p');
INSERT OR IGNORE INTO custom_format_tags (custom_format_name, tag_name) VALUES ('1080p Compact TV Bluray Tier 5', 'Compact');
INSERT OR IGNORE INTO custom_format_tags (custom_format_name, tag_name) VALUES ('1080p Compact TV Bluray Tier 5', 'TV');
INSERT OR REPLACE INTO custom_format_conditions (custom_format_name, name, type, arr_type, negate, required) VALUES ('1080p Compact TV Bluray Tier 5', '1080p', 'resolution', 'all', 0, 1);
INSERT OR REPLACE INTO condition_resolutions (custom_format_name, condition_name, resolution) VALUES ('1080p Compact TV Bluray Tier 5', '1080p', '1080p');
INSERT OR REPLACE INTO custom_format_conditions (custom_format_name, name, type, arr_type, negate, required) VALUES ('1080p Compact TV Bluray Tier 5', 'Bluray', 'source', 'all', 0, 1);
INSERT OR REPLACE INTO condition_sources (custom_format_name, condition_name, source) VALUES ('1080p Compact TV Bluray Tier 5', 'Bluray', 'bluray');
INSERT OR REPLACE INTO custom_format_conditions (custom_format_name, name, type, arr_type, negate, required) VALUES ('1080p Compact TV Bluray Tier 5', 'x265', 'release_title', 'all', 0, 1);
INSERT OR REPLACE INTO condition_patterns (custom_format_name, condition_name, regular_expression_name) VALUES ('1080p Compact TV Bluray Tier 5', 'x265', 'x265 (Efficient)');
INSERT OR REPLACE INTO custom_format_conditions (custom_format_name, name, type, arr_type, negate, required) VALUES ('1080p Compact TV Bluray Tier 5', 'Not HONE', 'release_title', 'all', 1, 1);
INSERT OR REPLACE INTO condition_patterns (custom_format_name, condition_name, regular_expression_name) VALUES ('1080p Compact TV Bluray Tier 5', 'Not HONE', 'HONE');
INSERT OR REPLACE INTO custom_format_conditions (custom_format_name, name, type, arr_type, negate, required) VALUES ('1080p Compact TV Bluray Tier 5', 'DarQ', 'release_group', 'all', 0, 0);
INSERT OR REPLACE INTO condition_patterns (custom_format_name, condition_name, regular_expression_name) VALUES ('1080p Compact TV Bluray Tier 5', 'DarQ', 'DarQ');
INSERT OR REPLACE INTO custom_format_conditions (custom_format_name, name, type, arr_type, negate, required) VALUES ('1080p Compact TV Bluray Tier 5', 'dkore', 'release_group', 'all', 0, 0);
INSERT OR REPLACE INTO condition_patterns (custom_format_name, condition_name, regular_expression_name) VALUES ('1080p Compact TV Bluray Tier 5', 'dkore', 'dkore');
INSERT OR REPLACE INTO custom_format_conditions (custom_format_name, name, type, arr_type, negate, required) VALUES ('1080p Compact TV Bluray Tier 5', 'GRiMM', 'release_group', 'all', 0, 0);
INSERT OR REPLACE INTO condition_patterns (custom_format_name, condition_name, regular_expression_name) VALUES ('1080p Compact TV Bluray Tier 5', 'GRiMM', 'GRiMM');
INSERT OR REPLACE INTO custom_format_conditions (custom_format_name, name, type, arr_type, negate, required) VALUES ('1080p Compact TV Bluray Tier 5', 'MNHD', 'release_group', 'all', 0, 0);
INSERT OR REPLACE INTO condition_patterns (custom_format_name, condition_name, regular_expression_name) VALUES ('1080p Compact TV Bluray Tier 5', 'MNHD', 'MNHD');
INSERT OR IGNORE INTO custom_format_tests (custom_format_name, title, type, should_match, description) VALUES ('1080p Compact TV Bluray Tier 5', 'Contact.1997.BluRay.1080p.DDP.5.1.x264-hallowed', 'movie', 1, NULL);
INSERT OR IGNORE INTO custom_format_tests (custom_format_name, title, type, should_match, description) VALUES ('1080p Compact TV Bluray Tier 5', 'Gladiator.2000.Extended.Cut.UHD.BluRay.2160p.DDP.7.1.DV.HDR.x265-hallowed', 'movie', 1, NULL);
INSERT OR IGNORE INTO custom_format_tests (custom_format_name, title, type, should_match, description) VALUES ('1080p Compact TV Bluray Tier 5', 'Yi Yi 2000 BluRay 720p DD 2 0 x264-BHDStudio', 'movie', 1, NULL);
INSERT OR IGNORE INTO custom_format_tests (custom_format_name, title, type, should_match, description) VALUES ('1080p Compact TV Bluray Tier 5', 'Winnie the Pooh - Blood and Honey (2023) 2160p UHD BluRay x265 DV HDR DD 5.1 English-BHDStudio', 'movie', 1, NULL);
INSERT OR REPLACE INTO custom_formats (name, description, include_in_rename) VALUES ('1080p Compact TV Bluray Tier 6', 'Matches release groups who fall under 1080p Compact TV Bluray Tier 6', 0);
INSERT OR IGNORE INTO custom_format_tags (custom_format_name, tag_name) VALUES ('1080p Compact TV Bluray Tier 6', 'Release Group Tier');
INSERT OR IGNORE INTO custom_format_tags (custom_format_name, tag_name) VALUES ('1080p Compact TV Bluray Tier 6', '1080p');
INSERT OR IGNORE INTO custom_format_tags (custom_format_name, tag_name) VALUES ('1080p Compact TV Bluray Tier 6', 'Compact');
INSERT OR IGNORE INTO custom_format_tags (custom_format_name, tag_name) VALUES ('1080p Compact TV Bluray Tier 6', 'TV');
INSERT OR REPLACE INTO custom_format_conditions (custom_format_name, name, type, arr_type, negate, required) VALUES ('1080p Compact TV Bluray Tier 6', '1080p', 'resolution', 'all', 0, 1);
INSERT OR REPLACE INTO condition_resolutions (custom_format_name, condition_name, resolution) VALUES ('1080p Compact TV Bluray Tier 6', '1080p', '1080p');
INSERT OR REPLACE INTO custom_format_conditions (custom_format_name, name, type, arr_type, negate, required) VALUES ('1080p Compact TV Bluray Tier 6', 'Bluray', 'source', 'all', 0, 1);
INSERT OR REPLACE INTO condition_sources (custom_format_name, condition_name, source) VALUES ('1080p Compact TV Bluray Tier 6', 'Bluray', 'bluray');
INSERT OR REPLACE INTO custom_format_conditions (custom_format_name, name, type, arr_type, negate, required) VALUES ('1080p Compact TV Bluray Tier 6', 'x265', 'release_title', 'all', 0, 1);
INSERT OR REPLACE INTO condition_patterns (custom_format_name, condition_name, regular_expression_name) VALUES ('1080p Compact TV Bluray Tier 6', 'x265', 'x265 (Efficient)');
INSERT OR REPLACE INTO custom_format_conditions (custom_format_name, name, type, arr_type, negate, required) VALUES ('1080p Compact TV Bluray Tier 6', 'NAN0', 'release_group', 'all', 0, 0);
INSERT OR REPLACE INTO condition_patterns (custom_format_name, condition_name, regular_expression_name) VALUES ('1080p Compact TV Bluray Tier 6', 'NAN0', 'NAN0');
INSERT OR REPLACE INTO custom_format_conditions (custom_format_name, name, type, arr_type, negate, required) VALUES ('1080p Compact TV Bluray Tier 6', 'QxR', 'release_group', 'all', 0, 0);
INSERT OR REPLACE INTO condition_patterns (custom_format_name, condition_name, regular_expression_name) VALUES ('1080p Compact TV Bluray Tier 6', 'QxR', 'QxR');
INSERT OR REPLACE INTO custom_format_conditions (custom_format_name, name, type, arr_type, negate, required) VALUES ('1080p Compact TV Bluray Tier 6', 'TAoE', 'release_group', 'all', 0, 0);
INSERT OR REPLACE INTO condition_patterns (custom_format_name, condition_name, regular_expression_name) VALUES ('1080p Compact TV Bluray Tier 6', 'TAoE', 'TAoE');
INSERT OR REPLACE INTO custom_format_conditions (custom_format_name, name, type, arr_type, negate, required) VALUES ('1080p Compact TV Bluray Tier 6', 'Vialle', 'release_group', 'all', 0, 0);
INSERT OR REPLACE INTO condition_patterns (custom_format_name, condition_name, regular_expression_name) VALUES ('1080p Compact TV Bluray Tier 6', 'Vialle', 'Vialle');
INSERT OR IGNORE INTO custom_format_tests (custom_format_name, title, type, should_match, description) VALUES ('1080p Compact TV Bluray Tier 6', 'Contact.1997.BluRay.1080p.DDP.5.1.x264-hallowed', 'movie', 1, NULL);
INSERT OR IGNORE INTO custom_format_tests (custom_format_name, title, type, should_match, description) VALUES ('1080p Compact TV Bluray Tier 6', 'Gladiator.2000.Extended.Cut.UHD.BluRay.2160p.DDP.7.1.DV.HDR.x265-hallowed', 'movie', 1, NULL);
INSERT OR IGNORE INTO custom_format_tests (custom_format_name, title, type, should_match, description) VALUES ('1080p Compact TV Bluray Tier 6', 'Yi Yi 2000 BluRay 720p DD 2 0 x264-BHDStudio', 'movie', 1, NULL);
INSERT OR IGNORE INTO custom_format_tests (custom_format_name, title, type, should_match, description) VALUES ('1080p Compact TV Bluray Tier 6', 'Winnie the Pooh - Blood and Honey (2023) 2160p UHD BluRay x265 DV HDR DD 5.1 English-BHDStudio', 'movie', 1, NULL);
INSERT OR REPLACE INTO custom_formats (name, description, include_in_rename) VALUES ('1080p Compact TV Trash Tier 1', 'Matches release groups who fall under 1080p Compact TV Trash Tier 1', 0);
INSERT OR IGNORE INTO custom_format_tags (custom_format_name, tag_name) VALUES ('1080p Compact TV Trash Tier 1', 'Release Group Tier');
INSERT OR IGNORE INTO custom_format_tags (custom_format_name, tag_name) VALUES ('1080p Compact TV Trash Tier 1', '1080p');
INSERT OR IGNORE INTO custom_format_tags (custom_format_name, tag_name) VALUES ('1080p Compact TV Trash Tier 1', 'Compact');
INSERT OR IGNORE INTO custom_format_tags (custom_format_name, tag_name) VALUES ('1080p Compact TV Trash Tier 1', 'TV');
INSERT OR REPLACE INTO custom_format_conditions (custom_format_name, name, type, arr_type, negate, required) VALUES ('1080p Compact TV Trash Tier 1', '1080p', 'resolution', 'all', 0, 1);
INSERT OR REPLACE INTO condition_resolutions (custom_format_name, condition_name, resolution) VALUES ('1080p Compact TV Trash Tier 1', '1080p', '1080p');
INSERT OR REPLACE INTO custom_format_conditions (custom_format_name, name, type, arr_type, negate, required) VALUES ('1080p Compact TV Trash Tier 1', 'x265', 'release_title', 'all', 0, 1);
INSERT OR REPLACE INTO condition_patterns (custom_format_name, condition_name, regular_expression_name) VALUES ('1080p Compact TV Trash Tier 1', 'x265', 'x265 (Efficient)');
INSERT OR REPLACE INTO custom_format_conditions (custom_format_name, name, type, arr_type, negate, required) VALUES ('1080p Compact TV Trash Tier 1', 'Bluray', 'source', 'all', 0, 1);
INSERT OR REPLACE INTO condition_sources (custom_format_name, condition_name, source) VALUES ('1080p Compact TV Trash Tier 1', 'Bluray', 'bluray');
INSERT OR REPLACE INTO custom_format_conditions (custom_format_name, name, type, arr_type, negate, required) VALUES ('1080p Compact TV Trash Tier 1', 'PSA', 'release_group', 'all', 0, 0);
INSERT OR REPLACE INTO condition_patterns (custom_format_name, condition_name, regular_expression_name) VALUES ('1080p Compact TV Trash Tier 1', 'PSA', 'PSA');
INSERT OR IGNORE INTO custom_format_tests (custom_format_name, title, type, should_match, description) VALUES ('1080p Compact TV Trash Tier 1', 'Contact.1997.BluRay.1080p.DDP.5.1.x264-hallowed', 'movie', 1, NULL);
INSERT OR IGNORE INTO custom_format_tests (custom_format_name, title, type, should_match, description) VALUES ('1080p Compact TV Trash Tier 1', 'Gladiator.2000.Extended.Cut.UHD.BluRay.2160p.DDP.7.1.DV.HDR.x265-hallowed', 'movie', 1, NULL);
INSERT OR IGNORE INTO custom_format_tests (custom_format_name, title, type, should_match, description) VALUES ('1080p Compact TV Trash Tier 1', 'Yi Yi 2000 BluRay 720p DD 2 0 x264-BHDStudio', 'movie', 1, NULL);
INSERT OR IGNORE INTO custom_format_tests (custom_format_name, title, type, should_match, description) VALUES ('1080p Compact TV Trash Tier 1', 'Winnie the Pooh - Blood and Honey (2023) 2160p UHD BluRay x265 DV HDR DD 5.1 English-BHDStudio', 'movie', 1, NULL);
INSERT OR REPLACE INTO custom_formats (name, description, include_in_rename) VALUES ('1080p Compact TV Trash Tier 2', 'Matches release groups who fall under 1080p Compact TV Trash Tier 2', 0);
INSERT OR IGNORE INTO custom_format_tags (custom_format_name, tag_name) VALUES ('1080p Compact TV Trash Tier 2', 'Release Group Tier');
INSERT OR IGNORE INTO custom_format_tags (custom_format_name, tag_name) VALUES ('1080p Compact TV Trash Tier 2', '1080p');
INSERT OR IGNORE INTO custom_format_tags (custom_format_name, tag_name) VALUES ('1080p Compact TV Trash Tier 2', 'Compact');
INSERT OR IGNORE INTO custom_format_tags (custom_format_name, tag_name) VALUES ('1080p Compact TV Trash Tier 2', 'TV');
INSERT OR REPLACE INTO custom_format_conditions (custom_format_name, name, type, arr_type, negate, required) VALUES ('1080p Compact TV Trash Tier 2', '1080p', 'resolution', 'all', 0, 1);
INSERT OR REPLACE INTO condition_resolutions (custom_format_name, condition_name, resolution) VALUES ('1080p Compact TV Trash Tier 2', '1080p', '1080p');
INSERT OR REPLACE INTO custom_format_conditions (custom_format_name, name, type, arr_type, negate, required) VALUES ('1080p Compact TV Trash Tier 2', 'x265', 'release_title', 'all', 0, 1);
INSERT OR REPLACE INTO condition_patterns (custom_format_name, condition_name, regular_expression_name) VALUES ('1080p Compact TV Trash Tier 2', 'x265', 'x265 (Efficient)');
INSERT OR REPLACE INTO custom_format_conditions (custom_format_name, name, type, arr_type, negate, required) VALUES ('1080p Compact TV Trash Tier 2', 'HDTV', 'source', 'all', 0, 0);
INSERT OR REPLACE INTO condition_sources (custom_format_name, condition_name, source) VALUES ('1080p Compact TV Trash Tier 2', 'HDTV', 'television');
INSERT OR REPLACE INTO custom_format_conditions (custom_format_name, name, type, arr_type, negate, required) VALUES ('1080p Compact TV Trash Tier 2', 'WEB-DL', 'source', 'all', 0, 0);
INSERT OR REPLACE INTO condition_sources (custom_format_name, condition_name, source) VALUES ('1080p Compact TV Trash Tier 2', 'WEB-DL', 'web_dl');
INSERT OR REPLACE INTO custom_format_conditions (custom_format_name, name, type, arr_type, negate, required) VALUES ('1080p Compact TV Trash Tier 2', 'WEBRip', 'source', 'all', 0, 0);
INSERT OR REPLACE INTO condition_sources (custom_format_name, condition_name, source) VALUES ('1080p Compact TV Trash Tier 2', 'WEBRip', 'webrip');
INSERT OR REPLACE INTO custom_format_conditions (custom_format_name, name, type, arr_type, negate, required) VALUES ('1080p Compact TV Trash Tier 2', 'ELiTE', 'release_group', 'all', 0, 0);
INSERT OR REPLACE INTO condition_patterns (custom_format_name, condition_name, regular_expression_name) VALUES ('1080p Compact TV Trash Tier 2', 'ELiTE', 'ELiTE');
INSERT OR REPLACE INTO custom_format_conditions (custom_format_name, name, type, arr_type, negate, required) VALUES ('1080p Compact TV Trash Tier 2', 'Megusta', 'release_group', 'all', 0, 0);
INSERT OR REPLACE INTO condition_patterns (custom_format_name, condition_name, regular_expression_name) VALUES ('1080p Compact TV Trash Tier 2', 'Megusta', 'MeGusta');
INSERT OR REPLACE INTO custom_format_conditions (custom_format_name, name, type, arr_type, negate, required) VALUES ('1080p Compact TV Trash Tier 2', 'PSA', 'release_group', 'all', 0, 0);
INSERT OR REPLACE INTO condition_patterns (custom_format_name, condition_name, regular_expression_name) VALUES ('1080p Compact TV Trash Tier 2', 'PSA', 'PSA');
INSERT OR IGNORE INTO custom_format_tests (custom_format_name, title, type, should_match, description) VALUES ('1080p Compact TV Trash Tier 2', 'Contact.1997.BluRay.1080p.DDP.5.1.x264-hallowed', 'movie', 1, NULL);
INSERT OR IGNORE INTO custom_format_tests (custom_format_name, title, type, should_match, description) VALUES ('1080p Compact TV Trash Tier 2', 'Gladiator.2000.Extended.Cut.UHD.BluRay.2160p.DDP.7.1.DV.HDR.x265-hallowed', 'movie', 1, NULL);
INSERT OR IGNORE INTO custom_format_tests (custom_format_name, title, type, should_match, description) VALUES ('1080p Compact TV Trash Tier 2', 'Yi Yi 2000 BluRay 720p DD 2 0 x264-BHDStudio', 'movie', 1, NULL);
INSERT OR IGNORE INTO custom_format_tests (custom_format_name, title, type, should_match, description) VALUES ('1080p Compact TV Trash Tier 2', 'Winnie the Pooh - Blood and Honey (2023) 2160p UHD BluRay x265 DV HDR DD 5.1 English-BHDStudio', 'movie', 1, NULL);
INSERT OR REPLACE INTO custom_formats (name, description, include_in_rename) VALUES ('1080p Compact TV WEB Tier 1', 'Matches release groups who fall under 1080p Compact WEB Tier 1', 0);
INSERT OR IGNORE INTO custom_format_tags (custom_format_name, tag_name) VALUES ('1080p Compact TV WEB Tier 1', 'Release Group Tier');
INSERT OR IGNORE INTO custom_format_tags (custom_format_name, tag_name) VALUES ('1080p Compact TV WEB Tier 1', '1080p');
INSERT OR IGNORE INTO custom_format_tags (custom_format_name, tag_name) VALUES ('1080p Compact TV WEB Tier 1', 'Compact');
INSERT OR IGNORE INTO custom_format_tags (custom_format_name, tag_name) VALUES ('1080p Compact TV WEB Tier 1', 'TV');
INSERT OR REPLACE INTO custom_format_conditions (custom_format_name, name, type, arr_type, negate, required) VALUES ('1080p Compact TV WEB Tier 1', '1080p', 'resolution', 'all', 0, 1);
INSERT OR REPLACE INTO condition_resolutions (custom_format_name, condition_name, resolution) VALUES ('1080p Compact TV WEB Tier 1', '1080p', '1080p');
INSERT OR REPLACE INTO custom_format_conditions (custom_format_name, name, type, arr_type, negate, required) VALUES ('1080p Compact TV WEB Tier 1', 'x265', 'release_title', 'all', 0, 1);
INSERT OR REPLACE INTO condition_patterns (custom_format_name, condition_name, regular_expression_name) VALUES ('1080p Compact TV WEB Tier 1', 'x265', 'x265 (Efficient)');
INSERT OR REPLACE INTO custom_format_conditions (custom_format_name, name, type, arr_type, negate, required) VALUES ('1080p Compact TV WEB Tier 1', 'WEB-DL', 'source', 'all', 0, 0);
INSERT OR REPLACE INTO condition_sources (custom_format_name, condition_name, source) VALUES ('1080p Compact TV WEB Tier 1', 'WEB-DL', 'web_dl');
INSERT OR REPLACE INTO custom_format_conditions (custom_format_name, name, type, arr_type, negate, required) VALUES ('1080p Compact TV WEB Tier 1', 'WEBRip', 'source', 'all', 0, 0);
INSERT OR REPLACE INTO condition_sources (custom_format_name, condition_name, source) VALUES ('1080p Compact TV WEB Tier 1', 'WEBRip', 'webrip');
INSERT OR REPLACE INTO custom_format_conditions (custom_format_name, name, type, arr_type, negate, required) VALUES ('1080p Compact TV WEB Tier 1', 'QxR', 'release_group', 'all', 0, 0);
INSERT OR REPLACE INTO condition_patterns (custom_format_name, condition_name, regular_expression_name) VALUES ('1080p Compact TV WEB Tier 1', 'QxR', 'QxR');
INSERT OR REPLACE INTO custom_format_conditions (custom_format_name, name, type, arr_type, negate, required) VALUES ('1080p Compact TV WEB Tier 1', 'TAoE', 'release_group', 'all', 0, 0);
INSERT OR REPLACE INTO condition_patterns (custom_format_name, condition_name, regular_expression_name) VALUES ('1080p Compact TV WEB Tier 1', 'TAoE', 'TAoE');
INSERT OR REPLACE INTO custom_format_conditions (custom_format_name, name, type, arr_type, negate, required) VALUES ('1080p Compact TV WEB Tier 1', 'Vialle', 'release_group', 'all', 0, 0);
INSERT OR REPLACE INTO condition_patterns (custom_format_name, condition_name, regular_expression_name) VALUES ('1080p Compact TV WEB Tier 1', 'Vialle', 'Vialle');
INSERT OR IGNORE INTO custom_format_tests (custom_format_name, title, type, should_match, description) VALUES ('1080p Compact TV WEB Tier 1', 'Contact.1997.BluRay.1080p.DDP.5.1.x264-hallowed', 'movie', 1, NULL);
INSERT OR IGNORE INTO custom_format_tests (custom_format_name, title, type, should_match, description) VALUES ('1080p Compact TV WEB Tier 1', 'Gladiator.2000.Extended.Cut.UHD.BluRay.2160p.DDP.7.1.DV.HDR.x265-hallowed', 'movie', 1, NULL);
INSERT OR IGNORE INTO custom_format_tests (custom_format_name, title, type, should_match, description) VALUES ('1080p Compact TV WEB Tier 1', 'Yi Yi 2000 BluRay 720p DD 2 0 x264-BHDStudio', 'movie', 1, NULL);
INSERT OR IGNORE INTO custom_format_tests (custom_format_name, title, type, should_match, description) VALUES ('1080p Compact TV WEB Tier 1', 'Winnie the Pooh - Blood and Honey (2023) 2160p UHD BluRay x265 DV HDR DD 5.1 English-BHDStudio', 'movie', 1, NULL);
INSERT OR REPLACE INTO custom_formats (name, description, include_in_rename) VALUES ('1080p Compact TV WEB Tier 2', 'Matches release groups who fall under 1080p Compact TV WEB Tier 2', 0);
INSERT OR IGNORE INTO custom_format_tags (custom_format_name, tag_name) VALUES ('1080p Compact TV WEB Tier 2', 'Release Group Tier');
INSERT OR IGNORE INTO custom_format_tags (custom_format_name, tag_name) VALUES ('1080p Compact TV WEB Tier 2', '1080p');
INSERT OR IGNORE INTO custom_format_tags (custom_format_name, tag_name) VALUES ('1080p Compact TV WEB Tier 2', 'Compact');
INSERT OR IGNORE INTO custom_format_tags (custom_format_name, tag_name) VALUES ('1080p Compact TV WEB Tier 2', 'TV');
INSERT OR REPLACE INTO custom_format_conditions (custom_format_name, name, type, arr_type, negate, required) VALUES ('1080p Compact TV WEB Tier 2', '1080p', 'resolution', 'all', 0, 1);
INSERT OR REPLACE INTO condition_resolutions (custom_format_name, condition_name, resolution) VALUES ('1080p Compact TV WEB Tier 2', '1080p', '1080p');
INSERT OR REPLACE INTO custom_format_conditions (custom_format_name, name, type, arr_type, negate, required) VALUES ('1080p Compact TV WEB Tier 2', 'x265', 'release_title', 'all', 0, 1);
INSERT OR REPLACE INTO condition_patterns (custom_format_name, condition_name, regular_expression_name) VALUES ('1080p Compact TV WEB Tier 2', 'x265', 'x265 (Efficient)');
INSERT OR REPLACE INTO custom_format_conditions (custom_format_name, name, type, arr_type, negate, required) VALUES ('1080p Compact TV WEB Tier 2', 'Not HONE', 'release_title', 'all', 1, 1);
INSERT OR REPLACE INTO condition_patterns (custom_format_name, condition_name, regular_expression_name) VALUES ('1080p Compact TV WEB Tier 2', 'Not HONE', 'HONE');
INSERT OR REPLACE INTO custom_format_conditions (custom_format_name, name, type, arr_type, negate, required) VALUES ('1080p Compact TV WEB Tier 2', 'WEB-DL', 'source', 'all', 0, 0);
INSERT OR REPLACE INTO condition_sources (custom_format_name, condition_name, source) VALUES ('1080p Compact TV WEB Tier 2', 'WEB-DL', 'web_dl');
INSERT OR REPLACE INTO custom_format_conditions (custom_format_name, name, type, arr_type, negate, required) VALUES ('1080p Compact TV WEB Tier 2', 'WEBRip', 'source', 'all', 0, 0);
INSERT OR REPLACE INTO condition_sources (custom_format_name, condition_name, source) VALUES ('1080p Compact TV WEB Tier 2', 'WEBRip', 'webrip');
INSERT OR REPLACE INTO custom_format_conditions (custom_format_name, name, type, arr_type, negate, required) VALUES ('1080p Compact TV WEB Tier 2', 'ARCADE', 'release_group', 'all', 0, 0);
INSERT OR REPLACE INTO condition_patterns (custom_format_name, condition_name, regular_expression_name) VALUES ('1080p Compact TV WEB Tier 2', 'ARCADE', 'ARCADE');
INSERT OR REPLACE INTO custom_format_conditions (custom_format_name, name, type, arr_type, negate, required) VALUES ('1080p Compact TV WEB Tier 2', 'DarQ', 'release_group', 'all', 0, 0);
INSERT OR REPLACE INTO condition_patterns (custom_format_name, condition_name, regular_expression_name) VALUES ('1080p Compact TV WEB Tier 2', 'DarQ', 'DarQ');
INSERT OR REPLACE INTO custom_format_conditions (custom_format_name, name, type, arr_type, negate, required) VALUES ('1080p Compact TV WEB Tier 2', 'LSt', 'release_group', 'all', 0, 0);
INSERT OR REPLACE INTO condition_patterns (custom_format_name, condition_name, regular_expression_name) VALUES ('1080p Compact TV WEB Tier 2', 'LSt', 'LSt');
INSERT OR REPLACE INTO custom_format_conditions (custom_format_name, name, type, arr_type, negate, required) VALUES ('1080p Compact TV WEB Tier 2', 'ToNaTo', 'release_group', 'all', 0, 0);
INSERT OR REPLACE INTO condition_patterns (custom_format_name, condition_name, regular_expression_name) VALUES ('1080p Compact TV WEB Tier 2', 'ToNaTo', 'ToNaTo');
INSERT OR IGNORE INTO custom_format_tests (custom_format_name, title, type, should_match, description) VALUES ('1080p Compact TV WEB Tier 2', 'Contact.1997.BluRay.1080p.DDP.5.1.x264-hallowed', 'movie', 1, NULL);
INSERT OR IGNORE INTO custom_format_tests (custom_format_name, title, type, should_match, description) VALUES ('1080p Compact TV WEB Tier 2', 'Gladiator.2000.Extended.Cut.UHD.BluRay.2160p.DDP.7.1.DV.HDR.x265-hallowed', 'movie', 1, NULL);
INSERT OR IGNORE INTO custom_format_tests (custom_format_name, title, type, should_match, description) VALUES ('1080p Compact TV WEB Tier 2', 'Yi Yi 2000 BluRay 720p DD 2 0 x264-BHDStudio', 'movie', 1, NULL);
INSERT OR IGNORE INTO custom_format_tests (custom_format_name, title, type, should_match, description) VALUES ('1080p Compact TV WEB Tier 2', 'Winnie the Pooh - Blood and Honey (2023) 2160p UHD BluRay x265 DV HDR DD 5.1 English-BHDStudio', 'movie', 1, NULL);
INSERT OR REPLACE INTO custom_formats (name, description, include_in_rename) VALUES ('1080p Compact TV WEB Tier 3', 'Matches release groups who fall under 1080p Compact TV WEB Tier 3', 0);
INSERT OR IGNORE INTO custom_format_tags (custom_format_name, tag_name) VALUES ('1080p Compact TV WEB Tier 3', 'Release Group Tier');
INSERT OR IGNORE INTO custom_format_tags (custom_format_name, tag_name) VALUES ('1080p Compact TV WEB Tier 3', '1080p');
INSERT OR IGNORE INTO custom_format_tags (custom_format_name, tag_name) VALUES ('1080p Compact TV WEB Tier 3', 'Compact');
INSERT OR IGNORE INTO custom_format_tags (custom_format_name, tag_name) VALUES ('1080p Compact TV WEB Tier 3', 'TV');
INSERT OR REPLACE INTO custom_format_conditions (custom_format_name, name, type, arr_type, negate, required) VALUES ('1080p Compact TV WEB Tier 3', '1080p', 'resolution', 'all', 0, 1);
INSERT OR REPLACE INTO condition_resolutions (custom_format_name, condition_name, resolution) VALUES ('1080p Compact TV WEB Tier 3', '1080p', '1080p');
INSERT OR REPLACE INTO custom_format_conditions (custom_format_name, name, type, arr_type, negate, required) VALUES ('1080p Compact TV WEB Tier 3', 'x265', 'release_title', 'all', 0, 1);
INSERT OR REPLACE INTO condition_patterns (custom_format_name, condition_name, regular_expression_name) VALUES ('1080p Compact TV WEB Tier 3', 'x265', 'x265 (Efficient)');
INSERT OR REPLACE INTO custom_format_conditions (custom_format_name, name, type, arr_type, negate, required) VALUES ('1080p Compact TV WEB Tier 3', 'WEB-DL', 'source', 'all', 0, 0);
INSERT OR REPLACE INTO condition_sources (custom_format_name, condition_name, source) VALUES ('1080p Compact TV WEB Tier 3', 'WEB-DL', 'web_dl');
INSERT OR REPLACE INTO custom_format_conditions (custom_format_name, name, type, arr_type, negate, required) VALUES ('1080p Compact TV WEB Tier 3', 'WEBRip', 'source', 'all', 0, 0);
INSERT OR REPLACE INTO condition_sources (custom_format_name, condition_name, source) VALUES ('1080p Compact TV WEB Tier 3', 'WEBRip', 'webrip');
INSERT OR REPLACE INTO custom_format_conditions (custom_format_name, name, type, arr_type, negate, required) VALUES ('1080p Compact TV WEB Tier 3', 'edge2020', 'release_group', 'all', 0, 0);
INSERT OR REPLACE INTO condition_patterns (custom_format_name, condition_name, regular_expression_name) VALUES ('1080p Compact TV WEB Tier 3', 'edge2020', 'edge2020');
INSERT OR REPLACE INTO custom_format_conditions (custom_format_name, name, type, arr_type, negate, required) VALUES ('1080p Compact TV WEB Tier 3', 'Grimm', 'release_group', 'all', 0, 0);
INSERT OR REPLACE INTO condition_patterns (custom_format_name, condition_name, regular_expression_name) VALUES ('1080p Compact TV WEB Tier 3', 'Grimm', 'GRiMM');
INSERT OR REPLACE INTO custom_format_conditions (custom_format_name, name, type, arr_type, negate, required) VALUES ('1080p Compact TV WEB Tier 3', 'OnlyWeb', 'release_group', 'all', 0, 0);
INSERT OR REPLACE INTO condition_patterns (custom_format_name, condition_name, regular_expression_name) VALUES ('1080p Compact TV WEB Tier 3', 'OnlyWeb', 'OnlyWeb');
INSERT OR REPLACE INTO custom_format_conditions (custom_format_name, name, type, arr_type, negate, required) VALUES ('1080p Compact TV WEB Tier 3', 'YELLO', 'release_group', 'all', 0, 0);
INSERT OR REPLACE INTO condition_patterns (custom_format_name, condition_name, regular_expression_name) VALUES ('1080p Compact TV WEB Tier 3', 'YELLO', 'YELLO');
INSERT OR IGNORE INTO custom_format_tests (custom_format_name, title, type, should_match, description) VALUES ('1080p Compact TV WEB Tier 3', 'Contact.1997.BluRay.1080p.DDP.5.1.x264-hallowed', 'movie', 1, NULL);
INSERT OR IGNORE INTO custom_format_tests (custom_format_name, title, type, should_match, description) VALUES ('1080p Compact TV WEB Tier 3', 'Gladiator.2000.Extended.Cut.UHD.BluRay.2160p.DDP.7.1.DV.HDR.x265-hallowed', 'movie', 1, NULL);
INSERT OR IGNORE INTO custom_format_tests (custom_format_name, title, type, should_match, description) VALUES ('1080p Compact TV WEB Tier 3', 'Yi Yi 2000 BluRay 720p DD 2 0 x264-BHDStudio', 'movie', 1, NULL);
INSERT OR IGNORE INTO custom_format_tests (custom_format_name, title, type, should_match, description) VALUES ('1080p Compact TV WEB Tier 3', 'Winnie the Pooh - Blood and Honey (2023) 2160p UHD BluRay x265 DV HDR DD 5.1 English-BHDStudio', 'movie', 1, NULL);
INSERT OR REPLACE INTO custom_formats (name, description, include_in_rename) VALUES ('1080p Compact TV WEB Tier 4', 'Matches release groups who fall under 1080p Compact TV WEB Tier 4', 0);
INSERT OR IGNORE INTO custom_format_tags (custom_format_name, tag_name) VALUES ('1080p Compact TV WEB Tier 4', 'Release Group Tier');
INSERT OR IGNORE INTO custom_format_tags (custom_format_name, tag_name) VALUES ('1080p Compact TV WEB Tier 4', '1080p');
INSERT OR IGNORE INTO custom_format_tags (custom_format_name, tag_name) VALUES ('1080p Compact TV WEB Tier 4', 'Compact');
INSERT OR IGNORE INTO custom_format_tags (custom_format_name, tag_name) VALUES ('1080p Compact TV WEB Tier 4', 'TV');
INSERT OR REPLACE INTO custom_format_conditions (custom_format_name, name, type, arr_type, negate, required) VALUES ('1080p Compact TV WEB Tier 4', '1080p', 'resolution', 'all', 0, 1);
INSERT OR REPLACE INTO condition_resolutions (custom_format_name, condition_name, resolution) VALUES ('1080p Compact TV WEB Tier 4', '1080p', '1080p');
INSERT OR REPLACE INTO custom_format_conditions (custom_format_name, name, type, arr_type, negate, required) VALUES ('1080p Compact TV WEB Tier 4', 'x265', 'release_title', 'all', 0, 1);
INSERT OR REPLACE INTO condition_patterns (custom_format_name, condition_name, regular_expression_name) VALUES ('1080p Compact TV WEB Tier 4', 'x265', 'x265 (Efficient)');
INSERT OR REPLACE INTO custom_format_conditions (custom_format_name, name, type, arr_type, negate, required) VALUES ('1080p Compact TV WEB Tier 4', 'WEB-DL', 'source', 'all', 0, 0);
INSERT OR REPLACE INTO condition_sources (custom_format_name, condition_name, source) VALUES ('1080p Compact TV WEB Tier 4', 'WEB-DL', 'web_dl');
INSERT OR REPLACE INTO custom_format_conditions (custom_format_name, name, type, arr_type, negate, required) VALUES ('1080p Compact TV WEB Tier 4', 'WEBRip', 'source', 'all', 0, 0);
INSERT OR REPLACE INTO condition_sources (custom_format_name, condition_name, source) VALUES ('1080p Compact TV WEB Tier 4', 'WEBRip', 'webrip');
INSERT OR REPLACE INTO custom_format_conditions (custom_format_name, name, type, arr_type, negate, required) VALUES ('1080p Compact TV WEB Tier 4', 'bluegreeen', 'release_group', 'all', 0, 0);
INSERT OR REPLACE INTO condition_patterns (custom_format_name, condition_name, regular_expression_name) VALUES ('1080p Compact TV WEB Tier 4', 'bluegreeen', 'bluegreeen');
INSERT OR REPLACE INTO custom_format_conditions (custom_format_name, name, type, arr_type, negate, required) VALUES ('1080p Compact TV WEB Tier 4', 'bluespots', 'release_group', 'all', 0, 0);
INSERT OR REPLACE INTO condition_patterns (custom_format_name, condition_name, regular_expression_name) VALUES ('1080p Compact TV WEB Tier 4', 'bluespots', 'bluespots');
INSERT OR REPLACE INTO custom_format_conditions (custom_format_name, name, type, arr_type, negate, required) VALUES ('1080p Compact TV WEB Tier 4', 'dkore', 'release_group', 'all', 0, 0);
INSERT OR REPLACE INTO condition_patterns (custom_format_name, condition_name, regular_expression_name) VALUES ('1080p Compact TV WEB Tier 4', 'dkore', 'dkore');
INSERT OR REPLACE INTO custom_format_conditions (custom_format_name, name, type, arr_type, negate, required) VALUES ('1080p Compact TV WEB Tier 4', 'noxxus', 'release_group', 'all', 0, 0);
INSERT OR REPLACE INTO condition_patterns (custom_format_name, condition_name, regular_expression_name) VALUES ('1080p Compact TV WEB Tier 4', 'noxxus', 'noxxus');
INSERT OR REPLACE INTO custom_format_conditions (custom_format_name, name, type, arr_type, negate, required) VALUES ('1080p Compact TV WEB Tier 4', 'Ralphy', 'release_group', 'all', 0, 0);
INSERT OR REPLACE INTO condition_patterns (custom_format_name, condition_name, regular_expression_name) VALUES ('1080p Compact TV WEB Tier 4', 'Ralphy', 'Ralphy');
INSERT OR REPLACE INTO custom_format_conditions (custom_format_name, name, type, arr_type, negate, required) VALUES ('1080p Compact TV WEB Tier 4', 'TimeDistortion', 'release_group', 'all', 0, 0);
INSERT OR REPLACE INTO condition_patterns (custom_format_name, condition_name, regular_expression_name) VALUES ('1080p Compact TV WEB Tier 4', 'TimeDistortion', 'TimeDistortion');
INSERT OR REPLACE INTO custom_format_conditions (custom_format_name, name, type, arr_type, negate, required) VALUES ('1080p Compact TV WEB Tier 4', 'Vyndros', 'release_group', 'all', 0, 0);
INSERT OR REPLACE INTO condition_patterns (custom_format_name, condition_name, regular_expression_name) VALUES ('1080p Compact TV WEB Tier 4', 'Vyndros', 'Vyndros');
INSERT OR IGNORE INTO custom_format_tests (custom_format_name, title, type, should_match, description) VALUES ('1080p Compact TV WEB Tier 4', 'Contact.1997.BluRay.1080p.DDP.5.1.x264-hallowed', 'movie', 1, NULL);
INSERT OR IGNORE INTO custom_format_tests (custom_format_name, title, type, should_match, description) VALUES ('1080p Compact TV WEB Tier 4', 'Gladiator.2000.Extended.Cut.UHD.BluRay.2160p.DDP.7.1.DV.HDR.x265-hallowed', 'movie', 1, NULL);
INSERT OR IGNORE INTO custom_format_tests (custom_format_name, title, type, should_match, description) VALUES ('1080p Compact TV WEB Tier 4', 'Yi Yi 2000 BluRay 720p DD 2 0 x264-BHDStudio', 'movie', 1, NULL);
INSERT OR IGNORE INTO custom_format_tests (custom_format_name, title, type, should_match, description) VALUES ('1080p Compact TV WEB Tier 4', 'Winnie the Pooh - Blood and Honey (2023) 2160p UHD BluRay x265 DV HDR DD 5.1 English-BHDStudio', 'movie', 1, NULL);
INSERT OR REPLACE INTO custom_formats (name, description, include_in_rename) VALUES ('1080p Compact TV WEB Tier 5', 'Matches release groups who fall under 1080p Compact TV WEB Tier 5', 0);
INSERT OR IGNORE INTO custom_format_tags (custom_format_name, tag_name) VALUES ('1080p Compact TV WEB Tier 5', 'Release Group Tier');
INSERT OR IGNORE INTO custom_format_tags (custom_format_name, tag_name) VALUES ('1080p Compact TV WEB Tier 5', '1080p');
INSERT OR IGNORE INTO custom_format_tags (custom_format_name, tag_name) VALUES ('1080p Compact TV WEB Tier 5', 'Compact');
INSERT OR IGNORE INTO custom_format_tags (custom_format_name, tag_name) VALUES ('1080p Compact TV WEB Tier 5', 'TV');
INSERT OR REPLACE INTO custom_format_conditions (custom_format_name, name, type, arr_type, negate, required) VALUES ('1080p Compact TV WEB Tier 5', '1080p', 'resolution', 'all', 0, 1);
INSERT OR REPLACE INTO condition_resolutions (custom_format_name, condition_name, resolution) VALUES ('1080p Compact TV WEB Tier 5', '1080p', '1080p');
INSERT OR REPLACE INTO custom_format_conditions (custom_format_name, name, type, arr_type, negate, required) VALUES ('1080p Compact TV WEB Tier 5', 'x265', 'release_title', 'all', 0, 1);
INSERT OR REPLACE INTO condition_patterns (custom_format_name, condition_name, regular_expression_name) VALUES ('1080p Compact TV WEB Tier 5', 'x265', 'x265 (Efficient)');
INSERT OR REPLACE INTO custom_format_conditions (custom_format_name, name, type, arr_type, negate, required) VALUES ('1080p Compact TV WEB Tier 5', 'WEB-DL', 'source', 'all', 0, 0);
INSERT OR REPLACE INTO condition_sources (custom_format_name, condition_name, source) VALUES ('1080p Compact TV WEB Tier 5', 'WEB-DL', 'web_dl');
INSERT OR REPLACE INTO custom_format_conditions (custom_format_name, name, type, arr_type, negate, required) VALUES ('1080p Compact TV WEB Tier 5', 'WEBRip', 'source', 'all', 0, 0);
INSERT OR REPLACE INTO condition_sources (custom_format_name, condition_name, source) VALUES ('1080p Compact TV WEB Tier 5', 'WEBRip', 'webrip');
INSERT OR REPLACE INTO custom_format_conditions (custom_format_name, name, type, arr_type, negate, required) VALUES ('1080p Compact TV WEB Tier 5', 'HODL', 'release_group', 'all', 0, 0);
INSERT OR REPLACE INTO condition_patterns (custom_format_name, condition_name, regular_expression_name) VALUES ('1080p Compact TV WEB Tier 5', 'HODL', 'HODL');
INSERT OR REPLACE INTO custom_format_conditions (custom_format_name, name, type, arr_type, negate, required) VALUES ('1080p Compact TV WEB Tier 5', 'iVy', 'release_group', 'all', 0, 0);
INSERT OR REPLACE INTO condition_patterns (custom_format_name, condition_name, regular_expression_name) VALUES ('1080p Compact TV WEB Tier 5', 'iVy', 'iVy');
INSERT OR REPLACE INTO custom_format_conditions (custom_format_name, name, type, arr_type, negate, required) VALUES ('1080p Compact TV WEB Tier 5', 'KONTRAST', 'release_group', 'all', 0, 0);
INSERT OR REPLACE INTO condition_patterns (custom_format_name, condition_name, regular_expression_name) VALUES ('1080p Compact TV WEB Tier 5', 'KONTRAST', 'KONTRAST');
INSERT OR REPLACE INTO custom_format_conditions (custom_format_name, name, type, arr_type, negate, required) VALUES ('1080p Compact TV WEB Tier 5', 'PHOCiS', 'release_group', 'all', 0, 0);
INSERT OR REPLACE INTO condition_patterns (custom_format_name, condition_name, regular_expression_name) VALUES ('1080p Compact TV WEB Tier 5', 'PHOCiS', 'PHOCiS');
INSERT OR REPLACE INTO custom_format_conditions (custom_format_name, name, type, arr_type, negate, required) VALUES ('1080p Compact TV WEB Tier 5', 'YAWNiX', 'release_group', 'all', 0, 0);
INSERT OR REPLACE INTO condition_patterns (custom_format_name, condition_name, regular_expression_name) VALUES ('1080p Compact TV WEB Tier 5', 'YAWNiX', 'YAWNiX');
INSERT OR IGNORE INTO custom_format_tests (custom_format_name, title, type, should_match, description) VALUES ('1080p Compact TV WEB Tier 5', 'Contact.1997.BluRay.1080p.DDP.5.1.x264-hallowed', 'movie', 1, NULL);
INSERT OR IGNORE INTO custom_format_tests (custom_format_name, title, type, should_match, description) VALUES ('1080p Compact TV WEB Tier 5', 'Gladiator.2000.Extended.Cut.UHD.BluRay.2160p.DDP.7.1.DV.HDR.x265-hallowed', 'movie', 1, NULL);
INSERT OR IGNORE INTO custom_format_tests (custom_format_name, title, type, should_match, description) VALUES ('1080p Compact TV WEB Tier 5', 'Yi Yi 2000 BluRay 720p DD 2 0 x264-BHDStudio', 'movie', 1, NULL);
INSERT OR IGNORE INTO custom_format_tests (custom_format_name, title, type, should_match, description) VALUES ('1080p Compact TV WEB Tier 5', 'Winnie the Pooh - Blood and Honey (2023) 2160p UHD BluRay x265 DV HDR DD 5.1 English-BHDStudio', 'movie', 1, NULL);
INSERT OR REPLACE INTO custom_formats (name, description, include_in_rename) VALUES ('1080p Efficient Movie Bluray Tier 1', 'Matches release groups who fall under 1080p Efficient Bluray Tier 1', 0);
INSERT OR IGNORE INTO custom_format_tags (custom_format_name, tag_name) VALUES ('1080p Efficient Movie Bluray Tier 1', 'Release Group Tier');
INSERT OR IGNORE INTO custom_format_tags (custom_format_name, tag_name) VALUES ('1080p Efficient Movie Bluray Tier 1', '1080p');
INSERT OR IGNORE INTO custom_format_tags (custom_format_name, tag_name) VALUES ('1080p Efficient Movie Bluray Tier 1', 'Efficient');
INSERT OR IGNORE INTO custom_format_tags (custom_format_name, tag_name) VALUES ('1080p Efficient Movie Bluray Tier 1', 'Movie');
INSERT OR REPLACE INTO custom_format_conditions (custom_format_name, name, type, arr_type, negate, required) VALUES ('1080p Efficient Movie Bluray Tier 1', '1080p', 'resolution', 'all', 0, 1);
INSERT OR REPLACE INTO condition_resolutions (custom_format_name, condition_name, resolution) VALUES ('1080p Efficient Movie Bluray Tier 1', '1080p', '1080p');
INSERT OR REPLACE INTO custom_format_conditions (custom_format_name, name, type, arr_type, negate, required) VALUES ('1080p Efficient Movie Bluray Tier 1', 'Bluray', 'source', 'all', 0, 1);
INSERT OR REPLACE INTO condition_sources (custom_format_name, condition_name, source) VALUES ('1080p Efficient Movie Bluray Tier 1', 'Bluray', 'bluray');
INSERT OR REPLACE INTO custom_format_conditions (custom_format_name, name, type, arr_type, negate, required) VALUES ('1080p Efficient Movie Bluray Tier 1', 'x265', 'release_title', 'all', 0, 1);
INSERT OR REPLACE INTO condition_patterns (custom_format_name, condition_name, regular_expression_name) VALUES ('1080p Efficient Movie Bluray Tier 1', 'x265', 'x265 (Efficient)');
INSERT OR REPLACE INTO custom_format_conditions (custom_format_name, name, type, arr_type, negate, required) VALUES ('1080p Efficient Movie Bluray Tier 1', 'NAN0', 'release_group', 'all', 0, 0);
INSERT OR REPLACE INTO condition_patterns (custom_format_name, condition_name, regular_expression_name) VALUES ('1080p Efficient Movie Bluray Tier 1', 'NAN0', 'NAN0');
INSERT OR REPLACE INTO custom_format_conditions (custom_format_name, name, type, arr_type, negate, required) VALUES ('1080p Efficient Movie Bluray Tier 1', 'QxR', 'release_group', 'all', 0, 0);
INSERT OR REPLACE INTO condition_patterns (custom_format_name, condition_name, regular_expression_name) VALUES ('1080p Efficient Movie Bluray Tier 1', 'QxR', 'QxR');
INSERT OR REPLACE INTO custom_format_conditions (custom_format_name, name, type, arr_type, negate, required) VALUES ('1080p Efficient Movie Bluray Tier 1', 'SQS', 'release_group', 'all', 0, 0);
INSERT OR REPLACE INTO condition_patterns (custom_format_name, condition_name, regular_expression_name) VALUES ('1080p Efficient Movie Bluray Tier 1', 'SQS', 'SQS');
INSERT OR REPLACE INTO custom_format_conditions (custom_format_name, name, type, arr_type, negate, required) VALUES ('1080p Efficient Movie Bluray Tier 1', 'TAoE', 'release_group', 'all', 0, 0);
INSERT OR REPLACE INTO condition_patterns (custom_format_name, condition_name, regular_expression_name) VALUES ('1080p Efficient Movie Bluray Tier 1', 'TAoE', 'TAoE');
INSERT OR IGNORE INTO custom_format_tests (custom_format_name, title, type, should_match, description) VALUES ('1080p Efficient Movie Bluray Tier 1', 'Contact.1997.BluRay.1080p.DDP.5.1.x264-hallowed', 'movie', 1, NULL);
INSERT OR IGNORE INTO custom_format_tests (custom_format_name, title, type, should_match, description) VALUES ('1080p Efficient Movie Bluray Tier 1', 'Gladiator.2000.Extended.Cut.UHD.BluRay.2160p.DDP.7.1.DV.HDR.x265-hallowed', 'movie', 1, NULL);
INSERT OR IGNORE INTO custom_format_tests (custom_format_name, title, type, should_match, description) VALUES ('1080p Efficient Movie Bluray Tier 1', 'Yi Yi 2000 BluRay 720p DD 2 0 x264-BHDStudio', 'movie', 1, NULL);
INSERT OR IGNORE INTO custom_format_tests (custom_format_name, title, type, should_match, description) VALUES ('1080p Efficient Movie Bluray Tier 1', 'Winnie the Pooh - Blood and Honey (2023) 2160p UHD BluRay x265 DV HDR DD 5.1 English-BHDStudio', 'movie', 1, NULL);
INSERT OR REPLACE INTO custom_formats (name, description, include_in_rename) VALUES ('1080p Efficient Movie Bluray Tier 2', 'Matches release groups who fall under 1080p Efficient Bluray Tier 2', 0);
INSERT OR IGNORE INTO custom_format_tags (custom_format_name, tag_name) VALUES ('1080p Efficient Movie Bluray Tier 2', 'Release Group Tier');
INSERT OR IGNORE INTO custom_format_tags (custom_format_name, tag_name) VALUES ('1080p Efficient Movie Bluray Tier 2', '1080p');
INSERT OR IGNORE INTO custom_format_tags (custom_format_name, tag_name) VALUES ('1080p Efficient Movie Bluray Tier 2', 'Efficient');
INSERT OR IGNORE INTO custom_format_tags (custom_format_name, tag_name) VALUES ('1080p Efficient Movie Bluray Tier 2', 'Movie');
INSERT OR REPLACE INTO custom_format_conditions (custom_format_name, name, type, arr_type, negate, required) VALUES ('1080p Efficient Movie Bluray Tier 2', '1080p', 'resolution', 'all', 0, 1);
INSERT OR REPLACE INTO condition_resolutions (custom_format_name, condition_name, resolution) VALUES ('1080p Efficient Movie Bluray Tier 2', '1080p', '1080p');
INSERT OR REPLACE INTO custom_format_conditions (custom_format_name, name, type, arr_type, negate, required) VALUES ('1080p Efficient Movie Bluray Tier 2', 'Bluray', 'source', 'all', 0, 1);
INSERT OR REPLACE INTO condition_sources (custom_format_name, condition_name, source) VALUES ('1080p Efficient Movie Bluray Tier 2', 'Bluray', 'bluray');
INSERT OR REPLACE INTO custom_format_conditions (custom_format_name, name, type, arr_type, negate, required) VALUES ('1080p Efficient Movie Bluray Tier 2', 'x265', 'release_title', 'all', 0, 1);
INSERT OR REPLACE INTO condition_patterns (custom_format_name, condition_name, regular_expression_name) VALUES ('1080p Efficient Movie Bluray Tier 2', 'x265', 'x265 (Efficient)');
INSERT OR REPLACE INTO custom_format_conditions (custom_format_name, name, type, arr_type, negate, required) VALUES ('1080p Efficient Movie Bluray Tier 2', 'Not HONE', 'release_title', 'all', 1, 1);
INSERT OR REPLACE INTO condition_patterns (custom_format_name, condition_name, regular_expression_name) VALUES ('1080p Efficient Movie Bluray Tier 2', 'Not HONE', 'HONE');
INSERT OR REPLACE INTO custom_format_conditions (custom_format_name, name, type, arr_type, negate, required) VALUES ('1080p Efficient Movie Bluray Tier 2', 'DarQ', 'release_group', 'all', 0, 0);
INSERT OR REPLACE INTO condition_patterns (custom_format_name, condition_name, regular_expression_name) VALUES ('1080p Efficient Movie Bluray Tier 2', 'DarQ', 'DarQ');
INSERT OR REPLACE INTO custom_format_conditions (custom_format_name, name, type, arr_type, negate, required) VALUES ('1080p Efficient Movie Bluray Tier 2', 'honeyvera', 'release_group', 'all', 0, 0);
INSERT OR REPLACE INTO condition_patterns (custom_format_name, condition_name, regular_expression_name) VALUES ('1080p Efficient Movie Bluray Tier 2', 'honeyvera', 'Honeyvera');
INSERT OR REPLACE INTO custom_format_conditions (custom_format_name, name, type, arr_type, negate, required) VALUES ('1080p Efficient Movie Bluray Tier 2', 'LSt', 'release_group', 'all', 0, 0);
INSERT OR REPLACE INTO condition_patterns (custom_format_name, condition_name, regular_expression_name) VALUES ('1080p Efficient Movie Bluray Tier 2', 'LSt', 'LSt');
INSERT OR REPLACE INTO custom_format_conditions (custom_format_name, name, type, arr_type, negate, required) VALUES ('1080p Efficient Movie Bluray Tier 2', 'MNHD', 'release_group', 'all', 0, 0);
INSERT OR REPLACE INTO condition_patterns (custom_format_name, condition_name, regular_expression_name) VALUES ('1080p Efficient Movie Bluray Tier 2', 'MNHD', 'MNHD');
INSERT OR REPLACE INTO custom_format_conditions (custom_format_name, name, type, arr_type, negate, required) VALUES ('1080p Efficient Movie Bluray Tier 2', 'SARTRE', 'release_group', 'all', 0, 0);
INSERT OR REPLACE INTO condition_patterns (custom_format_name, condition_name, regular_expression_name) VALUES ('1080p Efficient Movie Bluray Tier 2', 'SARTRE', 'SARTRE');
INSERT OR REPLACE INTO custom_format_conditions (custom_format_name, name, type, arr_type, negate, required) VALUES ('1080p Efficient Movie Bluray Tier 2', 'Vialle', 'release_group', 'all', 0, 0);
INSERT OR REPLACE INTO condition_patterns (custom_format_name, condition_name, regular_expression_name) VALUES ('1080p Efficient Movie Bluray Tier 2', 'Vialle', 'Vialle');
INSERT OR IGNORE INTO custom_format_tests (custom_format_name, title, type, should_match, description) VALUES ('1080p Efficient Movie Bluray Tier 2', 'Contact.1997.BluRay.1080p.DDP.5.1.x264-hallowed', 'movie', 1, NULL);
INSERT OR IGNORE INTO custom_format_tests (custom_format_name, title, type, should_match, description) VALUES ('1080p Efficient Movie Bluray Tier 2', 'Gladiator.2000.Extended.Cut.UHD.BluRay.2160p.DDP.7.1.DV.HDR.x265-hallowed', 'movie', 1, NULL);
INSERT OR IGNORE INTO custom_format_tests (custom_format_name, title, type, should_match, description) VALUES ('1080p Efficient Movie Bluray Tier 2', 'Yi Yi 2000 BluRay 720p DD 2 0 x264-BHDStudio', 'movie', 1, NULL);
INSERT OR IGNORE INTO custom_format_tests (custom_format_name, title, type, should_match, description) VALUES ('1080p Efficient Movie Bluray Tier 2', 'Winnie the Pooh - Blood and Honey (2023) 2160p UHD BluRay x265 DV HDR DD 5.1 English-BHDStudio', 'movie', 1, NULL);
INSERT OR REPLACE INTO custom_formats (name, description, include_in_rename) VALUES ('1080p Efficient Movie Bluray Tier 3', 'Matches release groups who fall under 1080p Efficient Bluray Tier 3', 0);
INSERT OR IGNORE INTO custom_format_tags (custom_format_name, tag_name) VALUES ('1080p Efficient Movie Bluray Tier 3', 'Release Group Tier');
INSERT OR IGNORE INTO custom_format_tags (custom_format_name, tag_name) VALUES ('1080p Efficient Movie Bluray Tier 3', '1080p');
INSERT OR IGNORE INTO custom_format_tags (custom_format_name, tag_name) VALUES ('1080p Efficient Movie Bluray Tier 3', 'Efficient');
INSERT OR IGNORE INTO custom_format_tags (custom_format_name, tag_name) VALUES ('1080p Efficient Movie Bluray Tier 3', 'Movie');
INSERT OR REPLACE INTO custom_format_conditions (custom_format_name, name, type, arr_type, negate, required) VALUES ('1080p Efficient Movie Bluray Tier 3', '1080p', 'resolution', 'all', 0, 1);
INSERT OR REPLACE INTO condition_resolutions (custom_format_name, condition_name, resolution) VALUES ('1080p Efficient Movie Bluray Tier 3', '1080p', '1080p');
INSERT OR REPLACE INTO custom_format_conditions (custom_format_name, name, type, arr_type, negate, required) VALUES ('1080p Efficient Movie Bluray Tier 3', 'Bluray', 'source', 'all', 0, 1);
INSERT OR REPLACE INTO condition_sources (custom_format_name, condition_name, source) VALUES ('1080p Efficient Movie Bluray Tier 3', 'Bluray', 'bluray');
INSERT OR REPLACE INTO custom_format_conditions (custom_format_name, name, type, arr_type, negate, required) VALUES ('1080p Efficient Movie Bluray Tier 3', 'x265', 'release_title', 'all', 0, 1);
INSERT OR REPLACE INTO condition_patterns (custom_format_name, condition_name, regular_expression_name) VALUES ('1080p Efficient Movie Bluray Tier 3', 'x265', 'x265 (Efficient)');
INSERT OR REPLACE INTO custom_format_conditions (custom_format_name, name, type, arr_type, negate, required) VALUES ('1080p Efficient Movie Bluray Tier 3', 'dkore', 'release_group', 'all', 0, 0);
INSERT OR REPLACE INTO condition_patterns (custom_format_name, condition_name, regular_expression_name) VALUES ('1080p Efficient Movie Bluray Tier 3', 'dkore', 'dkore');
INSERT OR REPLACE INTO custom_format_conditions (custom_format_name, name, type, arr_type, negate, required) VALUES ('1080p Efficient Movie Bluray Tier 3', 'GRiMM', 'release_group', 'all', 0, 0);
INSERT OR REPLACE INTO condition_patterns (custom_format_name, condition_name, regular_expression_name) VALUES ('1080p Efficient Movie Bluray Tier 3', 'GRiMM', 'GRiMM');
INSERT OR REPLACE INTO custom_format_conditions (custom_format_name, name, type, arr_type, negate, required) VALUES ('1080p Efficient Movie Bluray Tier 3', 'TimeDistortion', 'release_group', 'all', 0, 0);
INSERT OR REPLACE INTO condition_patterns (custom_format_name, condition_name, regular_expression_name) VALUES ('1080p Efficient Movie Bluray Tier 3', 'TimeDistortion', 'TimeDistortion');
INSERT OR IGNORE INTO custom_format_tests (custom_format_name, title, type, should_match, description) VALUES ('1080p Efficient Movie Bluray Tier 3', 'Contact.1997.BluRay.1080p.DDP.5.1.x264-hallowed', 'movie', 1, NULL);
INSERT OR IGNORE INTO custom_format_tests (custom_format_name, title, type, should_match, description) VALUES ('1080p Efficient Movie Bluray Tier 3', 'Gladiator.2000.Extended.Cut.UHD.BluRay.2160p.DDP.7.1.DV.HDR.x265-hallowed', 'movie', 1, NULL);
INSERT OR IGNORE INTO custom_format_tests (custom_format_name, title, type, should_match, description) VALUES ('1080p Efficient Movie Bluray Tier 3', 'Yi Yi 2000 BluRay 720p DD 2 0 x264-BHDStudio', 'movie', 1, NULL);
INSERT OR IGNORE INTO custom_format_tests (custom_format_name, title, type, should_match, description) VALUES ('1080p Efficient Movie Bluray Tier 3', 'Winnie the Pooh - Blood and Honey (2023) 2160p UHD BluRay x265 DV HDR DD 5.1 English-BHDStudio', 'movie', 1, NULL);
INSERT OR REPLACE INTO custom_formats (name, description, include_in_rename) VALUES ('1080p Efficient Movie Bluray Tier 4', 'Matches release groups who fall under 1080p Efficient Bluray Tier 4', 0);
INSERT OR IGNORE INTO custom_format_tags (custom_format_name, tag_name) VALUES ('1080p Efficient Movie Bluray Tier 4', 'Release Group Tier');
INSERT OR IGNORE INTO custom_format_tags (custom_format_name, tag_name) VALUES ('1080p Efficient Movie Bluray Tier 4', '1080p');
INSERT OR IGNORE INTO custom_format_tags (custom_format_name, tag_name) VALUES ('1080p Efficient Movie Bluray Tier 4', 'Efficient');
INSERT OR IGNORE INTO custom_format_tags (custom_format_name, tag_name) VALUES ('1080p Efficient Movie Bluray Tier 4', 'Movie');
INSERT OR REPLACE INTO custom_format_conditions (custom_format_name, name, type, arr_type, negate, required) VALUES ('1080p Efficient Movie Bluray Tier 4', '1080p', 'resolution', 'all', 0, 1);
INSERT OR REPLACE INTO condition_resolutions (custom_format_name, condition_name, resolution) VALUES ('1080p Efficient Movie Bluray Tier 4', '1080p', '1080p');
INSERT OR REPLACE INTO custom_format_conditions (custom_format_name, name, type, arr_type, negate, required) VALUES ('1080p Efficient Movie Bluray Tier 4', 'Bluray', 'source', 'all', 0, 1);
INSERT OR REPLACE INTO condition_sources (custom_format_name, condition_name, source) VALUES ('1080p Efficient Movie Bluray Tier 4', 'Bluray', 'bluray');
INSERT OR REPLACE INTO custom_format_conditions (custom_format_name, name, type, arr_type, negate, required) VALUES ('1080p Efficient Movie Bluray Tier 4', 'x265', 'release_title', 'all', 0, 1);
INSERT OR REPLACE INTO condition_patterns (custom_format_name, condition_name, regular_expression_name) VALUES ('1080p Efficient Movie Bluray Tier 4', 'x265', 'x265 (Efficient)');
INSERT OR REPLACE INTO custom_format_conditions (custom_format_name, name, type, arr_type, negate, required) VALUES ('1080p Efficient Movie Bluray Tier 4', 'bluegreeen', 'release_group', 'all', 0, 0);
INSERT OR REPLACE INTO condition_patterns (custom_format_name, condition_name, regular_expression_name) VALUES ('1080p Efficient Movie Bluray Tier 4', 'bluegreeen', 'bluegreeen');
INSERT OR REPLACE INTO custom_format_conditions (custom_format_name, name, type, arr_type, negate, required) VALUES ('1080p Efficient Movie Bluray Tier 4', 'Chivaman', 'release_group', 'all', 0, 0);
INSERT OR REPLACE INTO condition_patterns (custom_format_name, condition_name, regular_expression_name) VALUES ('1080p Efficient Movie Bluray Tier 4', 'Chivaman', 'Chivaman');
INSERT OR REPLACE INTO custom_format_conditions (custom_format_name, name, type, arr_type, negate, required) VALUES ('1080p Efficient Movie Bluray Tier 4', 'edge2020', 'release_group', 'all', 0, 0);
INSERT OR REPLACE INTO condition_patterns (custom_format_name, condition_name, regular_expression_name) VALUES ('1080p Efficient Movie Bluray Tier 4', 'edge2020', 'edge2020');
INSERT OR REPLACE INTO custom_format_conditions (custom_format_name, name, type, arr_type, negate, required) VALUES ('1080p Efficient Movie Bluray Tier 4', 'noxxus', 'release_group', 'all', 0, 0);
INSERT OR REPLACE INTO condition_patterns (custom_format_name, condition_name, regular_expression_name) VALUES ('1080p Efficient Movie Bluray Tier 4', 'noxxus', 'noxxus');
INSERT OR REPLACE INTO custom_format_conditions (custom_format_name, name, type, arr_type, negate, required) VALUES ('1080p Efficient Movie Bluray Tier 4', 'R1GY3B', 'release_group', 'all', 0, 0);
INSERT OR REPLACE INTO condition_patterns (custom_format_name, condition_name, regular_expression_name) VALUES ('1080p Efficient Movie Bluray Tier 4', 'R1GY3B', 'R1GY3B');
INSERT OR REPLACE INTO custom_format_conditions (custom_format_name, name, type, arr_type, negate, required) VALUES ('1080p Efficient Movie Bluray Tier 4', 'Ralphy', 'release_group', 'all', 0, 0);
INSERT OR REPLACE INTO condition_patterns (custom_format_name, condition_name, regular_expression_name) VALUES ('1080p Efficient Movie Bluray Tier 4', 'Ralphy', 'Ralphy');
INSERT OR REPLACE INTO custom_format_conditions (custom_format_name, name, type, arr_type, negate, required) VALUES ('1080p Efficient Movie Bluray Tier 4', 'ToNaTo', 'release_group', 'all', 0, 0);
INSERT OR REPLACE INTO condition_patterns (custom_format_name, condition_name, regular_expression_name) VALUES ('1080p Efficient Movie Bluray Tier 4', 'ToNaTo', 'ToNaTo');
INSERT OR REPLACE INTO custom_format_conditions (custom_format_name, name, type, arr_type, negate, required) VALUES ('1080p Efficient Movie Bluray Tier 4', 'Vyndros', 'release_group', 'all', 0, 0);
INSERT OR REPLACE INTO condition_patterns (custom_format_name, condition_name, regular_expression_name) VALUES ('1080p Efficient Movie Bluray Tier 4', 'Vyndros', 'Vyndros');
INSERT OR REPLACE INTO custom_format_conditions (custom_format_name, name, type, arr_type, negate, required) VALUES ('1080p Efficient Movie Bluray Tier 4', 'YELLO', 'release_group', 'all', 0, 0);
INSERT OR REPLACE INTO condition_patterns (custom_format_name, condition_name, regular_expression_name) VALUES ('1080p Efficient Movie Bluray Tier 4', 'YELLO', 'YELLO');
INSERT OR IGNORE INTO custom_format_tests (custom_format_name, title, type, should_match, description) VALUES ('1080p Efficient Movie Bluray Tier 4', 'Contact.1997.BluRay.1080p.DDP.5.1.x264-hallowed', 'movie', 1, NULL);
INSERT OR IGNORE INTO custom_format_tests (custom_format_name, title, type, should_match, description) VALUES ('1080p Efficient Movie Bluray Tier 4', 'Gladiator.2000.Extended.Cut.UHD.BluRay.2160p.DDP.7.1.DV.HDR.x265-hallowed', 'movie', 1, NULL);
INSERT OR IGNORE INTO custom_format_tests (custom_format_name, title, type, should_match, description) VALUES ('1080p Efficient Movie Bluray Tier 4', 'Yi Yi 2000 BluRay 720p DD 2 0 x264-BHDStudio', 'movie', 1, NULL);
INSERT OR IGNORE INTO custom_format_tests (custom_format_name, title, type, should_match, description) VALUES ('1080p Efficient Movie Bluray Tier 4', 'Winnie the Pooh - Blood and Honey (2023) 2160p UHD BluRay x265 DV HDR DD 5.1 English-BHDStudio', 'movie', 1, NULL);
INSERT OR REPLACE INTO custom_formats (name, description, include_in_rename) VALUES ('1080p Efficient Movie WEB Tier 1', 'Matches release groups who fall under 1080p Efficient WEB Tier 1', 0);
INSERT OR IGNORE INTO custom_format_tags (custom_format_name, tag_name) VALUES ('1080p Efficient Movie WEB Tier 1', 'Release Group Tier');
INSERT OR IGNORE INTO custom_format_tags (custom_format_name, tag_name) VALUES ('1080p Efficient Movie WEB Tier 1', '1080p');
INSERT OR IGNORE INTO custom_format_tags (custom_format_name, tag_name) VALUES ('1080p Efficient Movie WEB Tier 1', 'Efficient');
INSERT OR IGNORE INTO custom_format_tags (custom_format_name, tag_name) VALUES ('1080p Efficient Movie WEB Tier 1', 'Movie');
INSERT OR REPLACE INTO custom_format_conditions (custom_format_name, name, type, arr_type, negate, required) VALUES ('1080p Efficient Movie WEB Tier 1', '1080p', 'resolution', 'all', 0, 1);
INSERT OR REPLACE INTO condition_resolutions (custom_format_name, condition_name, resolution) VALUES ('1080p Efficient Movie WEB Tier 1', '1080p', '1080p');
INSERT OR REPLACE INTO custom_format_conditions (custom_format_name, name, type, arr_type, negate, required) VALUES ('1080p Efficient Movie WEB Tier 1', 'x265', 'release_title', 'all', 0, 1);
INSERT OR REPLACE INTO condition_patterns (custom_format_name, condition_name, regular_expression_name) VALUES ('1080p Efficient Movie WEB Tier 1', 'x265', 'x265 (Efficient)');
INSERT OR REPLACE INTO custom_format_conditions (custom_format_name, name, type, arr_type, negate, required) VALUES ('1080p Efficient Movie WEB Tier 1', 'WEB-DL', 'source', 'all', 0, 0);
INSERT OR REPLACE INTO condition_sources (custom_format_name, condition_name, source) VALUES ('1080p Efficient Movie WEB Tier 1', 'WEB-DL', 'web_dl');
INSERT OR REPLACE INTO custom_format_conditions (custom_format_name, name, type, arr_type, negate, required) VALUES ('1080p Efficient Movie WEB Tier 1', 'WEBRip', 'source', 'all', 0, 0);
INSERT OR REPLACE INTO condition_sources (custom_format_name, condition_name, source) VALUES ('1080p Efficient Movie WEB Tier 1', 'WEBRip', 'webrip');
INSERT OR REPLACE INTO custom_format_conditions (custom_format_name, name, type, arr_type, negate, required) VALUES ('1080p Efficient Movie WEB Tier 1', 'QxR', 'release_group', 'all', 0, 0);
INSERT OR REPLACE INTO condition_patterns (custom_format_name, condition_name, regular_expression_name) VALUES ('1080p Efficient Movie WEB Tier 1', 'QxR', 'QxR');
INSERT OR REPLACE INTO custom_format_conditions (custom_format_name, name, type, arr_type, negate, required) VALUES ('1080p Efficient Movie WEB Tier 1', 'TAoE', 'release_group', 'all', 0, 0);
INSERT OR REPLACE INTO condition_patterns (custom_format_name, condition_name, regular_expression_name) VALUES ('1080p Efficient Movie WEB Tier 1', 'TAoE', 'TAoE');
INSERT OR IGNORE INTO custom_format_tests (custom_format_name, title, type, should_match, description) VALUES ('1080p Efficient Movie WEB Tier 1', 'Contact.1997.BluRay.1080p.DDP.5.1.x264-hallowed', 'movie', 1, NULL);
INSERT OR IGNORE INTO custom_format_tests (custom_format_name, title, type, should_match, description) VALUES ('1080p Efficient Movie WEB Tier 1', 'Gladiator.2000.Extended.Cut.UHD.BluRay.2160p.DDP.7.1.DV.HDR.x265-hallowed', 'movie', 1, NULL);
INSERT OR IGNORE INTO custom_format_tests (custom_format_name, title, type, should_match, description) VALUES ('1080p Efficient Movie WEB Tier 1', 'Yi Yi 2000 BluRay 720p DD 2 0 x264-BHDStudio', 'movie', 1, NULL);
INSERT OR IGNORE INTO custom_format_tests (custom_format_name, title, type, should_match, description) VALUES ('1080p Efficient Movie WEB Tier 1', 'Winnie the Pooh - Blood and Honey (2023) 2160p UHD BluRay x265 DV HDR DD 5.1 English-BHDStudio', 'movie', 1, NULL);
INSERT OR REPLACE INTO custom_formats (name, description, include_in_rename) VALUES ('1080p Efficient Movie WEB Tier 2', 'Matches release groups who fall under 1080p Efficient WEB Tier 2', 0);
INSERT OR IGNORE INTO custom_format_tags (custom_format_name, tag_name) VALUES ('1080p Efficient Movie WEB Tier 2', 'Release Group Tier');
INSERT OR IGNORE INTO custom_format_tags (custom_format_name, tag_name) VALUES ('1080p Efficient Movie WEB Tier 2', '1080p');
INSERT OR IGNORE INTO custom_format_tags (custom_format_name, tag_name) VALUES ('1080p Efficient Movie WEB Tier 2', 'Efficient');
INSERT OR IGNORE INTO custom_format_tags (custom_format_name, tag_name) VALUES ('1080p Efficient Movie WEB Tier 2', 'Movie');
INSERT OR REPLACE INTO custom_format_conditions (custom_format_name, name, type, arr_type, negate, required) VALUES ('1080p Efficient Movie WEB Tier 2', '1080p', 'resolution', 'all', 0, 1);
INSERT OR REPLACE INTO condition_resolutions (custom_format_name, condition_name, resolution) VALUES ('1080p Efficient Movie WEB Tier 2', '1080p', '1080p');
INSERT OR REPLACE INTO custom_format_conditions (custom_format_name, name, type, arr_type, negate, required) VALUES ('1080p Efficient Movie WEB Tier 2', 'x265', 'release_title', 'all', 0, 1);
INSERT OR REPLACE INTO condition_patterns (custom_format_name, condition_name, regular_expression_name) VALUES ('1080p Efficient Movie WEB Tier 2', 'x265', 'x265 (Efficient)');
INSERT OR REPLACE INTO custom_format_conditions (custom_format_name, name, type, arr_type, negate, required) VALUES ('1080p Efficient Movie WEB Tier 2', 'Not HONE', 'release_title', 'all', 1, 1);
INSERT OR REPLACE INTO condition_patterns (custom_format_name, condition_name, regular_expression_name) VALUES ('1080p Efficient Movie WEB Tier 2', 'Not HONE', 'HONE');
INSERT OR REPLACE INTO custom_format_conditions (custom_format_name, name, type, arr_type, negate, required) VALUES ('1080p Efficient Movie WEB Tier 2', 'WEB-DL', 'source', 'all', 0, 0);
INSERT OR REPLACE INTO condition_sources (custom_format_name, condition_name, source) VALUES ('1080p Efficient Movie WEB Tier 2', 'WEB-DL', 'web_dl');
INSERT OR REPLACE INTO custom_format_conditions (custom_format_name, name, type, arr_type, negate, required) VALUES ('1080p Efficient Movie WEB Tier 2', 'WEBRip', 'source', 'all', 0, 0);
INSERT OR REPLACE INTO condition_sources (custom_format_name, condition_name, source) VALUES ('1080p Efficient Movie WEB Tier 2', 'WEBRip', 'webrip');
INSERT OR REPLACE INTO custom_format_conditions (custom_format_name, name, type, arr_type, negate, required) VALUES ('1080p Efficient Movie WEB Tier 2', 'DarQ', 'release_group', 'all', 0, 0);
INSERT OR REPLACE INTO condition_patterns (custom_format_name, condition_name, regular_expression_name) VALUES ('1080p Efficient Movie WEB Tier 2', 'DarQ', 'DarQ');
INSERT OR REPLACE INTO custom_format_conditions (custom_format_name, name, type, arr_type, negate, required) VALUES ('1080p Efficient Movie WEB Tier 2', 'dkore', 'release_group', 'all', 0, 0);
INSERT OR REPLACE INTO condition_patterns (custom_format_name, condition_name, regular_expression_name) VALUES ('1080p Efficient Movie WEB Tier 2', 'dkore', 'dkore');
INSERT OR REPLACE INTO custom_format_conditions (custom_format_name, name, type, arr_type, negate, required) VALUES ('1080p Efficient Movie WEB Tier 2', 'LSt', 'release_group', 'all', 0, 0);
INSERT OR REPLACE INTO condition_patterns (custom_format_name, condition_name, regular_expression_name) VALUES ('1080p Efficient Movie WEB Tier 2', 'LSt', 'LSt');
INSERT OR REPLACE INTO custom_format_conditions (custom_format_name, name, type, arr_type, negate, required) VALUES ('1080p Efficient Movie WEB Tier 2', 'SQS', 'release_group', 'all', 0, 0);
INSERT OR REPLACE INTO condition_patterns (custom_format_name, condition_name, regular_expression_name) VALUES ('1080p Efficient Movie WEB Tier 2', 'SQS', 'SQS');
INSERT OR REPLACE INTO custom_format_conditions (custom_format_name, name, type, arr_type, negate, required) VALUES ('1080p Efficient Movie WEB Tier 2', 'TimeDistortion', 'release_group', 'all', 0, 0);
INSERT OR REPLACE INTO condition_patterns (custom_format_name, condition_name, regular_expression_name) VALUES ('1080p Efficient Movie WEB Tier 2', 'TimeDistortion', 'TimeDistortion');
INSERT OR IGNORE INTO custom_format_tests (custom_format_name, title, type, should_match, description) VALUES ('1080p Efficient Movie WEB Tier 2', 'Contact.1997.BluRay.1080p.DDP.5.1.x264-hallowed', 'movie', 1, NULL);
INSERT OR IGNORE INTO custom_format_tests (custom_format_name, title, type, should_match, description) VALUES ('1080p Efficient Movie WEB Tier 2', 'Gladiator.2000.Extended.Cut.UHD.BluRay.2160p.DDP.7.1.DV.HDR.x265-hallowed', 'movie', 1, NULL);
INSERT OR IGNORE INTO custom_format_tests (custom_format_name, title, type, should_match, description) VALUES ('1080p Efficient Movie WEB Tier 2', 'Yi Yi 2000 BluRay 720p DD 2 0 x264-BHDStudio', 'movie', 1, NULL);
INSERT OR IGNORE INTO custom_format_tests (custom_format_name, title, type, should_match, description) VALUES ('1080p Efficient Movie WEB Tier 2', 'Winnie the Pooh - Blood and Honey (2023) 2160p UHD BluRay x265 DV HDR DD 5.1 English-BHDStudio', 'movie', 1, NULL);
INSERT OR REPLACE INTO custom_formats (name, description, include_in_rename) VALUES ('1080p Efficient Movie WEB Tier 3', 'Matches release groups who fall under 1080p Efficient WEB Tier 3', 0);
INSERT OR IGNORE INTO custom_format_tags (custom_format_name, tag_name) VALUES ('1080p Efficient Movie WEB Tier 3', 'Release Group Tier');
INSERT OR IGNORE INTO custom_format_tags (custom_format_name, tag_name) VALUES ('1080p Efficient Movie WEB Tier 3', '1080p');
INSERT OR IGNORE INTO custom_format_tags (custom_format_name, tag_name) VALUES ('1080p Efficient Movie WEB Tier 3', 'Efficient');
INSERT OR IGNORE INTO custom_format_tags (custom_format_name, tag_name) VALUES ('1080p Efficient Movie WEB Tier 3', 'Movie');
INSERT OR REPLACE INTO custom_format_conditions (custom_format_name, name, type, arr_type, negate, required) VALUES ('1080p Efficient Movie WEB Tier 3', '1080p', 'resolution', 'all', 0, 1);
INSERT OR REPLACE INTO condition_resolutions (custom_format_name, condition_name, resolution) VALUES ('1080p Efficient Movie WEB Tier 3', '1080p', '1080p');
INSERT OR REPLACE INTO custom_format_conditions (custom_format_name, name, type, arr_type, negate, required) VALUES ('1080p Efficient Movie WEB Tier 3', 'x265', 'release_title', 'all', 0, 1);
INSERT OR REPLACE INTO condition_patterns (custom_format_name, condition_name, regular_expression_name) VALUES ('1080p Efficient Movie WEB Tier 3', 'x265', 'x265 (Efficient)');
INSERT OR REPLACE INTO custom_format_conditions (custom_format_name, name, type, arr_type, negate, required) VALUES ('1080p Efficient Movie WEB Tier 3', 'WEB-DL', 'source', 'all', 0, 0);
INSERT OR REPLACE INTO condition_sources (custom_format_name, condition_name, source) VALUES ('1080p Efficient Movie WEB Tier 3', 'WEB-DL', 'web_dl');
INSERT OR REPLACE INTO custom_format_conditions (custom_format_name, name, type, arr_type, negate, required) VALUES ('1080p Efficient Movie WEB Tier 3', 'WEBRip', 'source', 'all', 0, 0);
INSERT OR REPLACE INTO condition_sources (custom_format_name, condition_name, source) VALUES ('1080p Efficient Movie WEB Tier 3', 'WEBRip', 'webrip');
INSERT OR REPLACE INTO custom_format_conditions (custom_format_name, name, type, arr_type, negate, required) VALUES ('1080p Efficient Movie WEB Tier 3', 'edge2020', 'release_group', 'all', 0, 0);
INSERT OR REPLACE INTO condition_patterns (custom_format_name, condition_name, regular_expression_name) VALUES ('1080p Efficient Movie WEB Tier 3', 'edge2020', 'edge2020');
INSERT OR REPLACE INTO custom_format_conditions (custom_format_name, name, type, arr_type, negate, required) VALUES ('1080p Efficient Movie WEB Tier 3', 'R1GY3B', 'release_group', 'all', 0, 0);
INSERT OR REPLACE INTO condition_patterns (custom_format_name, condition_name, regular_expression_name) VALUES ('1080p Efficient Movie WEB Tier 3', 'R1GY3B', 'R1GY3B');
INSERT OR REPLACE INTO custom_format_conditions (custom_format_name, name, type, arr_type, negate, required) VALUES ('1080p Efficient Movie WEB Tier 3', 'ToNaTo', 'release_group', 'all', 0, 0);
INSERT OR REPLACE INTO condition_patterns (custom_format_name, condition_name, regular_expression_name) VALUES ('1080p Efficient Movie WEB Tier 3', 'ToNaTo', 'ToNaTo');
INSERT OR REPLACE INTO custom_format_conditions (custom_format_name, name, type, arr_type, negate, required) VALUES ('1080p Efficient Movie WEB Tier 3', 'Vyndros', 'release_group', 'all', 0, 0);
INSERT OR REPLACE INTO condition_patterns (custom_format_name, condition_name, regular_expression_name) VALUES ('1080p Efficient Movie WEB Tier 3', 'Vyndros', 'Vyndros');
INSERT OR IGNORE INTO custom_format_tests (custom_format_name, title, type, should_match, description) VALUES ('1080p Efficient Movie WEB Tier 3', 'Contact.1997.BluRay.1080p.DDP.5.1.x264-hallowed', 'movie', 1, NULL);
INSERT OR IGNORE INTO custom_format_tests (custom_format_name, title, type, should_match, description) VALUES ('1080p Efficient Movie WEB Tier 3', 'Gladiator.2000.Extended.Cut.UHD.BluRay.2160p.DDP.7.1.DV.HDR.x265-hallowed', 'movie', 1, NULL);
INSERT OR IGNORE INTO custom_format_tests (custom_format_name, title, type, should_match, description) VALUES ('1080p Efficient Movie WEB Tier 3', 'Yi Yi 2000 BluRay 720p DD 2 0 x264-BHDStudio', 'movie', 1, NULL);
INSERT OR IGNORE INTO custom_format_tests (custom_format_name, title, type, should_match, description) VALUES ('1080p Efficient Movie WEB Tier 3', 'Winnie the Pooh - Blood and Honey (2023) 2160p UHD BluRay x265 DV HDR DD 5.1 English-BHDStudio', 'movie', 1, NULL);
INSERT OR REPLACE INTO custom_formats (name, description, include_in_rename) VALUES ('1080p Efficient Movie WEB Tier 4', 'Matches release groups who fall under 1080p Efficient WEB Tier 3', 0);
INSERT OR IGNORE INTO custom_format_tags (custom_format_name, tag_name) VALUES ('1080p Efficient Movie WEB Tier 4', 'Release Group Tier');
INSERT OR IGNORE INTO custom_format_tags (custom_format_name, tag_name) VALUES ('1080p Efficient Movie WEB Tier 4', '1080p');
INSERT OR IGNORE INTO custom_format_tags (custom_format_name, tag_name) VALUES ('1080p Efficient Movie WEB Tier 4', 'Efficient');
INSERT OR IGNORE INTO custom_format_tags (custom_format_name, tag_name) VALUES ('1080p Efficient Movie WEB Tier 4', 'Movie');
INSERT OR REPLACE INTO custom_format_conditions (custom_format_name, name, type, arr_type, negate, required) VALUES ('1080p Efficient Movie WEB Tier 4', '1080p', 'resolution', 'all', 0, 1);
INSERT OR REPLACE INTO condition_resolutions (custom_format_name, condition_name, resolution) VALUES ('1080p Efficient Movie WEB Tier 4', '1080p', '1080p');
INSERT OR REPLACE INTO custom_format_conditions (custom_format_name, name, type, arr_type, negate, required) VALUES ('1080p Efficient Movie WEB Tier 4', 'x265', 'release_title', 'all', 0, 1);
INSERT OR REPLACE INTO condition_patterns (custom_format_name, condition_name, regular_expression_name) VALUES ('1080p Efficient Movie WEB Tier 4', 'x265', 'x265 (Efficient)');
INSERT OR REPLACE INTO custom_format_conditions (custom_format_name, name, type, arr_type, negate, required) VALUES ('1080p Efficient Movie WEB Tier 4', 'WEB-DL', 'source', 'all', 0, 0);
INSERT OR REPLACE INTO condition_sources (custom_format_name, condition_name, source) VALUES ('1080p Efficient Movie WEB Tier 4', 'WEB-DL', 'web_dl');
INSERT OR REPLACE INTO custom_format_conditions (custom_format_name, name, type, arr_type, negate, required) VALUES ('1080p Efficient Movie WEB Tier 4', 'WEBRip', 'source', 'all', 0, 0);
INSERT OR REPLACE INTO condition_sources (custom_format_name, condition_name, source) VALUES ('1080p Efficient Movie WEB Tier 4', 'WEBRip', 'webrip');
INSERT OR REPLACE INTO custom_format_conditions (custom_format_name, name, type, arr_type, negate, required) VALUES ('1080p Efficient Movie WEB Tier 4', 'noxxus', 'release_group', 'all', 0, 0);
INSERT OR REPLACE INTO condition_patterns (custom_format_name, condition_name, regular_expression_name) VALUES ('1080p Efficient Movie WEB Tier 4', 'noxxus', 'noxxus');
INSERT OR REPLACE INTO custom_format_conditions (custom_format_name, name, type, arr_type, negate, required) VALUES ('1080p Efficient Movie WEB Tier 4', 'SARTRE', 'release_group', 'all', 0, 0);
INSERT OR REPLACE INTO condition_patterns (custom_format_name, condition_name, regular_expression_name) VALUES ('1080p Efficient Movie WEB Tier 4', 'SARTRE', 'SARTRE');
INSERT OR REPLACE INTO custom_format_conditions (custom_format_name, name, type, arr_type, negate, required) VALUES ('1080p Efficient Movie WEB Tier 4', 'Ralphy', 'release_group', 'all', 0, 0);
INSERT OR REPLACE INTO condition_patterns (custom_format_name, condition_name, regular_expression_name) VALUES ('1080p Efficient Movie WEB Tier 4', 'Ralphy', 'Ralphy');
INSERT OR REPLACE INTO custom_format_conditions (custom_format_name, name, type, arr_type, negate, required) VALUES ('1080p Efficient Movie WEB Tier 4', 'YELLO', 'release_group', 'all', 0, 0);
INSERT OR REPLACE INTO condition_patterns (custom_format_name, condition_name, regular_expression_name) VALUES ('1080p Efficient Movie WEB Tier 4', 'YELLO', 'YELLO');
INSERT OR IGNORE INTO custom_format_tests (custom_format_name, title, type, should_match, description) VALUES ('1080p Efficient Movie WEB Tier 4', 'Contact.1997.BluRay.1080p.DDP.5.1.x264-hallowed', 'movie', 1, NULL);
INSERT OR IGNORE INTO custom_format_tests (custom_format_name, title, type, should_match, description) VALUES ('1080p Efficient Movie WEB Tier 4', 'Gladiator.2000.Extended.Cut.UHD.BluRay.2160p.DDP.7.1.DV.HDR.x265-hallowed', 'movie', 1, NULL);
INSERT OR IGNORE INTO custom_format_tests (custom_format_name, title, type, should_match, description) VALUES ('1080p Efficient Movie WEB Tier 4', 'Yi Yi 2000 BluRay 720p DD 2 0 x264-BHDStudio', 'movie', 1, NULL);
INSERT OR IGNORE INTO custom_format_tests (custom_format_name, title, type, should_match, description) VALUES ('1080p Efficient Movie WEB Tier 4', 'Winnie the Pooh - Blood and Honey (2023) 2160p UHD BluRay x265 DV HDR DD 5.1 English-BHDStudio', 'movie', 1, NULL);
INSERT OR REPLACE INTO custom_formats (name, description, include_in_rename) VALUES ('1080p Efficient TV Bluray Tier 1', 'Matches release groups who fall under 1080p Efficient Bluray Tier 1', 0);
INSERT OR IGNORE INTO custom_format_tags (custom_format_name, tag_name) VALUES ('1080p Efficient TV Bluray Tier 1', 'Release Group Tier');
INSERT OR IGNORE INTO custom_format_tags (custom_format_name, tag_name) VALUES ('1080p Efficient TV Bluray Tier 1', '1080p');
INSERT OR IGNORE INTO custom_format_tags (custom_format_name, tag_name) VALUES ('1080p Efficient TV Bluray Tier 1', 'Efficient');
INSERT OR IGNORE INTO custom_format_tags (custom_format_name, tag_name) VALUES ('1080p Efficient TV Bluray Tier 1', 'TV');
INSERT OR REPLACE INTO custom_format_conditions (custom_format_name, name, type, arr_type, negate, required) VALUES ('1080p Efficient TV Bluray Tier 1', '1080p', 'resolution', 'all', 0, 1);
INSERT OR REPLACE INTO condition_resolutions (custom_format_name, condition_name, resolution) VALUES ('1080p Efficient TV Bluray Tier 1', '1080p', '1080p');
INSERT OR REPLACE INTO custom_format_conditions (custom_format_name, name, type, arr_type, negate, required) VALUES ('1080p Efficient TV Bluray Tier 1', 'Bluray', 'source', 'all', 0, 1);
INSERT OR REPLACE INTO condition_sources (custom_format_name, condition_name, source) VALUES ('1080p Efficient TV Bluray Tier 1', 'Bluray', 'bluray');
INSERT OR REPLACE INTO custom_format_conditions (custom_format_name, name, type, arr_type, negate, required) VALUES ('1080p Efficient TV Bluray Tier 1', 'x265', 'release_title', 'all', 0, 1);
INSERT OR REPLACE INTO condition_patterns (custom_format_name, condition_name, regular_expression_name) VALUES ('1080p Efficient TV Bluray Tier 1', 'x265', 'x265 (Efficient)');
INSERT OR REPLACE INTO custom_format_conditions (custom_format_name, name, type, arr_type, negate, required) VALUES ('1080p Efficient TV Bluray Tier 1', 'NAN0', 'release_group', 'all', 0, 0);
INSERT OR REPLACE INTO condition_patterns (custom_format_name, condition_name, regular_expression_name) VALUES ('1080p Efficient TV Bluray Tier 1', 'NAN0', 'NAN0');
INSERT OR REPLACE INTO custom_format_conditions (custom_format_name, name, type, arr_type, negate, required) VALUES ('1080p Efficient TV Bluray Tier 1', 'QxR', 'release_group', 'all', 0, 0);
INSERT OR REPLACE INTO condition_patterns (custom_format_name, condition_name, regular_expression_name) VALUES ('1080p Efficient TV Bluray Tier 1', 'QxR', 'QxR');
INSERT OR REPLACE INTO custom_format_conditions (custom_format_name, name, type, arr_type, negate, required) VALUES ('1080p Efficient TV Bluray Tier 1', 'TAoE', 'release_group', 'all', 0, 0);
INSERT OR REPLACE INTO condition_patterns (custom_format_name, condition_name, regular_expression_name) VALUES ('1080p Efficient TV Bluray Tier 1', 'TAoE', 'TAoE');
INSERT OR REPLACE INTO custom_format_conditions (custom_format_name, name, type, arr_type, negate, required) VALUES ('1080p Efficient TV Bluray Tier 1', 'Vialle', 'release_group', 'all', 0, 0);
INSERT OR REPLACE INTO condition_patterns (custom_format_name, condition_name, regular_expression_name) VALUES ('1080p Efficient TV Bluray Tier 1', 'Vialle', 'Vialle');
INSERT OR IGNORE INTO custom_format_tests (custom_format_name, title, type, should_match, description) VALUES ('1080p Efficient TV Bluray Tier 1', 'Contact.1997.BluRay.1080p.DDP.5.1.x264-hallowed', 'movie', 1, NULL);
INSERT OR IGNORE INTO custom_format_tests (custom_format_name, title, type, should_match, description) VALUES ('1080p Efficient TV Bluray Tier 1', 'Gladiator.2000.Extended.Cut.UHD.BluRay.2160p.DDP.7.1.DV.HDR.x265-hallowed', 'movie', 1, NULL);
INSERT OR IGNORE INTO custom_format_tests (custom_format_name, title, type, should_match, description) VALUES ('1080p Efficient TV Bluray Tier 1', 'Yi Yi 2000 BluRay 720p DD 2 0 x264-BHDStudio', 'movie', 1, NULL);
INSERT OR IGNORE INTO custom_format_tests (custom_format_name, title, type, should_match, description) VALUES ('1080p Efficient TV Bluray Tier 1', 'Winnie the Pooh - Blood and Honey (2023) 2160p UHD BluRay x265 DV HDR DD 5.1 English-BHDStudio', 'movie', 1, NULL);
INSERT OR REPLACE INTO custom_formats (name, description, include_in_rename) VALUES ('1080p Efficient TV Bluray Tier 2', 'Matches release groups who fall under 1080p Efficient Bluray Tier 2', 0);
INSERT OR IGNORE INTO custom_format_tags (custom_format_name, tag_name) VALUES ('1080p Efficient TV Bluray Tier 2', 'Release Group Tier');
INSERT OR IGNORE INTO custom_format_tags (custom_format_name, tag_name) VALUES ('1080p Efficient TV Bluray Tier 2', '1080p');
INSERT OR IGNORE INTO custom_format_tags (custom_format_name, tag_name) VALUES ('1080p Efficient TV Bluray Tier 2', 'Efficient');
INSERT OR IGNORE INTO custom_format_tags (custom_format_name, tag_name) VALUES ('1080p Efficient TV Bluray Tier 2', 'TV');
INSERT OR REPLACE INTO custom_format_conditions (custom_format_name, name, type, arr_type, negate, required) VALUES ('1080p Efficient TV Bluray Tier 2', '1080p', 'resolution', 'all', 0, 1);
INSERT OR REPLACE INTO condition_resolutions (custom_format_name, condition_name, resolution) VALUES ('1080p Efficient TV Bluray Tier 2', '1080p', '1080p');
INSERT OR REPLACE INTO custom_format_conditions (custom_format_name, name, type, arr_type, negate, required) VALUES ('1080p Efficient TV Bluray Tier 2', 'Bluray', 'source', 'all', 0, 1);
INSERT OR REPLACE INTO condition_sources (custom_format_name, condition_name, source) VALUES ('1080p Efficient TV Bluray Tier 2', 'Bluray', 'bluray');
INSERT OR REPLACE INTO custom_format_conditions (custom_format_name, name, type, arr_type, negate, required) VALUES ('1080p Efficient TV Bluray Tier 2', 'x265', 'release_title', 'all', 0, 1);
INSERT OR REPLACE INTO condition_patterns (custom_format_name, condition_name, regular_expression_name) VALUES ('1080p Efficient TV Bluray Tier 2', 'x265', 'x265 (Efficient)');
INSERT OR REPLACE INTO custom_format_conditions (custom_format_name, name, type, arr_type, negate, required) VALUES ('1080p Efficient TV Bluray Tier 2', 'Not HONE', 'release_title', 'all', 1, 1);
INSERT OR REPLACE INTO condition_patterns (custom_format_name, condition_name, regular_expression_name) VALUES ('1080p Efficient TV Bluray Tier 2', 'Not HONE', 'HONE');
INSERT OR REPLACE INTO custom_format_conditions (custom_format_name, name, type, arr_type, negate, required) VALUES ('1080p Efficient TV Bluray Tier 2', 'DarQ', 'release_group', 'all', 0, 0);
INSERT OR REPLACE INTO condition_patterns (custom_format_name, condition_name, regular_expression_name) VALUES ('1080p Efficient TV Bluray Tier 2', 'DarQ', 'DarQ');
INSERT OR REPLACE INTO custom_format_conditions (custom_format_name, name, type, arr_type, negate, required) VALUES ('1080p Efficient TV Bluray Tier 2', 'dkore', 'release_group', 'all', 0, 0);
INSERT OR REPLACE INTO condition_patterns (custom_format_name, condition_name, regular_expression_name) VALUES ('1080p Efficient TV Bluray Tier 2', 'dkore', 'dkore');
INSERT OR REPLACE INTO custom_format_conditions (custom_format_name, name, type, arr_type, negate, required) VALUES ('1080p Efficient TV Bluray Tier 2', 'GRiMM', 'release_group', 'all', 0, 0);
INSERT OR REPLACE INTO condition_patterns (custom_format_name, condition_name, regular_expression_name) VALUES ('1080p Efficient TV Bluray Tier 2', 'GRiMM', 'GRiMM');
INSERT OR REPLACE INTO custom_format_conditions (custom_format_name, name, type, arr_type, negate, required) VALUES ('1080p Efficient TV Bluray Tier 2', 'MNHD', 'release_group', 'all', 0, 0);
INSERT OR REPLACE INTO condition_patterns (custom_format_name, condition_name, regular_expression_name) VALUES ('1080p Efficient TV Bluray Tier 2', 'MNHD', 'MNHD');
INSERT OR IGNORE INTO custom_format_tests (custom_format_name, title, type, should_match, description) VALUES ('1080p Efficient TV Bluray Tier 2', 'Contact.1997.BluRay.1080p.DDP.5.1.x264-hallowed', 'movie', 1, NULL);
INSERT OR IGNORE INTO custom_format_tests (custom_format_name, title, type, should_match, description) VALUES ('1080p Efficient TV Bluray Tier 2', 'Gladiator.2000.Extended.Cut.UHD.BluRay.2160p.DDP.7.1.DV.HDR.x265-hallowed', 'movie', 1, NULL);
INSERT OR IGNORE INTO custom_format_tests (custom_format_name, title, type, should_match, description) VALUES ('1080p Efficient TV Bluray Tier 2', 'Yi Yi 2000 BluRay 720p DD 2 0 x264-BHDStudio', 'movie', 1, NULL);
INSERT OR IGNORE INTO custom_format_tests (custom_format_name, title, type, should_match, description) VALUES ('1080p Efficient TV Bluray Tier 2', 'Winnie the Pooh - Blood and Honey (2023) 2160p UHD BluRay x265 DV HDR DD 5.1 English-BHDStudio', 'movie', 1, NULL);
INSERT OR REPLACE INTO custom_formats (name, description, include_in_rename) VALUES ('1080p Efficient TV Bluray Tier 3', 'Matches release groups who fall under 1080p Efficient Bluray Tier 3', 0);
INSERT OR IGNORE INTO custom_format_tags (custom_format_name, tag_name) VALUES ('1080p Efficient TV Bluray Tier 3', 'Release Group Tier');
INSERT OR IGNORE INTO custom_format_tags (custom_format_name, tag_name) VALUES ('1080p Efficient TV Bluray Tier 3', '1080p');
INSERT OR IGNORE INTO custom_format_tags (custom_format_name, tag_name) VALUES ('1080p Efficient TV Bluray Tier 3', 'Efficient');
INSERT OR IGNORE INTO custom_format_tags (custom_format_name, tag_name) VALUES ('1080p Efficient TV Bluray Tier 3', 'TV');
INSERT OR REPLACE INTO custom_format_conditions (custom_format_name, name, type, arr_type, negate, required) VALUES ('1080p Efficient TV Bluray Tier 3', '1080p', 'resolution', 'all', 0, 1);
INSERT OR REPLACE INTO condition_resolutions (custom_format_name, condition_name, resolution) VALUES ('1080p Efficient TV Bluray Tier 3', '1080p', '1080p');
INSERT OR REPLACE INTO custom_format_conditions (custom_format_name, name, type, arr_type, negate, required) VALUES ('1080p Efficient TV Bluray Tier 3', 'Bluray', 'source', 'all', 0, 1);
INSERT OR REPLACE INTO condition_sources (custom_format_name, condition_name, source) VALUES ('1080p Efficient TV Bluray Tier 3', 'Bluray', 'bluray');
INSERT OR REPLACE INTO custom_format_conditions (custom_format_name, name, type, arr_type, negate, required) VALUES ('1080p Efficient TV Bluray Tier 3', 'x265', 'release_title', 'all', 0, 1);
INSERT OR REPLACE INTO condition_patterns (custom_format_name, condition_name, regular_expression_name) VALUES ('1080p Efficient TV Bluray Tier 3', 'x265', 'x265 (Efficient)');
INSERT OR REPLACE INTO custom_format_conditions (custom_format_name, name, type, arr_type, negate, required) VALUES ('1080p Efficient TV Bluray Tier 3', 'LSt', 'release_group', 'all', 0, 0);
INSERT OR REPLACE INTO condition_patterns (custom_format_name, condition_name, regular_expression_name) VALUES ('1080p Efficient TV Bluray Tier 3', 'LSt', 'LSt');
INSERT OR IGNORE INTO custom_format_tests (custom_format_name, title, type, should_match, description) VALUES ('1080p Efficient TV Bluray Tier 3', 'Contact.1997.BluRay.1080p.DDP.5.1.x264-hallowed', 'movie', 1, NULL);
INSERT OR IGNORE INTO custom_format_tests (custom_format_name, title, type, should_match, description) VALUES ('1080p Efficient TV Bluray Tier 3', 'Gladiator.2000.Extended.Cut.UHD.BluRay.2160p.DDP.7.1.DV.HDR.x265-hallowed', 'movie', 1, NULL);
INSERT OR IGNORE INTO custom_format_tests (custom_format_name, title, type, should_match, description) VALUES ('1080p Efficient TV Bluray Tier 3', 'Yi Yi 2000 BluRay 720p DD 2 0 x264-BHDStudio', 'movie', 1, NULL);
INSERT OR IGNORE INTO custom_format_tests (custom_format_name, title, type, should_match, description) VALUES ('1080p Efficient TV Bluray Tier 3', 'Winnie the Pooh - Blood and Honey (2023) 2160p UHD BluRay x265 DV HDR DD 5.1 English-BHDStudio', 'movie', 1, NULL);
INSERT OR REPLACE INTO custom_formats (name, description, include_in_rename) VALUES ('1080p Efficient TV Bluray Tier 4', 'Matches release groups who fall under 1080p Efficient Bluray Tier 4', 0);
INSERT OR IGNORE INTO custom_format_tags (custom_format_name, tag_name) VALUES ('1080p Efficient TV Bluray Tier 4', 'Release Group Tier');
INSERT OR IGNORE INTO custom_format_tags (custom_format_name, tag_name) VALUES ('1080p Efficient TV Bluray Tier 4', '1080p');
INSERT OR IGNORE INTO custom_format_tags (custom_format_name, tag_name) VALUES ('1080p Efficient TV Bluray Tier 4', 'Efficient');
INSERT OR IGNORE INTO custom_format_tags (custom_format_name, tag_name) VALUES ('1080p Efficient TV Bluray Tier 4', 'TV');
INSERT OR REPLACE INTO custom_format_conditions (custom_format_name, name, type, arr_type, negate, required) VALUES ('1080p Efficient TV Bluray Tier 4', '1080p', 'resolution', 'all', 0, 1);
INSERT OR REPLACE INTO condition_resolutions (custom_format_name, condition_name, resolution) VALUES ('1080p Efficient TV Bluray Tier 4', '1080p', '1080p');
INSERT OR REPLACE INTO custom_format_conditions (custom_format_name, name, type, arr_type, negate, required) VALUES ('1080p Efficient TV Bluray Tier 4', 'Bluray', 'source', 'all', 0, 1);
INSERT OR REPLACE INTO condition_sources (custom_format_name, condition_name, source) VALUES ('1080p Efficient TV Bluray Tier 4', 'Bluray', 'bluray');
INSERT OR REPLACE INTO custom_format_conditions (custom_format_name, name, type, arr_type, negate, required) VALUES ('1080p Efficient TV Bluray Tier 4', 'x265', 'release_title', 'all', 0, 1);
INSERT OR REPLACE INTO condition_patterns (custom_format_name, condition_name, regular_expression_name) VALUES ('1080p Efficient TV Bluray Tier 4', 'x265', 'x265 (Efficient)');
INSERT OR REPLACE INTO custom_format_conditions (custom_format_name, name, type, arr_type, negate, required) VALUES ('1080p Efficient TV Bluray Tier 4', 'bluegreeen', 'release_group', 'all', 0, 0);
INSERT OR REPLACE INTO condition_patterns (custom_format_name, condition_name, regular_expression_name) VALUES ('1080p Efficient TV Bluray Tier 4', 'bluegreeen', 'bluegreeen');
INSERT OR REPLACE INTO custom_format_conditions (custom_format_name, name, type, arr_type, negate, required) VALUES ('1080p Efficient TV Bluray Tier 4', 'cXcY', 'release_group', 'all', 0, 0);
INSERT OR REPLACE INTO condition_patterns (custom_format_name, condition_name, regular_expression_name) VALUES ('1080p Efficient TV Bluray Tier 4', 'cXcY', 'cXcY');
INSERT OR REPLACE INTO custom_format_conditions (custom_format_name, name, type, arr_type, negate, required) VALUES ('1080p Efficient TV Bluray Tier 4', 'edge2020', 'release_group', 'all', 0, 0);
INSERT OR REPLACE INTO condition_patterns (custom_format_name, condition_name, regular_expression_name) VALUES ('1080p Efficient TV Bluray Tier 4', 'edge2020', 'edge2020');
INSERT OR REPLACE INTO custom_format_conditions (custom_format_name, name, type, arr_type, negate, required) VALUES ('1080p Efficient TV Bluray Tier 4', 'R1GY3B', 'release_group', 'all', 0, 0);
INSERT OR REPLACE INTO condition_patterns (custom_format_name, condition_name, regular_expression_name) VALUES ('1080p Efficient TV Bluray Tier 4', 'R1GY3B', 'R1GY3B');
INSERT OR REPLACE INTO custom_format_conditions (custom_format_name, name, type, arr_type, negate, required) VALUES ('1080p Efficient TV Bluray Tier 4', 'Ralphy', 'release_group', 'all', 0, 0);
INSERT OR REPLACE INTO condition_patterns (custom_format_name, condition_name, regular_expression_name) VALUES ('1080p Efficient TV Bluray Tier 4', 'Ralphy', 'Ralphy');
INSERT OR REPLACE INTO custom_format_conditions (custom_format_name, name, type, arr_type, negate, required) VALUES ('1080p Efficient TV Bluray Tier 4', 'TimeDistortion', 'release_group', 'all', 0, 0);
INSERT OR REPLACE INTO condition_patterns (custom_format_name, condition_name, regular_expression_name) VALUES ('1080p Efficient TV Bluray Tier 4', 'TimeDistortion', 'TimeDistortion');
INSERT OR REPLACE INTO custom_format_conditions (custom_format_name, name, type, arr_type, negate, required) VALUES ('1080p Efficient TV Bluray Tier 4', 'ToNaTo', 'release_group', 'all', 0, 0);
INSERT OR REPLACE INTO condition_patterns (custom_format_name, condition_name, regular_expression_name) VALUES ('1080p Efficient TV Bluray Tier 4', 'ToNaTo', 'ToNaTo');
INSERT OR REPLACE INTO custom_format_conditions (custom_format_name, name, type, arr_type, negate, required) VALUES ('1080p Efficient TV Bluray Tier 4', 'YELLO', 'release_group', 'all', 0, 0);
INSERT OR REPLACE INTO condition_patterns (custom_format_name, condition_name, regular_expression_name) VALUES ('1080p Efficient TV Bluray Tier 4', 'YELLO', 'YELLO');
INSERT OR IGNORE INTO custom_format_tests (custom_format_name, title, type, should_match, description) VALUES ('1080p Efficient TV Bluray Tier 4', 'Contact.1997.BluRay.1080p.DDP.5.1.x264-hallowed', 'movie', 1, NULL);
INSERT OR IGNORE INTO custom_format_tests (custom_format_name, title, type, should_match, description) VALUES ('1080p Efficient TV Bluray Tier 4', 'Gladiator.2000.Extended.Cut.UHD.BluRay.2160p.DDP.7.1.DV.HDR.x265-hallowed', 'movie', 1, NULL);
INSERT OR IGNORE INTO custom_format_tests (custom_format_name, title, type, should_match, description) VALUES ('1080p Efficient TV Bluray Tier 4', 'Yi Yi 2000 BluRay 720p DD 2 0 x264-BHDStudio', 'movie', 1, NULL);
INSERT OR IGNORE INTO custom_format_tests (custom_format_name, title, type, should_match, description) VALUES ('1080p Efficient TV Bluray Tier 4', 'Winnie the Pooh - Blood and Honey (2023) 2160p UHD BluRay x265 DV HDR DD 5.1 English-BHDStudio', 'movie', 1, NULL);
INSERT OR REPLACE INTO custom_formats (name, description, include_in_rename) VALUES ('1080p Efficient TV Bluray Tier 5', 'Matches release groups who fall under 1080p Efficient Bluray Tier 5', 0);
INSERT OR IGNORE INTO custom_format_tags (custom_format_name, tag_name) VALUES ('1080p Efficient TV Bluray Tier 5', 'Release Group Tier');
INSERT OR IGNORE INTO custom_format_tags (custom_format_name, tag_name) VALUES ('1080p Efficient TV Bluray Tier 5', '1080p');
INSERT OR IGNORE INTO custom_format_tags (custom_format_name, tag_name) VALUES ('1080p Efficient TV Bluray Tier 5', 'Efficient');
INSERT OR IGNORE INTO custom_format_tags (custom_format_name, tag_name) VALUES ('1080p Efficient TV Bluray Tier 5', 'TV');
INSERT OR REPLACE INTO custom_format_conditions (custom_format_name, name, type, arr_type, negate, required) VALUES ('1080p Efficient TV Bluray Tier 5', '1080p', 'resolution', 'all', 0, 1);
INSERT OR REPLACE INTO condition_resolutions (custom_format_name, condition_name, resolution) VALUES ('1080p Efficient TV Bluray Tier 5', '1080p', '1080p');
INSERT OR REPLACE INTO custom_format_conditions (custom_format_name, name, type, arr_type, negate, required) VALUES ('1080p Efficient TV Bluray Tier 5', 'Bluray', 'source', 'all', 0, 1);
INSERT OR REPLACE INTO condition_sources (custom_format_name, condition_name, source) VALUES ('1080p Efficient TV Bluray Tier 5', 'Bluray', 'bluray');
INSERT OR REPLACE INTO custom_format_conditions (custom_format_name, name, type, arr_type, negate, required) VALUES ('1080p Efficient TV Bluray Tier 5', 'x265', 'release_title', 'all', 0, 1);
INSERT OR REPLACE INTO condition_patterns (custom_format_name, condition_name, regular_expression_name) VALUES ('1080p Efficient TV Bluray Tier 5', 'x265', 'x265 (Efficient)');
INSERT OR REPLACE INTO custom_format_conditions (custom_format_name, name, type, arr_type, negate, required) VALUES ('1080p Efficient TV Bluray Tier 5', 'Vyndros', 'release_group', 'all', 0, 0);
INSERT OR REPLACE INTO condition_patterns (custom_format_name, condition_name, regular_expression_name) VALUES ('1080p Efficient TV Bluray Tier 5', 'Vyndros', 'Vyndros');
INSERT OR IGNORE INTO custom_format_tests (custom_format_name, title, type, should_match, description) VALUES ('1080p Efficient TV Bluray Tier 5', 'Contact.1997.BluRay.1080p.DDP.5.1.x264-hallowed', 'movie', 1, NULL);
INSERT OR IGNORE INTO custom_format_tests (custom_format_name, title, type, should_match, description) VALUES ('1080p Efficient TV Bluray Tier 5', 'Gladiator.2000.Extended.Cut.UHD.BluRay.2160p.DDP.7.1.DV.HDR.x265-hallowed', 'movie', 1, NULL);
INSERT OR IGNORE INTO custom_format_tests (custom_format_name, title, type, should_match, description) VALUES ('1080p Efficient TV Bluray Tier 5', 'Yi Yi 2000 BluRay 720p DD 2 0 x264-BHDStudio', 'movie', 1, NULL);
INSERT OR IGNORE INTO custom_format_tests (custom_format_name, title, type, should_match, description) VALUES ('1080p Efficient TV Bluray Tier 5', 'Winnie the Pooh - Blood and Honey (2023) 2160p UHD BluRay x265 DV HDR DD 5.1 English-BHDStudio', 'movie', 1, NULL);
INSERT OR REPLACE INTO custom_formats (name, description, include_in_rename) VALUES ('1080p Efficient TV Bluray Tier 6', 'Matches release groups who fall under 1080p Efficient Bluray Tier 6', 0);
INSERT OR IGNORE INTO custom_format_tags (custom_format_name, tag_name) VALUES ('1080p Efficient TV Bluray Tier 6', 'Release Group Tier');
INSERT OR IGNORE INTO custom_format_tags (custom_format_name, tag_name) VALUES ('1080p Efficient TV Bluray Tier 6', '1080p');
INSERT OR IGNORE INTO custom_format_tags (custom_format_name, tag_name) VALUES ('1080p Efficient TV Bluray Tier 6', 'Efficient');
INSERT OR IGNORE INTO custom_format_tags (custom_format_name, tag_name) VALUES ('1080p Efficient TV Bluray Tier 6', 'TV');
INSERT OR REPLACE INTO custom_format_conditions (custom_format_name, name, type, arr_type, negate, required) VALUES ('1080p Efficient TV Bluray Tier 6', '1080p', 'resolution', 'all', 0, 1);
INSERT OR REPLACE INTO condition_resolutions (custom_format_name, condition_name, resolution) VALUES ('1080p Efficient TV Bluray Tier 6', '1080p', '1080p');
INSERT OR REPLACE INTO custom_format_conditions (custom_format_name, name, type, arr_type, negate, required) VALUES ('1080p Efficient TV Bluray Tier 6', 'Bluray', 'source', 'all', 0, 1);
INSERT OR REPLACE INTO condition_sources (custom_format_name, condition_name, source) VALUES ('1080p Efficient TV Bluray Tier 6', 'Bluray', 'bluray');
INSERT OR REPLACE INTO custom_format_conditions (custom_format_name, name, type, arr_type, negate, required) VALUES ('1080p Efficient TV Bluray Tier 6', 'x265', 'release_title', 'all', 0, 1);
INSERT OR REPLACE INTO condition_patterns (custom_format_name, condition_name, regular_expression_name) VALUES ('1080p Efficient TV Bluray Tier 6', 'x265', 'x265 (Efficient)');
INSERT OR REPLACE INTO custom_format_conditions (custom_format_name, name, type, arr_type, negate, required) VALUES ('1080p Efficient TV Bluray Tier 6', 'iVy', 'release_group', 'all', 0, 0);
INSERT OR REPLACE INTO condition_patterns (custom_format_name, condition_name, regular_expression_name) VALUES ('1080p Efficient TV Bluray Tier 6', 'iVy', 'iVy');
INSERT OR REPLACE INTO custom_format_conditions (custom_format_name, name, type, arr_type, negate, required) VALUES ('1080p Efficient TV Bluray Tier 6', 'KONTRAST', 'release_group', 'all', 0, 0);
INSERT OR REPLACE INTO condition_patterns (custom_format_name, condition_name, regular_expression_name) VALUES ('1080p Efficient TV Bluray Tier 6', 'KONTRAST', 'KONTRAST');
INSERT OR REPLACE INTO custom_format_conditions (custom_format_name, name, type, arr_type, negate, required) VALUES ('1080p Efficient TV Bluray Tier 6', 'PHOCiS', 'release_group', 'all', 0, 0);
INSERT OR REPLACE INTO condition_patterns (custom_format_name, condition_name, regular_expression_name) VALUES ('1080p Efficient TV Bluray Tier 6', 'PHOCiS', 'PHOCiS');
INSERT OR REPLACE INTO custom_format_conditions (custom_format_name, name, type, arr_type, negate, required) VALUES ('1080p Efficient TV Bluray Tier 6', 'YAWNiX', 'release_group', 'all', 0, 0);
INSERT OR REPLACE INTO condition_patterns (custom_format_name, condition_name, regular_expression_name) VALUES ('1080p Efficient TV Bluray Tier 6', 'YAWNiX', 'YAWNiX');
INSERT OR IGNORE INTO custom_format_tests (custom_format_name, title, type, should_match, description) VALUES ('1080p Efficient TV Bluray Tier 6', 'Contact.1997.BluRay.1080p.DDP.5.1.x264-hallowed', 'movie', 1, NULL);
INSERT OR IGNORE INTO custom_format_tests (custom_format_name, title, type, should_match, description) VALUES ('1080p Efficient TV Bluray Tier 6', 'Gladiator.2000.Extended.Cut.UHD.BluRay.2160p.DDP.7.1.DV.HDR.x265-hallowed', 'movie', 1, NULL);
INSERT OR IGNORE INTO custom_format_tests (custom_format_name, title, type, should_match, description) VALUES ('1080p Efficient TV Bluray Tier 6', 'Yi Yi 2000 BluRay 720p DD 2 0 x264-BHDStudio', 'movie', 1, NULL);
INSERT OR IGNORE INTO custom_format_tests (custom_format_name, title, type, should_match, description) VALUES ('1080p Efficient TV Bluray Tier 6', 'Winnie the Pooh - Blood and Honey (2023) 2160p UHD BluRay x265 DV HDR DD 5.1 English-BHDStudio', 'movie', 1, NULL);
INSERT OR REPLACE INTO custom_formats (name, description, include_in_rename) VALUES ('1080p Efficient TV WEB Tier 1', 'Matches release groups who fall under 1080p Efficient WEB Tier 1', 0);
INSERT OR IGNORE INTO custom_format_tags (custom_format_name, tag_name) VALUES ('1080p Efficient TV WEB Tier 1', 'Release Group Tier');
INSERT OR IGNORE INTO custom_format_tags (custom_format_name, tag_name) VALUES ('1080p Efficient TV WEB Tier 1', '1080p');
INSERT OR IGNORE INTO custom_format_tags (custom_format_name, tag_name) VALUES ('1080p Efficient TV WEB Tier 1', 'Efficient');
INSERT OR IGNORE INTO custom_format_tags (custom_format_name, tag_name) VALUES ('1080p Efficient TV WEB Tier 1', 'TV');
INSERT OR REPLACE INTO custom_format_conditions (custom_format_name, name, type, arr_type, negate, required) VALUES ('1080p Efficient TV WEB Tier 1', '1080p', 'resolution', 'all', 0, 1);
INSERT OR REPLACE INTO condition_resolutions (custom_format_name, condition_name, resolution) VALUES ('1080p Efficient TV WEB Tier 1', '1080p', '1080p');
INSERT OR REPLACE INTO custom_format_conditions (custom_format_name, name, type, arr_type, negate, required) VALUES ('1080p Efficient TV WEB Tier 1', 'x265', 'release_title', 'all', 0, 1);
INSERT OR REPLACE INTO condition_patterns (custom_format_name, condition_name, regular_expression_name) VALUES ('1080p Efficient TV WEB Tier 1', 'x265', 'x265 (Efficient)');
INSERT OR REPLACE INTO custom_format_conditions (custom_format_name, name, type, arr_type, negate, required) VALUES ('1080p Efficient TV WEB Tier 1', 'WEB-DL', 'source', 'all', 0, 0);
INSERT OR REPLACE INTO condition_sources (custom_format_name, condition_name, source) VALUES ('1080p Efficient TV WEB Tier 1', 'WEB-DL', 'web_dl');
INSERT OR REPLACE INTO custom_format_conditions (custom_format_name, name, type, arr_type, negate, required) VALUES ('1080p Efficient TV WEB Tier 1', 'WEBRip', 'source', 'all', 0, 0);
INSERT OR REPLACE INTO condition_sources (custom_format_name, condition_name, source) VALUES ('1080p Efficient TV WEB Tier 1', 'WEBRip', 'webrip');
INSERT OR REPLACE INTO custom_format_conditions (custom_format_name, name, type, arr_type, negate, required) VALUES ('1080p Efficient TV WEB Tier 1', 'QxR', 'release_group', 'all', 0, 0);
INSERT OR REPLACE INTO condition_patterns (custom_format_name, condition_name, regular_expression_name) VALUES ('1080p Efficient TV WEB Tier 1', 'QxR', 'QxR');
INSERT OR REPLACE INTO custom_format_conditions (custom_format_name, name, type, arr_type, negate, required) VALUES ('1080p Efficient TV WEB Tier 1', 'TAoE', 'release_group', 'all', 0, 0);
INSERT OR REPLACE INTO condition_patterns (custom_format_name, condition_name, regular_expression_name) VALUES ('1080p Efficient TV WEB Tier 1', 'TAoE', 'TAoE');
INSERT OR REPLACE INTO custom_format_conditions (custom_format_name, name, type, arr_type, negate, required) VALUES ('1080p Efficient TV WEB Tier 1', 'Vialle', 'release_group', 'all', 0, 0);
INSERT OR REPLACE INTO condition_patterns (custom_format_name, condition_name, regular_expression_name) VALUES ('1080p Efficient TV WEB Tier 1', 'Vialle', 'Vialle');
INSERT OR IGNORE INTO custom_format_tests (custom_format_name, title, type, should_match, description) VALUES ('1080p Efficient TV WEB Tier 1', 'Contact.1997.BluRay.1080p.DDP.5.1.x264-hallowed', 'movie', 1, NULL);
INSERT OR IGNORE INTO custom_format_tests (custom_format_name, title, type, should_match, description) VALUES ('1080p Efficient TV WEB Tier 1', 'Gladiator.2000.Extended.Cut.UHD.BluRay.2160p.DDP.7.1.DV.HDR.x265-hallowed', 'movie', 1, NULL);
INSERT OR IGNORE INTO custom_format_tests (custom_format_name, title, type, should_match, description) VALUES ('1080p Efficient TV WEB Tier 1', 'Yi Yi 2000 BluRay 720p DD 2 0 x264-BHDStudio', 'movie', 1, NULL);
INSERT OR IGNORE INTO custom_format_tests (custom_format_name, title, type, should_match, description) VALUES ('1080p Efficient TV WEB Tier 1', 'Winnie the Pooh - Blood and Honey (2023) 2160p UHD BluRay x265 DV HDR DD 5.1 English-BHDStudio', 'movie', 1, NULL);
INSERT OR REPLACE INTO custom_formats (name, description, include_in_rename) VALUES ('1080p Efficient TV WEB Tier 2', 'Matches release groups who fall under 1080p Efficient WEB Tier 2', 0);
INSERT OR IGNORE INTO custom_format_tags (custom_format_name, tag_name) VALUES ('1080p Efficient TV WEB Tier 2', 'Release Group Tier');
INSERT OR IGNORE INTO custom_format_tags (custom_format_name, tag_name) VALUES ('1080p Efficient TV WEB Tier 2', '1080p');
INSERT OR IGNORE INTO custom_format_tags (custom_format_name, tag_name) VALUES ('1080p Efficient TV WEB Tier 2', 'Efficient');
INSERT OR IGNORE INTO custom_format_tags (custom_format_name, tag_name) VALUES ('1080p Efficient TV WEB Tier 2', 'TV');
INSERT OR REPLACE INTO custom_format_conditions (custom_format_name, name, type, arr_type, negate, required) VALUES ('1080p Efficient TV WEB Tier 2', '1080p', 'resolution', 'all', 0, 1);
INSERT OR REPLACE INTO condition_resolutions (custom_format_name, condition_name, resolution) VALUES ('1080p Efficient TV WEB Tier 2', '1080p', '1080p');
INSERT OR REPLACE INTO custom_format_conditions (custom_format_name, name, type, arr_type, negate, required) VALUES ('1080p Efficient TV WEB Tier 2', 'x265', 'release_title', 'all', 0, 1);
INSERT OR REPLACE INTO condition_patterns (custom_format_name, condition_name, regular_expression_name) VALUES ('1080p Efficient TV WEB Tier 2', 'x265', 'x265 (Efficient)');
INSERT OR REPLACE INTO custom_format_conditions (custom_format_name, name, type, arr_type, negate, required) VALUES ('1080p Efficient TV WEB Tier 2', 'Not HONE', 'release_title', 'all', 1, 1);
INSERT OR REPLACE INTO condition_patterns (custom_format_name, condition_name, regular_expression_name) VALUES ('1080p Efficient TV WEB Tier 2', 'Not HONE', 'HONE');
INSERT OR REPLACE INTO custom_format_conditions (custom_format_name, name, type, arr_type, negate, required) VALUES ('1080p Efficient TV WEB Tier 2', 'WEB-DL', 'source', 'all', 0, 0);
INSERT OR REPLACE INTO condition_sources (custom_format_name, condition_name, source) VALUES ('1080p Efficient TV WEB Tier 2', 'WEB-DL', 'web_dl');
INSERT OR REPLACE INTO custom_format_conditions (custom_format_name, name, type, arr_type, negate, required) VALUES ('1080p Efficient TV WEB Tier 2', 'WEBRip', 'source', 'all', 0, 0);
INSERT OR REPLACE INTO condition_sources (custom_format_name, condition_name, source) VALUES ('1080p Efficient TV WEB Tier 2', 'WEBRip', 'webrip');
INSERT OR REPLACE INTO custom_format_conditions (custom_format_name, name, type, arr_type, negate, required) VALUES ('1080p Efficient TV WEB Tier 2', 'ARCADE', 'release_group', 'all', 0, 0);
INSERT OR REPLACE INTO condition_patterns (custom_format_name, condition_name, regular_expression_name) VALUES ('1080p Efficient TV WEB Tier 2', 'ARCADE', 'ARCADE');
INSERT OR REPLACE INTO custom_format_conditions (custom_format_name, name, type, arr_type, negate, required) VALUES ('1080p Efficient TV WEB Tier 2', 'DarQ', 'release_group', 'all', 0, 0);
INSERT OR REPLACE INTO condition_patterns (custom_format_name, condition_name, regular_expression_name) VALUES ('1080p Efficient TV WEB Tier 2', 'DarQ', 'DarQ');
INSERT OR REPLACE INTO custom_format_conditions (custom_format_name, name, type, arr_type, negate, required) VALUES ('1080p Efficient TV WEB Tier 2', 'LSt', 'release_group', 'all', 0, 0);
INSERT OR REPLACE INTO condition_patterns (custom_format_name, condition_name, regular_expression_name) VALUES ('1080p Efficient TV WEB Tier 2', 'LSt', 'LSt');
INSERT OR REPLACE INTO custom_format_conditions (custom_format_name, name, type, arr_type, negate, required) VALUES ('1080p Efficient TV WEB Tier 2', 'ToNaTo', 'release_group', 'all', 0, 0);
INSERT OR REPLACE INTO condition_patterns (custom_format_name, condition_name, regular_expression_name) VALUES ('1080p Efficient TV WEB Tier 2', 'ToNaTo', 'ToNaTo');
INSERT OR IGNORE INTO custom_format_tests (custom_format_name, title, type, should_match, description) VALUES ('1080p Efficient TV WEB Tier 2', 'Contact.1997.BluRay.1080p.DDP.5.1.x264-hallowed', 'movie', 1, NULL);
INSERT OR IGNORE INTO custom_format_tests (custom_format_name, title, type, should_match, description) VALUES ('1080p Efficient TV WEB Tier 2', 'Gladiator.2000.Extended.Cut.UHD.BluRay.2160p.DDP.7.1.DV.HDR.x265-hallowed', 'movie', 1, NULL);
INSERT OR IGNORE INTO custom_format_tests (custom_format_name, title, type, should_match, description) VALUES ('1080p Efficient TV WEB Tier 2', 'Yi Yi 2000 BluRay 720p DD 2 0 x264-BHDStudio', 'movie', 1, NULL);
INSERT OR IGNORE INTO custom_format_tests (custom_format_name, title, type, should_match, description) VALUES ('1080p Efficient TV WEB Tier 2', 'Winnie the Pooh - Blood and Honey (2023) 2160p UHD BluRay x265 DV HDR DD 5.1 English-BHDStudio', 'movie', 1, NULL);
INSERT OR REPLACE INTO custom_formats (name, description, include_in_rename) VALUES ('1080p Efficient TV WEB Tier 3', 'Matches release groups who fall under 1080p Efficient WEB Tier 3', 0);
INSERT OR IGNORE INTO custom_format_tags (custom_format_name, tag_name) VALUES ('1080p Efficient TV WEB Tier 3', 'Release Group Tier');
INSERT OR IGNORE INTO custom_format_tags (custom_format_name, tag_name) VALUES ('1080p Efficient TV WEB Tier 3', '1080p');
INSERT OR IGNORE INTO custom_format_tags (custom_format_name, tag_name) VALUES ('1080p Efficient TV WEB Tier 3', 'Efficient');
INSERT OR IGNORE INTO custom_format_tags (custom_format_name, tag_name) VALUES ('1080p Efficient TV WEB Tier 3', 'TV');
INSERT OR REPLACE INTO custom_format_conditions (custom_format_name, name, type, arr_type, negate, required) VALUES ('1080p Efficient TV WEB Tier 3', '1080p', 'resolution', 'all', 0, 1);
INSERT OR REPLACE INTO condition_resolutions (custom_format_name, condition_name, resolution) VALUES ('1080p Efficient TV WEB Tier 3', '1080p', '1080p');
INSERT OR REPLACE INTO custom_format_conditions (custom_format_name, name, type, arr_type, negate, required) VALUES ('1080p Efficient TV WEB Tier 3', 'x265', 'release_title', 'all', 0, 1);
INSERT OR REPLACE INTO condition_patterns (custom_format_name, condition_name, regular_expression_name) VALUES ('1080p Efficient TV WEB Tier 3', 'x265', 'x265 (Efficient)');
INSERT OR REPLACE INTO custom_format_conditions (custom_format_name, name, type, arr_type, negate, required) VALUES ('1080p Efficient TV WEB Tier 3', 'WEB-DL', 'source', 'all', 0, 0);
INSERT OR REPLACE INTO condition_sources (custom_format_name, condition_name, source) VALUES ('1080p Efficient TV WEB Tier 3', 'WEB-DL', 'web_dl');
INSERT OR REPLACE INTO custom_format_conditions (custom_format_name, name, type, arr_type, negate, required) VALUES ('1080p Efficient TV WEB Tier 3', 'WEBRip', 'source', 'all', 0, 0);
INSERT OR REPLACE INTO condition_sources (custom_format_name, condition_name, source) VALUES ('1080p Efficient TV WEB Tier 3', 'WEBRip', 'webrip');
INSERT OR REPLACE INTO custom_format_conditions (custom_format_name, name, type, arr_type, negate, required) VALUES ('1080p Efficient TV WEB Tier 3', 'edge2020', 'release_group', 'all', 0, 0);
INSERT OR REPLACE INTO condition_patterns (custom_format_name, condition_name, regular_expression_name) VALUES ('1080p Efficient TV WEB Tier 3', 'edge2020', 'edge2020');
INSERT OR REPLACE INTO custom_format_conditions (custom_format_name, name, type, arr_type, negate, required) VALUES ('1080p Efficient TV WEB Tier 3', 'Grimm', 'release_group', 'all', 0, 0);
INSERT OR REPLACE INTO condition_patterns (custom_format_name, condition_name, regular_expression_name) VALUES ('1080p Efficient TV WEB Tier 3', 'Grimm', 'GRiMM');
INSERT OR REPLACE INTO custom_format_conditions (custom_format_name, name, type, arr_type, negate, required) VALUES ('1080p Efficient TV WEB Tier 3', 'OnlyWeb', 'release_group', 'all', 0, 0);
INSERT OR REPLACE INTO condition_patterns (custom_format_name, condition_name, regular_expression_name) VALUES ('1080p Efficient TV WEB Tier 3', 'OnlyWeb', 'OnlyWeb');
INSERT OR REPLACE INTO custom_format_conditions (custom_format_name, name, type, arr_type, negate, required) VALUES ('1080p Efficient TV WEB Tier 3', 'YELLO', 'release_group', 'all', 0, 0);
INSERT OR REPLACE INTO condition_patterns (custom_format_name, condition_name, regular_expression_name) VALUES ('1080p Efficient TV WEB Tier 3', 'YELLO', 'YELLO');
INSERT OR IGNORE INTO custom_format_tests (custom_format_name, title, type, should_match, description) VALUES ('1080p Efficient TV WEB Tier 3', 'Contact.1997.BluRay.1080p.DDP.5.1.x264-hallowed', 'movie', 1, NULL);
INSERT OR IGNORE INTO custom_format_tests (custom_format_name, title, type, should_match, description) VALUES ('1080p Efficient TV WEB Tier 3', 'Gladiator.2000.Extended.Cut.UHD.BluRay.2160p.DDP.7.1.DV.HDR.x265-hallowed', 'movie', 1, NULL);
INSERT OR IGNORE INTO custom_format_tests (custom_format_name, title, type, should_match, description) VALUES ('1080p Efficient TV WEB Tier 3', 'Yi Yi 2000 BluRay 720p DD 2 0 x264-BHDStudio', 'movie', 1, NULL);
INSERT OR IGNORE INTO custom_format_tests (custom_format_name, title, type, should_match, description) VALUES ('1080p Efficient TV WEB Tier 3', 'Winnie the Pooh - Blood and Honey (2023) 2160p UHD BluRay x265 DV HDR DD 5.1 English-BHDStudio', 'movie', 1, NULL);
INSERT OR REPLACE INTO custom_formats (name, description, include_in_rename) VALUES ('1080p Efficient TV WEB Tier 4', 'Matches release groups who fall under 1080p Efficient WEB Tier 4', 0);
INSERT OR IGNORE INTO custom_format_tags (custom_format_name, tag_name) VALUES ('1080p Efficient TV WEB Tier 4', 'Release Group Tier');
INSERT OR IGNORE INTO custom_format_tags (custom_format_name, tag_name) VALUES ('1080p Efficient TV WEB Tier 4', '1080p');
INSERT OR IGNORE INTO custom_format_tags (custom_format_name, tag_name) VALUES ('1080p Efficient TV WEB Tier 4', 'Efficient');
INSERT OR IGNORE INTO custom_format_tags (custom_format_name, tag_name) VALUES ('1080p Efficient TV WEB Tier 4', 'TV');
INSERT OR REPLACE INTO custom_format_conditions (custom_format_name, name, type, arr_type, negate, required) VALUES ('1080p Efficient TV WEB Tier 4', '1080p', 'resolution', 'all', 0, 1);
INSERT OR REPLACE INTO condition_resolutions (custom_format_name, condition_name, resolution) VALUES ('1080p Efficient TV WEB Tier 4', '1080p', '1080p');
INSERT OR REPLACE INTO custom_format_conditions (custom_format_name, name, type, arr_type, negate, required) VALUES ('1080p Efficient TV WEB Tier 4', 'x265', 'release_title', 'all', 0, 1);
INSERT OR REPLACE INTO condition_patterns (custom_format_name, condition_name, regular_expression_name) VALUES ('1080p Efficient TV WEB Tier 4', 'x265', 'x265 (Efficient)');
INSERT OR REPLACE INTO custom_format_conditions (custom_format_name, name, type, arr_type, negate, required) VALUES ('1080p Efficient TV WEB Tier 4', 'WEB-DL', 'source', 'all', 0, 0);
INSERT OR REPLACE INTO condition_sources (custom_format_name, condition_name, source) VALUES ('1080p Efficient TV WEB Tier 4', 'WEB-DL', 'web_dl');
INSERT OR REPLACE INTO custom_format_conditions (custom_format_name, name, type, arr_type, negate, required) VALUES ('1080p Efficient TV WEB Tier 4', 'WEBRip', 'source', 'all', 0, 0);
INSERT OR REPLACE INTO condition_sources (custom_format_name, condition_name, source) VALUES ('1080p Efficient TV WEB Tier 4', 'WEBRip', 'webrip');
INSERT OR REPLACE INTO custom_format_conditions (custom_format_name, name, type, arr_type, negate, required) VALUES ('1080p Efficient TV WEB Tier 4', 'bluegreeen', 'release_group', 'all', 0, 0);
INSERT OR REPLACE INTO condition_patterns (custom_format_name, condition_name, regular_expression_name) VALUES ('1080p Efficient TV WEB Tier 4', 'bluegreeen', 'bluegreeen');
INSERT OR REPLACE INTO custom_format_conditions (custom_format_name, name, type, arr_type, negate, required) VALUES ('1080p Efficient TV WEB Tier 4', 'bluespots', 'release_group', 'all', 0, 0);
INSERT OR REPLACE INTO condition_patterns (custom_format_name, condition_name, regular_expression_name) VALUES ('1080p Efficient TV WEB Tier 4', 'bluespots', 'bluespots');
INSERT OR REPLACE INTO custom_format_conditions (custom_format_name, name, type, arr_type, negate, required) VALUES ('1080p Efficient TV WEB Tier 4', 'dkore', 'release_group', 'all', 0, 0);
INSERT OR REPLACE INTO condition_patterns (custom_format_name, condition_name, regular_expression_name) VALUES ('1080p Efficient TV WEB Tier 4', 'dkore', 'dkore');
INSERT OR REPLACE INTO custom_format_conditions (custom_format_name, name, type, arr_type, negate, required) VALUES ('1080p Efficient TV WEB Tier 4', 'noxxus', 'release_group', 'all', 0, 0);
INSERT OR REPLACE INTO condition_patterns (custom_format_name, condition_name, regular_expression_name) VALUES ('1080p Efficient TV WEB Tier 4', 'noxxus', 'noxxus');
INSERT OR REPLACE INTO custom_format_conditions (custom_format_name, name, type, arr_type, negate, required) VALUES ('1080p Efficient TV WEB Tier 4', 'Ralphy', 'release_group', 'all', 0, 0);
INSERT OR REPLACE INTO condition_patterns (custom_format_name, condition_name, regular_expression_name) VALUES ('1080p Efficient TV WEB Tier 4', 'Ralphy', 'Ralphy');
INSERT OR REPLACE INTO custom_format_conditions (custom_format_name, name, type, arr_type, negate, required) VALUES ('1080p Efficient TV WEB Tier 4', 'TimeDistortion', 'release_group', 'all', 0, 0);
INSERT OR REPLACE INTO condition_patterns (custom_format_name, condition_name, regular_expression_name) VALUES ('1080p Efficient TV WEB Tier 4', 'TimeDistortion', 'TimeDistortion');
INSERT OR REPLACE INTO custom_format_conditions (custom_format_name, name, type, arr_type, negate, required) VALUES ('1080p Efficient TV WEB Tier 4', 'Vyndros', 'release_group', 'all', 0, 0);
INSERT OR REPLACE INTO condition_patterns (custom_format_name, condition_name, regular_expression_name) VALUES ('1080p Efficient TV WEB Tier 4', 'Vyndros', 'Vyndros');
INSERT OR IGNORE INTO custom_format_tests (custom_format_name, title, type, should_match, description) VALUES ('1080p Efficient TV WEB Tier 4', 'Contact.1997.BluRay.1080p.DDP.5.1.x264-hallowed', 'movie', 1, NULL);
INSERT OR IGNORE INTO custom_format_tests (custom_format_name, title, type, should_match, description) VALUES ('1080p Efficient TV WEB Tier 4', 'Gladiator.2000.Extended.Cut.UHD.BluRay.2160p.DDP.7.1.DV.HDR.x265-hallowed', 'movie', 1, NULL);
INSERT OR IGNORE INTO custom_format_tests (custom_format_name, title, type, should_match, description) VALUES ('1080p Efficient TV WEB Tier 4', 'Yi Yi 2000 BluRay 720p DD 2 0 x264-BHDStudio', 'movie', 1, NULL);
INSERT OR IGNORE INTO custom_format_tests (custom_format_name, title, type, should_match, description) VALUES ('1080p Efficient TV WEB Tier 4', 'Winnie the Pooh - Blood and Honey (2023) 2160p UHD BluRay x265 DV HDR DD 5.1 English-BHDStudio', 'movie', 1, NULL);
INSERT OR REPLACE INTO custom_formats (name, description, include_in_rename) VALUES ('1080p Efficient TV WEB Tier 5', 'Matches release groups who fall under 1080p Efficient WEB Tier 5', 0);
INSERT OR IGNORE INTO custom_format_tags (custom_format_name, tag_name) VALUES ('1080p Efficient TV WEB Tier 5', 'Release Group Tier');
INSERT OR IGNORE INTO custom_format_tags (custom_format_name, tag_name) VALUES ('1080p Efficient TV WEB Tier 5', '1080p');
INSERT OR IGNORE INTO custom_format_tags (custom_format_name, tag_name) VALUES ('1080p Efficient TV WEB Tier 5', 'Efficient');
INSERT OR IGNORE INTO custom_format_tags (custom_format_name, tag_name) VALUES ('1080p Efficient TV WEB Tier 5', 'TV');
INSERT OR REPLACE INTO custom_format_conditions (custom_format_name, name, type, arr_type, negate, required) VALUES ('1080p Efficient TV WEB Tier 5', '1080p', 'resolution', 'all', 0, 1);
INSERT OR REPLACE INTO condition_resolutions (custom_format_name, condition_name, resolution) VALUES ('1080p Efficient TV WEB Tier 5', '1080p', '1080p');
INSERT OR REPLACE INTO custom_format_conditions (custom_format_name, name, type, arr_type, negate, required) VALUES ('1080p Efficient TV WEB Tier 5', 'x265', 'release_title', 'all', 0, 1);
INSERT OR REPLACE INTO condition_patterns (custom_format_name, condition_name, regular_expression_name) VALUES ('1080p Efficient TV WEB Tier 5', 'x265', 'x265 (Efficient)');
INSERT OR REPLACE INTO custom_format_conditions (custom_format_name, name, type, arr_type, negate, required) VALUES ('1080p Efficient TV WEB Tier 5', 'WEB-DL', 'source', 'all', 0, 0);
INSERT OR REPLACE INTO condition_sources (custom_format_name, condition_name, source) VALUES ('1080p Efficient TV WEB Tier 5', 'WEB-DL', 'web_dl');
INSERT OR REPLACE INTO custom_format_conditions (custom_format_name, name, type, arr_type, negate, required) VALUES ('1080p Efficient TV WEB Tier 5', 'WEBRip', 'source', 'all', 0, 0);
INSERT OR REPLACE INTO condition_sources (custom_format_name, condition_name, source) VALUES ('1080p Efficient TV WEB Tier 5', 'WEBRip', 'webrip');
INSERT OR REPLACE INTO custom_format_conditions (custom_format_name, name, type, arr_type, negate, required) VALUES ('1080p Efficient TV WEB Tier 5', 'HODL', 'release_group', 'all', 0, 0);
INSERT OR REPLACE INTO condition_patterns (custom_format_name, condition_name, regular_expression_name) VALUES ('1080p Efficient TV WEB Tier 5', 'HODL', 'HODL');
INSERT OR REPLACE INTO custom_format_conditions (custom_format_name, name, type, arr_type, negate, required) VALUES ('1080p Efficient TV WEB Tier 5', 'iVy', 'release_group', 'all', 0, 0);
INSERT OR REPLACE INTO condition_patterns (custom_format_name, condition_name, regular_expression_name) VALUES ('1080p Efficient TV WEB Tier 5', 'iVy', 'iVy');
INSERT OR REPLACE INTO custom_format_conditions (custom_format_name, name, type, arr_type, negate, required) VALUES ('1080p Efficient TV WEB Tier 5', 'PHOCiS', 'release_group', 'all', 0, 0);
INSERT OR REPLACE INTO condition_patterns (custom_format_name, condition_name, regular_expression_name) VALUES ('1080p Efficient TV WEB Tier 5', 'PHOCiS', 'PHOCiS');
INSERT OR REPLACE INTO custom_format_conditions (custom_format_name, name, type, arr_type, negate, required) VALUES ('1080p Efficient TV WEB Tier 5', 'YAWNiX', 'release_group', 'all', 0, 0);
INSERT OR REPLACE INTO condition_patterns (custom_format_name, condition_name, regular_expression_name) VALUES ('1080p Efficient TV WEB Tier 5', 'YAWNiX', 'YAWNiX');
INSERT OR REPLACE INTO custom_format_conditions (custom_format_name, name, type, arr_type, negate, required) VALUES ('1080p Efficient TV WEB Tier 5', 'KONTRAST', 'release_group', 'all', 0, 0);
INSERT OR REPLACE INTO condition_patterns (custom_format_name, condition_name, regular_expression_name) VALUES ('1080p Efficient TV WEB Tier 5', 'KONTRAST', 'KONTRAST');
INSERT OR IGNORE INTO custom_format_tests (custom_format_name, title, type, should_match, description) VALUES ('1080p Efficient TV WEB Tier 5', 'Contact.1997.BluRay.1080p.DDP.5.1.x264-hallowed', 'movie', 1, NULL);
INSERT OR IGNORE INTO custom_format_tests (custom_format_name, title, type, should_match, description) VALUES ('1080p Efficient TV WEB Tier 5', 'Gladiator.2000.Extended.Cut.UHD.BluRay.2160p.DDP.7.1.DV.HDR.x265-hallowed', 'movie', 1, NULL);
INSERT OR IGNORE INTO custom_format_tests (custom_format_name, title, type, should_match, description) VALUES ('1080p Efficient TV WEB Tier 5', 'Yi Yi 2000 BluRay 720p DD 2 0 x264-BHDStudio', 'movie', 1, NULL);
INSERT OR IGNORE INTO custom_format_tests (custom_format_name, title, type, should_match, description) VALUES ('1080p Efficient TV WEB Tier 5', 'Winnie the Pooh - Blood and Honey (2023) 2160p UHD BluRay x265 DV HDR DD 5.1 English-BHDStudio', 'movie', 1, NULL);
INSERT OR REPLACE INTO custom_formats (name, description, include_in_rename) VALUES ('1080p Golden Popcorn', 'Matches 1080p Golden Popcorns. Only works on PassThePopcorn', 0);
INSERT OR IGNORE INTO custom_format_tags (custom_format_name, tag_name) VALUES ('1080p Golden Popcorn', 'Flag');
INSERT OR IGNORE INTO custom_format_tags (custom_format_name, tag_name) VALUES ('1080p Golden Popcorn', 'Golden Popcorn');
INSERT OR REPLACE INTO custom_format_conditions (custom_format_name, name, type, arr_type, negate, required) VALUES ('1080p Golden Popcorn', '1080p', 'resolution', 'all', 0, 1);
INSERT OR REPLACE INTO condition_resolutions (custom_format_name, condition_name, resolution) VALUES ('1080p Golden Popcorn', '1080p', '1080p');
INSERT OR REPLACE INTO custom_format_conditions (custom_format_name, name, type, arr_type, negate, required) VALUES ('1080p Golden Popcorn', 'Golden Popcorn', 'indexer_flag', 'all', 0, 1);
INSERT OR REPLACE INTO condition_indexer_flags (custom_format_name, condition_name, flag) VALUES ('1080p Golden Popcorn', 'Golden Popcorn', 'ptp_golden');
INSERT OR REPLACE INTO custom_format_conditions (custom_format_name, name, type, arr_type, negate, required) VALUES ('1080p Golden Popcorn', 'Release Groups', 'release_group', 'all', 1, 1);
INSERT OR REPLACE INTO condition_patterns (custom_format_name, condition_name, regular_expression_name) VALUES ('1080p Golden Popcorn', 'Release Groups', 'Golden Popcorn Negation');
INSERT OR REPLACE INTO custom_formats (name, description, include_in_rename) VALUES ('1080p HDTV Tier 1', 'Matches 1080p HDTV.', 0);
INSERT OR IGNORE INTO custom_format_tags (custom_format_name, tag_name) VALUES ('1080p HDTV Tier 1', 'Release Group Tier');
INSERT OR REPLACE INTO custom_format_conditions (custom_format_name, name, type, arr_type, negate, required) VALUES ('1080p HDTV Tier 1', '1080p', 'resolution', 'all', 0, 1);
INSERT OR REPLACE INTO condition_resolutions (custom_format_name, condition_name, resolution) VALUES ('1080p HDTV Tier 1', '1080p', '1080p');
INSERT OR REPLACE INTO custom_format_conditions (custom_format_name, name, type, arr_type, negate, required) VALUES ('1080p HDTV Tier 1', 'HDTV', 'source', 'all', 0, 1);
INSERT OR REPLACE INTO condition_sources (custom_format_name, condition_name, source) VALUES ('1080p HDTV Tier 1', 'HDTV', 'television');
INSERT OR REPLACE INTO custom_format_conditions (custom_format_name, name, type, arr_type, negate, required) VALUES ('1080p HDTV Tier 1', 'HDTV Regex', 'release_title', 'all', 0, 1);
INSERT OR REPLACE INTO condition_patterns (custom_format_name, condition_name, regular_expression_name) VALUES ('1080p HDTV Tier 1', 'HDTV Regex', 'HDTV');
INSERT OR REPLACE INTO custom_format_conditions (custom_format_name, name, type, arr_type, negate, required) VALUES ('1080p HDTV Tier 1', 'CtrlHD', 'release_group', 'all', 0, 0);
INSERT OR REPLACE INTO condition_patterns (custom_format_name, condition_name, regular_expression_name) VALUES ('1080p HDTV Tier 1', 'CtrlHD', 'CtrlHD');
INSERT OR REPLACE INTO custom_format_conditions (custom_format_name, name, type, arr_type, negate, required) VALUES ('1080p HDTV Tier 1', 'EDPH', 'release_group', 'all', 0, 0);
INSERT OR REPLACE INTO condition_patterns (custom_format_name, condition_name, regular_expression_name) VALUES ('1080p HDTV Tier 1', 'EDPH', 'EDPH');
INSERT OR REPLACE INTO custom_format_conditions (custom_format_name, name, type, arr_type, negate, required) VALUES ('1080p HDTV Tier 1', 'NTb', 'release_group', 'all', 0, 0);
INSERT OR REPLACE INTO condition_patterns (custom_format_name, condition_name, regular_expression_name) VALUES ('1080p HDTV Tier 1', 'NTb', 'NTb');
INSERT OR REPLACE INTO custom_formats (name, description, include_in_rename) VALUES ('1080p HDTV Tier 2', 'Matches 1080p HDTV.', 0);
INSERT OR IGNORE INTO custom_format_tags (custom_format_name, tag_name) VALUES ('1080p HDTV Tier 2', 'Release Group Tier');
INSERT OR REPLACE INTO custom_format_conditions (custom_format_name, name, type, arr_type, negate, required) VALUES ('1080p HDTV Tier 2', '1080p', 'resolution', 'all', 0, 1);
INSERT OR REPLACE INTO condition_resolutions (custom_format_name, condition_name, resolution) VALUES ('1080p HDTV Tier 2', '1080p', '1080p');
INSERT OR REPLACE INTO custom_format_conditions (custom_format_name, name, type, arr_type, negate, required) VALUES ('1080p HDTV Tier 2', 'HDTV', 'source', 'all', 0, 1);
INSERT OR REPLACE INTO condition_sources (custom_format_name, condition_name, source) VALUES ('1080p HDTV Tier 2', 'HDTV', 'television');
INSERT OR REPLACE INTO custom_format_conditions (custom_format_name, name, type, arr_type, negate, required) VALUES ('1080p HDTV Tier 2', 'HDTV Regex', 'release_title', 'all', 0, 1);
INSERT OR REPLACE INTO condition_patterns (custom_format_name, condition_name, regular_expression_name) VALUES ('1080p HDTV Tier 2', 'HDTV Regex', 'HDTV');
INSERT OR REPLACE INTO custom_format_conditions (custom_format_name, name, type, arr_type, negate, required) VALUES ('1080p HDTV Tier 2', 'BTN', 'release_group', 'all', 0, 0);
INSERT OR REPLACE INTO condition_patterns (custom_format_name, condition_name, regular_expression_name) VALUES ('1080p HDTV Tier 2', 'BTN', 'BTN');
INSERT OR REPLACE INTO custom_format_conditions (custom_format_name, name, type, arr_type, negate, required) VALUES ('1080p HDTV Tier 2', 'DARKFLiX', 'release_group', 'all', 0, 0);
INSERT OR REPLACE INTO condition_patterns (custom_format_name, condition_name, regular_expression_name) VALUES ('1080p HDTV Tier 2', 'DARKFLiX', 'DARKFLiX');
INSERT OR REPLACE INTO custom_format_conditions (custom_format_name, name, type, arr_type, negate, required) VALUES ('1080p HDTV Tier 2', 'ViETNAM', 'release_group', 'all', 0, 0);
INSERT OR REPLACE INTO condition_patterns (custom_format_name, condition_name, regular_expression_name) VALUES ('1080p HDTV Tier 2', 'ViETNAM', 'ViETNAM');
INSERT OR REPLACE INTO custom_format_conditions (custom_format_name, name, type, arr_type, negate, required) VALUES ('1080p HDTV Tier 2', 'CBFM', 'release_group', 'all', 0, 0);
INSERT OR REPLACE INTO condition_patterns (custom_format_name, condition_name, regular_expression_name) VALUES ('1080p HDTV Tier 2', 'CBFM', 'CBFM');
INSERT OR REPLACE INTO custom_format_conditions (custom_format_name, name, type, arr_type, negate, required) VALUES ('1080p HDTV Tier 2', 'PLUTONiUM', 'release_group', 'all', 0, 0);
INSERT OR REPLACE INTO condition_patterns (custom_format_name, condition_name, regular_expression_name) VALUES ('1080p HDTV Tier 2', 'PLUTONiUM', 'PLUTONiUM');
INSERT OR REPLACE INTO custom_formats (name, description, include_in_rename) VALUES ('1080p HDTV Tier 3', 'Matches 1080p HDTV.', 0);
INSERT OR IGNORE INTO custom_format_tags (custom_format_name, tag_name) VALUES ('1080p HDTV Tier 3', 'Release Group Tier');
INSERT OR REPLACE INTO custom_format_conditions (custom_format_name, name, type, arr_type, negate, required) VALUES ('1080p HDTV Tier 3', '1080p', 'resolution', 'all', 0, 1);
INSERT OR REPLACE INTO condition_resolutions (custom_format_name, condition_name, resolution) VALUES ('1080p HDTV Tier 3', '1080p', '1080p');
INSERT OR REPLACE INTO custom_format_conditions (custom_format_name, name, type, arr_type, negate, required) VALUES ('1080p HDTV Tier 3', 'HDTV', 'source', 'all', 0, 1);
INSERT OR REPLACE INTO condition_sources (custom_format_name, condition_name, source) VALUES ('1080p HDTV Tier 3', 'HDTV', 'television');
INSERT OR REPLACE INTO custom_format_conditions (custom_format_name, name, type, arr_type, negate, required) VALUES ('1080p HDTV Tier 3', 'HDTV Regex', 'release_title', 'all', 0, 1);
INSERT OR REPLACE INTO condition_patterns (custom_format_name, condition_name, regular_expression_name) VALUES ('1080p HDTV Tier 3', 'HDTV Regex', 'HDTV');
INSERT OR REPLACE INTO custom_format_conditions (custom_format_name, name, type, arr_type, negate, required) VALUES ('1080p HDTV Tier 3', 'HANDJOB', 'release_group', 'all', 0, 0);
INSERT OR REPLACE INTO condition_patterns (custom_format_name, condition_name, regular_expression_name) VALUES ('1080p HDTV Tier 3', 'HANDJOB', 'HANDJOB');
INSERT OR REPLACE INTO custom_formats (name, description, include_in_rename) VALUES ('1080p HDTV', 'Matches 1080p HDTV.', 0);
INSERT OR IGNORE INTO custom_format_tags (custom_format_name, tag_name) VALUES ('1080p HDTV', 'Source');
INSERT OR REPLACE INTO custom_format_conditions (custom_format_name, name, type, arr_type, negate, required) VALUES ('1080p HDTV', '1080p', 'resolution', 'all', 0, 1);
INSERT OR REPLACE INTO condition_resolutions (custom_format_name, condition_name, resolution) VALUES ('1080p HDTV', '1080p', '1080p');
INSERT OR REPLACE INTO custom_format_conditions (custom_format_name, name, type, arr_type, negate, required) VALUES ('1080p HDTV', 'HDTV', 'source', 'all', 0, 1);
INSERT OR REPLACE INTO condition_sources (custom_format_name, condition_name, source) VALUES ('1080p HDTV', 'HDTV', 'television');
INSERT OR REPLACE INTO custom_format_conditions (custom_format_name, name, type, arr_type, negate, required) VALUES ('1080p HDTV', 'HDTV Regex', 'release_title', 'all', 0, 1);
INSERT OR REPLACE INTO condition_patterns (custom_format_name, condition_name, regular_expression_name) VALUES ('1080p HDTV', 'HDTV Regex', 'HDTV');
INSERT OR REPLACE INTO custom_formats (name, description, include_in_rename) VALUES ('1080p Quality Tier 1', 'Matches release groups who fall under 1080p GPPi Tier 1', 0);
INSERT OR IGNORE INTO custom_format_tags (custom_format_name, tag_name) VALUES ('1080p Quality Tier 1', 'GPPi');
INSERT OR IGNORE INTO custom_format_tags (custom_format_name, tag_name) VALUES ('1080p Quality Tier 1', 'Release Group Tier');
INSERT OR IGNORE INTO custom_format_tags (custom_format_name, tag_name) VALUES ('1080p Quality Tier 1', '1080p');
INSERT OR IGNORE INTO custom_format_tags (custom_format_name, tag_name) VALUES ('1080p Quality Tier 1', 'Quality');
INSERT OR REPLACE INTO custom_format_conditions (custom_format_name, name, type, arr_type, negate, required) VALUES ('1080p Quality Tier 1', '1080p', 'resolution', 'all', 0, 1);
INSERT OR REPLACE INTO condition_resolutions (custom_format_name, condition_name, resolution) VALUES ('1080p Quality Tier 1', '1080p', '1080p');
INSERT OR REPLACE INTO custom_format_conditions (custom_format_name, name, type, arr_type, negate, required) VALUES ('1080p Quality Tier 1', 'Not Remux', 'release_title', 'all', 1, 1);
INSERT OR REPLACE INTO condition_patterns (custom_format_name, condition_name, regular_expression_name) VALUES ('1080p Quality Tier 1', 'Not Remux', 'Remux');
INSERT OR REPLACE INTO custom_format_conditions (custom_format_name, name, type, arr_type, negate, required) VALUES ('1080p Quality Tier 1', 'Bluray', 'source', 'all', 0, 0);
INSERT OR REPLACE INTO condition_sources (custom_format_name, condition_name, source) VALUES ('1080p Quality Tier 1', 'Bluray', 'bluray');
INSERT OR REPLACE INTO custom_format_conditions (custom_format_name, name, type, arr_type, negate, required) VALUES ('1080p Quality Tier 1', 'WEBRip', 'source', 'all', 0, 0);
INSERT OR REPLACE INTO condition_sources (custom_format_name, condition_name, source) VALUES ('1080p Quality Tier 1', 'WEBRip', 'webrip');
INSERT OR REPLACE INTO custom_format_conditions (custom_format_name, name, type, arr_type, negate, required) VALUES ('1080p Quality Tier 1', 'coffee', 'release_group', 'all', 0, 0);
INSERT OR REPLACE INTO condition_patterns (custom_format_name, condition_name, regular_expression_name) VALUES ('1080p Quality Tier 1', 'coffee', 'coffee');
INSERT OR REPLACE INTO custom_format_conditions (custom_format_name, name, type, arr_type, negate, required) VALUES ('1080p Quality Tier 1', 'DON', 'release_group', 'all', 0, 0);
INSERT OR REPLACE INTO condition_patterns (custom_format_name, condition_name, regular_expression_name) VALUES ('1080p Quality Tier 1', 'DON', 'DON');
INSERT OR REPLACE INTO custom_format_conditions (custom_format_name, name, type, arr_type, negate, required) VALUES ('1080p Quality Tier 1', 'TeamSyndicate', 'release_group', 'all', 0, 0);
INSERT OR REPLACE INTO condition_patterns (custom_format_name, condition_name, regular_expression_name) VALUES ('1080p Quality Tier 1', 'TeamSyndicate', 'TeamSyndicate');
INSERT OR REPLACE INTO custom_format_conditions (custom_format_name, name, type, arr_type, negate, required) VALUES ('1080p Quality Tier 1', 'REBORN', 'release_group', 'all', 0, 0);
INSERT OR REPLACE INTO condition_patterns (custom_format_name, condition_name, regular_expression_name) VALUES ('1080p Quality Tier 1', 'REBORN', 'REBORN');
INSERT OR REPLACE INTO custom_format_conditions (custom_format_name, name, type, arr_type, negate, required) VALUES ('1080p Quality Tier 1', 'SA89', 'release_group', 'all', 0, 0);
INSERT OR REPLACE INTO condition_patterns (custom_format_name, condition_name, regular_expression_name) VALUES ('1080p Quality Tier 1', 'SA89', 'SA89');
INSERT OR REPLACE INTO custom_format_conditions (custom_format_name, name, type, arr_type, negate, required) VALUES ('1080p Quality Tier 1', 'SoLaR', 'release_group', 'all', 0, 0);
INSERT OR REPLACE INTO condition_patterns (custom_format_name, condition_name, regular_expression_name) VALUES ('1080p Quality Tier 1', 'SoLaR', 'SoLaR');
INSERT OR REPLACE INTO custom_format_conditions (custom_format_name, name, type, arr_type, negate, required) VALUES ('1080p Quality Tier 1', 'ZoroSenpai', 'release_group', 'all', 0, 0);
INSERT OR REPLACE INTO condition_patterns (custom_format_name, condition_name, regular_expression_name) VALUES ('1080p Quality Tier 1', 'ZoroSenpai', 'ZoroSenpai');
INSERT OR REPLACE INTO custom_formats (name, description, include_in_rename) VALUES ('1080p Quality Tier 2', 'Matches release groups who fall under 1080p GPPi Tier 2', 0);
INSERT OR IGNORE INTO custom_format_tags (custom_format_name, tag_name) VALUES ('1080p Quality Tier 2', 'GPPi');
INSERT OR IGNORE INTO custom_format_tags (custom_format_name, tag_name) VALUES ('1080p Quality Tier 2', 'Release Group Tier');
INSERT OR IGNORE INTO custom_format_tags (custom_format_name, tag_name) VALUES ('1080p Quality Tier 2', '1080p');
INSERT OR IGNORE INTO custom_format_tags (custom_format_name, tag_name) VALUES ('1080p Quality Tier 2', 'Quality');
INSERT OR REPLACE INTO custom_format_conditions (custom_format_name, name, type, arr_type, negate, required) VALUES ('1080p Quality Tier 2', '1080p', 'resolution', 'all', 0, 1);
INSERT OR REPLACE INTO condition_resolutions (custom_format_name, condition_name, resolution) VALUES ('1080p Quality Tier 2', '1080p', '1080p');
INSERT OR REPLACE INTO custom_format_conditions (custom_format_name, name, type, arr_type, negate, required) VALUES ('1080p Quality Tier 2', 'Not Remux', 'release_title', 'all', 1, 1);
INSERT OR REPLACE INTO condition_patterns (custom_format_name, condition_name, regular_expression_name) VALUES ('1080p Quality Tier 2', 'Not Remux', 'Remux');
INSERT OR REPLACE INTO custom_format_conditions (custom_format_name, name, type, arr_type, negate, required) VALUES ('1080p Quality Tier 2', 'Bluray', 'source', 'all', 0, 0);
INSERT OR REPLACE INTO condition_sources (custom_format_name, condition_name, source) VALUES ('1080p Quality Tier 2', 'Bluray', 'bluray');
INSERT OR REPLACE INTO custom_format_conditions (custom_format_name, name, type, arr_type, negate, required) VALUES ('1080p Quality Tier 2', 'WEBRip', 'source', 'all', 0, 0);
INSERT OR REPLACE INTO condition_sources (custom_format_name, condition_name, source) VALUES ('1080p Quality Tier 2', 'WEBRip', 'webrip');
INSERT OR REPLACE INTO custom_format_conditions (custom_format_name, name, type, arr_type, negate, required) VALUES ('1080p Quality Tier 2', 'c0kE', 'release_group', 'all', 0, 0);
INSERT OR REPLACE INTO condition_patterns (custom_format_name, condition_name, regular_expression_name) VALUES ('1080p Quality Tier 2', 'c0kE', 'c0kE');
INSERT OR REPLACE INTO custom_format_conditions (custom_format_name, name, type, arr_type, negate, required) VALUES ('1080p Quality Tier 2', 'CtrlHD', 'release_group', 'all', 0, 0);
INSERT OR REPLACE INTO condition_patterns (custom_format_name, condition_name, regular_expression_name) VALUES ('1080p Quality Tier 2', 'CtrlHD', 'CtrlHD');
INSERT OR REPLACE INTO custom_format_conditions (custom_format_name, name, type, arr_type, negate, required) VALUES ('1080p Quality Tier 2', 'D-Z0N3', 'release_group', 'all', 0, 0);
INSERT OR REPLACE INTO condition_patterns (custom_format_name, condition_name, regular_expression_name) VALUES ('1080p Quality Tier 2', 'D-Z0N3', 'D-Z0N3');
INSERT OR REPLACE INTO custom_format_conditions (custom_format_name, name, type, arr_type, negate, required) VALUES ('1080p Quality Tier 2', 'EbP', 'release_group', 'all', 0, 0);
INSERT OR REPLACE INTO condition_patterns (custom_format_name, condition_name, regular_expression_name) VALUES ('1080p Quality Tier 2', 'EbP', 'EbP');
INSERT OR REPLACE INTO custom_format_conditions (custom_format_name, name, type, arr_type, negate, required) VALUES ('1080p Quality Tier 2', 'Geek', 'release_group', 'all', 0, 0);
INSERT OR REPLACE INTO condition_patterns (custom_format_name, condition_name, regular_expression_name) VALUES ('1080p Quality Tier 2', 'Geek', 'Geek');
INSERT OR REPLACE INTO custom_format_conditions (custom_format_name, name, type, arr_type, negate, required) VALUES ('1080p Quality Tier 2', 'HiFi', 'release_group', 'all', 0, 0);
INSERT OR REPLACE INTO condition_patterns (custom_format_name, condition_name, regular_expression_name) VALUES ('1080p Quality Tier 2', 'HiFi', 'HiFi');
INSERT OR REPLACE INTO custom_format_conditions (custom_format_name, name, type, arr_type, negate, required) VALUES ('1080p Quality Tier 2', 'LoRD', 'release_group', 'all', 0, 0);
INSERT OR REPLACE INTO condition_patterns (custom_format_name, condition_name, regular_expression_name) VALUES ('1080p Quality Tier 2', 'LoRD', 'LoRD');
INSERT OR REPLACE INTO custom_format_conditions (custom_format_name, name, type, arr_type, negate, required) VALUES ('1080p Quality Tier 2', 'TayTo', 'release_group', 'all', 0, 0);
INSERT OR REPLACE INTO condition_patterns (custom_format_name, condition_name, regular_expression_name) VALUES ('1080p Quality Tier 2', 'TayTo', 'TayTo');
INSERT OR REPLACE INTO custom_format_conditions (custom_format_name, name, type, arr_type, negate, required) VALUES ('1080p Quality Tier 2', 'VietHD', 'release_group', 'all', 0, 0);
INSERT OR REPLACE INTO condition_patterns (custom_format_name, condition_name, regular_expression_name) VALUES ('1080p Quality Tier 2', 'VietHD', 'VietHD');
INSERT OR REPLACE INTO custom_format_conditions (custom_format_name, name, type, arr_type, negate, required) VALUES ('1080p Quality Tier 2', 'ZQ', 'release_group', 'all', 0, 0);
INSERT OR REPLACE INTO condition_patterns (custom_format_name, condition_name, regular_expression_name) VALUES ('1080p Quality Tier 2', 'ZQ', 'ZQ');
INSERT OR REPLACE INTO custom_formats (name, description, include_in_rename) VALUES ('1080p Quality Tier 3', 'Matches release groups who fall under 1080p GPPi Tier 2', 0);
INSERT OR IGNORE INTO custom_format_tags (custom_format_name, tag_name) VALUES ('1080p Quality Tier 3', 'GPPi');
INSERT OR IGNORE INTO custom_format_tags (custom_format_name, tag_name) VALUES ('1080p Quality Tier 3', 'Release Group Tier');
INSERT OR IGNORE INTO custom_format_tags (custom_format_name, tag_name) VALUES ('1080p Quality Tier 3', '1080p');
INSERT OR IGNORE INTO custom_format_tags (custom_format_name, tag_name) VALUES ('1080p Quality Tier 3', 'Quality');
INSERT OR REPLACE INTO custom_format_conditions (custom_format_name, name, type, arr_type, negate, required) VALUES ('1080p Quality Tier 3', '1080p', 'resolution', 'all', 0, 1);
INSERT OR REPLACE INTO condition_resolutions (custom_format_name, condition_name, resolution) VALUES ('1080p Quality Tier 3', '1080p', '1080p');
INSERT OR REPLACE INTO custom_format_conditions (custom_format_name, name, type, arr_type, negate, required) VALUES ('1080p Quality Tier 3', 'Not Remux', 'release_title', 'all', 1, 1);
INSERT OR REPLACE INTO condition_patterns (custom_format_name, condition_name, regular_expression_name) VALUES ('1080p Quality Tier 3', 'Not Remux', 'Remux');
INSERT OR REPLACE INTO custom_format_conditions (custom_format_name, name, type, arr_type, negate, required) VALUES ('1080p Quality Tier 3', 'Bluray', 'source', 'all', 0, 0);
INSERT OR REPLACE INTO condition_sources (custom_format_name, condition_name, source) VALUES ('1080p Quality Tier 3', 'Bluray', 'bluray');
INSERT OR REPLACE INTO custom_format_conditions (custom_format_name, name, type, arr_type, negate, required) VALUES ('1080p Quality Tier 3', 'WEBRip', 'source', 'all', 0, 0);
INSERT OR REPLACE INTO condition_sources (custom_format_name, condition_name, source) VALUES ('1080p Quality Tier 3', 'WEBRip', 'webrip');
INSERT OR REPLACE INTO custom_format_conditions (custom_format_name, name, type, arr_type, negate, required) VALUES ('1080p Quality Tier 3', 'BV', 'release_group', 'all', 0, 0);
INSERT OR REPLACE INTO condition_patterns (custom_format_name, condition_name, regular_expression_name) VALUES ('1080p Quality Tier 3', 'BV', 'BV');
INSERT OR REPLACE INTO custom_format_conditions (custom_format_name, name, type, arr_type, negate, required) VALUES ('1080p Quality Tier 3', 'CRiSC', 'release_group', 'all', 0, 0);
INSERT OR REPLACE INTO condition_patterns (custom_format_name, condition_name, regular_expression_name) VALUES ('1080p Quality Tier 3', 'CRiSC', 'CRiSC');
INSERT OR REPLACE INTO custom_format_conditions (custom_format_name, name, type, arr_type, negate, required) VALUES ('1080p Quality Tier 3', 'decibeL', 'release_group', 'all', 0, 0);
INSERT OR REPLACE INTO condition_patterns (custom_format_name, condition_name, regular_expression_name) VALUES ('1080p Quality Tier 3', 'decibeL', 'decibeL');
INSERT OR REPLACE INTO custom_format_conditions (custom_format_name, name, type, arr_type, negate, required) VALUES ('1080p Quality Tier 3', 'FoRM', 'release_group', 'all', 0, 0);
INSERT OR REPLACE INTO condition_patterns (custom_format_name, condition_name, regular_expression_name) VALUES ('1080p Quality Tier 3', 'FoRM', 'FoRM');
INSERT OR REPLACE INTO custom_format_conditions (custom_format_name, name, type, arr_type, negate, required) VALUES ('1080p Quality Tier 3', 'HiDt', 'release_group', 'all', 0, 0);
INSERT OR REPLACE INTO condition_patterns (custom_format_name, condition_name, regular_expression_name) VALUES ('1080p Quality Tier 3', 'HiDt', 'HiDt');
INSERT OR REPLACE INTO custom_format_conditions (custom_format_name, name, type, arr_type, negate, required) VALUES ('1080p Quality Tier 3', 'HiP', 'release_group', 'all', 0, 0);
INSERT OR REPLACE INTO condition_patterns (custom_format_name, condition_name, regular_expression_name) VALUES ('1080p Quality Tier 3', 'HiP', 'HiP');
INSERT OR REPLACE INTO custom_format_conditions (custom_format_name, name, type, arr_type, negate, required) VALUES ('1080p Quality Tier 3', 'iFT', 'release_group', 'all', 0, 0);
INSERT OR REPLACE INTO condition_patterns (custom_format_name, condition_name, regular_expression_name) VALUES ('1080p Quality Tier 3', 'iFT', 'iFT');
INSERT OR REPLACE INTO custom_format_conditions (custom_format_name, name, type, arr_type, negate, required) VALUES ('1080p Quality Tier 3', 'SbR', 'release_group', 'all', 0, 0);
INSERT OR REPLACE INTO condition_patterns (custom_format_name, condition_name, regular_expression_name) VALUES ('1080p Quality Tier 3', 'SbR', 'SbR');
INSERT OR REPLACE INTO custom_format_conditions (custom_format_name, name, type, arr_type, negate, required) VALUES ('1080p Quality Tier 3', 'WMING', 'release_group', 'all', 0, 0);
INSERT OR REPLACE INTO condition_patterns (custom_format_name, condition_name, regular_expression_name) VALUES ('1080p Quality Tier 3', 'WMING', 'WMING');
INSERT OR REPLACE INTO custom_formats (name, description, include_in_rename) VALUES ('1080p Quality Tier 4', 'Matches release groups who fall under 1080p GPPi Tier 4', 0);
INSERT OR IGNORE INTO custom_format_tags (custom_format_name, tag_name) VALUES ('1080p Quality Tier 4', 'GPPi');
INSERT OR IGNORE INTO custom_format_tags (custom_format_name, tag_name) VALUES ('1080p Quality Tier 4', 'Release Group Tier');
INSERT OR IGNORE INTO custom_format_tags (custom_format_name, tag_name) VALUES ('1080p Quality Tier 4', '1080p');
INSERT OR IGNORE INTO custom_format_tags (custom_format_name, tag_name) VALUES ('1080p Quality Tier 4', 'Quality');
INSERT OR REPLACE INTO custom_format_conditions (custom_format_name, name, type, arr_type, negate, required) VALUES ('1080p Quality Tier 4', '1080p', 'resolution', 'all', 0, 1);
INSERT OR REPLACE INTO condition_resolutions (custom_format_name, condition_name, resolution) VALUES ('1080p Quality Tier 4', '1080p', '1080p');
INSERT OR REPLACE INTO custom_format_conditions (custom_format_name, name, type, arr_type, negate, required) VALUES ('1080p Quality Tier 4', 'Not Remux', 'release_title', 'all', 1, 1);
INSERT OR REPLACE INTO condition_patterns (custom_format_name, condition_name, regular_expression_name) VALUES ('1080p Quality Tier 4', 'Not Remux', 'Remux');
INSERT OR REPLACE INTO custom_format_conditions (custom_format_name, name, type, arr_type, negate, required) VALUES ('1080p Quality Tier 4', 'Bluray', 'source', 'all', 0, 0);
INSERT OR REPLACE INTO condition_sources (custom_format_name, condition_name, source) VALUES ('1080p Quality Tier 4', 'Bluray', 'bluray');
INSERT OR REPLACE INTO custom_format_conditions (custom_format_name, name, type, arr_type, negate, required) VALUES ('1080p Quality Tier 4', 'WEBRip', 'source', 'all', 0, 0);
INSERT OR REPLACE INTO condition_sources (custom_format_name, condition_name, source) VALUES ('1080p Quality Tier 4', 'WEBRip', 'webrip');
INSERT OR REPLACE INTO custom_format_conditions (custom_format_name, name, type, arr_type, negate, required) VALUES ('1080p Quality Tier 4', 'BMF', 'release_group', 'all', 0, 0);
INSERT OR REPLACE INTO condition_patterns (custom_format_name, condition_name, regular_expression_name) VALUES ('1080p Quality Tier 4', 'BMF', 'BMF');
INSERT OR REPLACE INTO custom_format_conditions (custom_format_name, name, type, arr_type, negate, required) VALUES ('1080p Quality Tier 4', 'de[42]', 'release_group', 'all', 0, 0);
INSERT OR REPLACE INTO condition_patterns (custom_format_name, condition_name, regular_expression_name) VALUES ('1080p Quality Tier 4', 'de[42]', 'de[42]');
INSERT OR REPLACE INTO custom_format_conditions (custom_format_name, name, type, arr_type, negate, required) VALUES ('1080p Quality Tier 4', 'HDMaNiAcS', 'release_group', 'all', 0, 0);
INSERT OR REPLACE INTO condition_patterns (custom_format_name, condition_name, regular_expression_name) VALUES ('1080p Quality Tier 4', 'HDMaNiAcS', 'HDMaNiAcS');
INSERT OR REPLACE INTO custom_format_conditions (custom_format_name, name, type, arr_type, negate, required) VALUES ('1080p Quality Tier 4', 'IDE', 'release_group', 'all', 0, 0);
INSERT OR REPLACE INTO condition_patterns (custom_format_name, condition_name, regular_expression_name) VALUES ('1080p Quality Tier 4', 'IDE', 'IDE');
INSERT OR REPLACE INTO custom_format_conditions (custom_format_name, name, type, arr_type, negate, required) VALUES ('1080p Quality Tier 4', 'LolHD', 'release_group', 'all', 0, 0);
INSERT OR REPLACE INTO condition_patterns (custom_format_name, condition_name, regular_expression_name) VALUES ('1080p Quality Tier 4', 'LolHD', 'LolHD');
INSERT OR REPLACE INTO custom_format_conditions (custom_format_name, name, type, arr_type, negate, required) VALUES ('1080p Quality Tier 4', 'NCmt', 'release_group', 'all', 0, 0);
INSERT OR REPLACE INTO condition_patterns (custom_format_name, condition_name, regular_expression_name) VALUES ('1080p Quality Tier 4', 'NCmt', 'NCmt');
INSERT OR REPLACE INTO custom_format_conditions (custom_format_name, name, type, arr_type, negate, required) VALUES ('1080p Quality Tier 4', 'Skazhutin', 'release_group', 'all', 0, 0);
INSERT OR REPLACE INTO condition_patterns (custom_format_name, condition_name, regular_expression_name) VALUES ('1080p Quality Tier 4', 'Skazhutin', 'Skazhutin');
INSERT OR REPLACE INTO custom_format_conditions (custom_format_name, name, type, arr_type, negate, required) VALUES ('1080p Quality Tier 4', 'NTb', 'release_group', 'all', 0, 0);
INSERT OR REPLACE INTO condition_patterns (custom_format_name, condition_name, regular_expression_name) VALUES ('1080p Quality Tier 4', 'NTb', 'NTb');
INSERT OR REPLACE INTO custom_formats (name, description, include_in_rename) VALUES ('1080p Quality Tier 5', 'Matches release groups who fall under 1080p GPPi Tier 5', 0);
INSERT OR IGNORE INTO custom_format_tags (custom_format_name, tag_name) VALUES ('1080p Quality Tier 5', 'GPPi');
INSERT OR IGNORE INTO custom_format_tags (custom_format_name, tag_name) VALUES ('1080p Quality Tier 5', 'Release Group Tier');
INSERT OR IGNORE INTO custom_format_tags (custom_format_name, tag_name) VALUES ('1080p Quality Tier 5', '1080p');
INSERT OR IGNORE INTO custom_format_tags (custom_format_name, tag_name) VALUES ('1080p Quality Tier 5', 'Quality');
INSERT OR REPLACE INTO custom_format_conditions (custom_format_name, name, type, arr_type, negate, required) VALUES ('1080p Quality Tier 5', '1080p', 'resolution', 'all', 0, 1);
INSERT OR REPLACE INTO condition_resolutions (custom_format_name, condition_name, resolution) VALUES ('1080p Quality Tier 5', '1080p', '1080p');
INSERT OR REPLACE INTO custom_format_conditions (custom_format_name, name, type, arr_type, negate, required) VALUES ('1080p Quality Tier 5', 'Not Remux', 'release_title', 'all', 1, 1);
INSERT OR REPLACE INTO condition_patterns (custom_format_name, condition_name, regular_expression_name) VALUES ('1080p Quality Tier 5', 'Not Remux', 'Remux');
INSERT OR REPLACE INTO custom_format_conditions (custom_format_name, name, type, arr_type, negate, required) VALUES ('1080p Quality Tier 5', 'Bluray', 'source', 'all', 0, 0);
INSERT OR REPLACE INTO condition_sources (custom_format_name, condition_name, source) VALUES ('1080p Quality Tier 5', 'Bluray', 'bluray');
INSERT OR REPLACE INTO custom_format_conditions (custom_format_name, name, type, arr_type, negate, required) VALUES ('1080p Quality Tier 5', 'WEBRip', 'source', 'all', 0, 0);
INSERT OR REPLACE INTO condition_sources (custom_format_name, condition_name, source) VALUES ('1080p Quality Tier 5', 'WEBRip', 'webrip');
INSERT OR REPLACE INTO custom_format_conditions (custom_format_name, name, type, arr_type, negate, required) VALUES ('1080p Quality Tier 5', 'AJP69', 'release_group', 'all', 0, 0);
INSERT OR REPLACE INTO condition_patterns (custom_format_name, condition_name, regular_expression_name) VALUES ('1080p Quality Tier 5', 'AJP69', 'AJP69');
INSERT OR REPLACE INTO custom_format_conditions (custom_format_name, name, type, arr_type, negate, required) VALUES ('1080p Quality Tier 5', 'ATELiER', 'release_group', 'all', 0, 0);
INSERT OR REPLACE INTO condition_patterns (custom_format_name, condition_name, regular_expression_name) VALUES ('1080p Quality Tier 5', 'ATELiER', 'ATELiER');
INSERT OR REPLACE INTO custom_format_conditions (custom_format_name, name, type, arr_type, negate, required) VALUES ('1080p Quality Tier 5', 'BSTD', 'release_group', 'all', 0, 0);
INSERT OR REPLACE INTO condition_patterns (custom_format_name, condition_name, regular_expression_name) VALUES ('1080p Quality Tier 5', 'BSTD', 'BSTD');
INSERT OR REPLACE INTO custom_format_conditions (custom_format_name, name, type, arr_type, negate, required) VALUES ('1080p Quality Tier 5', 'Chotab', 'release_group', 'all', 0, 0);
INSERT OR REPLACE INTO condition_patterns (custom_format_name, condition_name, regular_expression_name) VALUES ('1080p Quality Tier 5', 'Chotab', 'Chotab');
INSERT OR REPLACE INTO custom_format_conditions (custom_format_name, name, type, arr_type, negate, required) VALUES ('1080p Quality Tier 5', 'CJ', 'release_group', 'all', 0, 0);
INSERT OR REPLACE INTO condition_patterns (custom_format_name, condition_name, regular_expression_name) VALUES ('1080p Quality Tier 5', 'CJ', 'CJ');
INSERT OR REPLACE INTO custom_format_conditions (custom_format_name, name, type, arr_type, negate, required) VALUES ('1080p Quality Tier 5', 'CRX', 'release_group', 'all', 0, 0);
INSERT OR REPLACE INTO condition_patterns (custom_format_name, condition_name, regular_expression_name) VALUES ('1080p Quality Tier 5', 'CRX', 'CRX');
INSERT OR REPLACE INTO custom_format_conditions (custom_format_name, name, type, arr_type, negate, required) VALUES ('1080p Quality Tier 5', 'Dariush', 'release_group', 'all', 0, 0);
INSERT OR REPLACE INTO condition_patterns (custom_format_name, condition_name, regular_expression_name) VALUES ('1080p Quality Tier 5', 'Dariush', 'Dariush');
INSERT OR REPLACE INTO custom_format_conditions (custom_format_name, name, type, arr_type, negate, required) VALUES ('1080p Quality Tier 5', 'E1', 'release_group', 'all', 0, 0);
INSERT OR REPLACE INTO condition_patterns (custom_format_name, condition_name, regular_expression_name) VALUES ('1080p Quality Tier 5', 'E1', 'E1');
INSERT OR REPLACE INTO custom_format_conditions (custom_format_name, name, type, arr_type, negate, required) VALUES ('1080p Quality Tier 5', 'EA', 'release_group', 'all', 0, 0);
INSERT OR REPLACE INTO condition_patterns (custom_format_name, condition_name, regular_expression_name) VALUES ('1080p Quality Tier 5', 'EA', 'EA');
INSERT OR REPLACE INTO custom_format_conditions (custom_format_name, name, type, arr_type, negate, required) VALUES ('1080p Quality Tier 5', 'E.N.D', 'release_group', 'all', 0, 0);
INSERT OR REPLACE INTO condition_patterns (custom_format_name, condition_name, regular_expression_name) VALUES ('1080p Quality Tier 5', 'E.N.D', 'E.N.D');
INSERT OR REPLACE INTO custom_format_conditions (custom_format_name, name, type, arr_type, negate, required) VALUES ('1080p Quality Tier 5', 'EDPH', 'release_group', 'all', 0, 0);
INSERT OR REPLACE INTO condition_patterns (custom_format_name, condition_name, regular_expression_name) VALUES ('1080p Quality Tier 5', 'EDPH', 'EDPH');
INSERT OR REPLACE INTO custom_format_conditions (custom_format_name, name, type, arr_type, negate, required) VALUES ('1080p Quality Tier 5', 'ESiR', 'release_group', 'all', 0, 0);
INSERT OR REPLACE INTO condition_patterns (custom_format_name, condition_name, regular_expression_name) VALUES ('1080p Quality Tier 5', 'ESiR', 'ESiR');
INSERT OR REPLACE INTO custom_format_conditions (custom_format_name, name, type, arr_type, negate, required) VALUES ('1080p Quality Tier 5', 'EXCiSION', 'release_group', 'all', 0, 0);
INSERT OR REPLACE INTO condition_patterns (custom_format_name, condition_name, regular_expression_name) VALUES ('1080p Quality Tier 5', 'EXCiSION', 'EXCiSION');
INSERT OR REPLACE INTO custom_format_conditions (custom_format_name, name, type, arr_type, negate, required) VALUES ('1080p Quality Tier 5', 'FraMeSToR', 'release_group', 'all', 0, 0);
INSERT OR REPLACE INTO condition_patterns (custom_format_name, condition_name, regular_expression_name) VALUES ('1080p Quality Tier 5', 'FraMeSToR', 'FraMeSToR');
INSERT OR REPLACE INTO custom_format_conditions (custom_format_name, name, type, arr_type, negate, required) VALUES ('1080p Quality Tier 5', 'GALAXY', 'release_group', 'all', 0, 0);
INSERT OR REPLACE INTO condition_patterns (custom_format_name, condition_name, regular_expression_name) VALUES ('1080p Quality Tier 5', 'GALAXY', 'GALAXY');
INSERT OR REPLACE INTO custom_format_conditions (custom_format_name, name, type, arr_type, negate, required) VALUES ('1080p Quality Tier 5', 'GS88', 'release_group', 'all', 0, 0);
INSERT OR REPLACE INTO condition_patterns (custom_format_name, condition_name, regular_expression_name) VALUES ('1080p Quality Tier 5', 'GS88', 'GS88');
INSERT OR REPLACE INTO custom_format_conditions (custom_format_name, name, type, arr_type, negate, required) VALUES ('1080p Quality Tier 5', 'hdalx', 'release_group', 'all', 0, 0);
INSERT OR REPLACE INTO condition_patterns (custom_format_name, condition_name, regular_expression_name) VALUES ('1080p Quality Tier 5', 'hdalx', 'hdalx');
INSERT OR REPLACE INTO custom_format_conditions (custom_format_name, name, type, arr_type, negate, required) VALUES ('1080p Quality Tier 5', 'HQMUX', 'release_group', 'all', 0, 0);
INSERT OR REPLACE INTO condition_patterns (custom_format_name, condition_name, regular_expression_name) VALUES ('1080p Quality Tier 5', 'HQMUX', 'HQMUX');
INSERT OR REPLACE INTO custom_format_conditions (custom_format_name, name, type, arr_type, negate, required) VALUES ('1080p Quality Tier 5', 'KASHMiR', 'release_group', 'all', 0, 0);
INSERT OR REPLACE INTO condition_patterns (custom_format_name, condition_name, regular_expression_name) VALUES ('1080p Quality Tier 5', 'KASHMiR', 'KASHMiR');
INSERT OR REPLACE INTO custom_format_conditions (custom_format_name, name, type, arr_type, negate, required) VALUES ('1080p Quality Tier 5', 'Kitsune', 'release_group', 'all', 0, 0);
INSERT OR REPLACE INTO condition_patterns (custom_format_name, condition_name, regular_expression_name) VALUES ('1080p Quality Tier 5', 'Kitsune', 'Kitsune');
INSERT OR REPLACE INTO custom_format_conditions (custom_format_name, name, type, arr_type, negate, required) VALUES ('1080p Quality Tier 5', 'LiNG', 'release_group', 'all', 0, 0);
INSERT OR REPLACE INTO condition_patterns (custom_format_name, condition_name, regular_expression_name) VALUES ('1080p Quality Tier 5', 'LiNG', 'LiNG');
INSERT OR REPLACE INTO custom_format_conditions (custom_format_name, name, type, arr_type, negate, required) VALUES ('1080p Quality Tier 5', 'luvBB', 'release_group', 'all', 0, 0);
INSERT OR REPLACE INTO condition_patterns (custom_format_name, condition_name, regular_expression_name) VALUES ('1080p Quality Tier 5', 'luvBB', 'luvBB');
INSERT OR REPLACE INTO custom_format_conditions (custom_format_name, name, type, arr_type, negate, required) VALUES ('1080p Quality Tier 5', 'NiBuRu', 'release_group', 'all', 0, 0);
INSERT OR REPLACE INTO condition_patterns (custom_format_name, condition_name, regular_expression_name) VALUES ('1080p Quality Tier 5', 'NiBuRu', 'NiBuRu');
INSERT OR REPLACE INTO custom_format_conditions (custom_format_name, name, type, arr_type, negate, required) VALUES ('1080p Quality Tier 5', 'nmd', 'release_group', 'all', 0, 0);
INSERT OR REPLACE INTO condition_patterns (custom_format_name, condition_name, regular_expression_name) VALUES ('1080p Quality Tier 5', 'nmd', 'nmd');
INSERT OR REPLACE INTO custom_format_conditions (custom_format_name, name, type, arr_type, negate, required) VALUES ('1080p Quality Tier 5', 'NyHD', 'release_group', 'all', 0, 0);
INSERT OR REPLACE INTO condition_patterns (custom_format_name, condition_name, regular_expression_name) VALUES ('1080p Quality Tier 5', 'NyHD', 'NyHD');
INSERT OR REPLACE INTO custom_format_conditions (custom_format_name, name, type, arr_type, negate, required) VALUES ('1080p Quality Tier 5', 'ORiGEN', 'release_group', 'all', 0, 0);
INSERT OR REPLACE INTO condition_patterns (custom_format_name, condition_name, regular_expression_name) VALUES ('1080p Quality Tier 5', 'ORiGEN', 'ORiGEN');
INSERT OR REPLACE INTO custom_format_conditions (custom_format_name, name, type, arr_type, negate, required) VALUES ('1080p Quality Tier 5', 'Penumbra', 'release_group', 'all', 0, 0);
INSERT OR REPLACE INTO condition_patterns (custom_format_name, condition_name, regular_expression_name) VALUES ('1080p Quality Tier 5', 'Penumbra', 'Penumbra');
INSERT OR REPLACE INTO custom_format_conditions (custom_format_name, name, type, arr_type, negate, required) VALUES ('1080p Quality Tier 5', 'playHD', 'release_group', 'all', 0, 0);
INSERT OR REPLACE INTO condition_patterns (custom_format_name, condition_name, regular_expression_name) VALUES ('1080p Quality Tier 5', 'playHD', 'playHD');
INSERT OR REPLACE INTO custom_format_conditions (custom_format_name, name, type, arr_type, negate, required) VALUES ('1080p Quality Tier 5', 'Positive', 'release_group', 'all', 0, 0);
INSERT OR REPLACE INTO condition_patterns (custom_format_name, condition_name, regular_expression_name) VALUES ('1080p Quality Tier 5', 'Positive', 'Positive');
INSERT OR REPLACE INTO custom_format_conditions (custom_format_name, name, type, arr_type, negate, required) VALUES ('1080p Quality Tier 5', 'PTer', 'release_group', 'all', 0, 0);
INSERT OR REPLACE INTO condition_patterns (custom_format_name, condition_name, regular_expression_name) VALUES ('1080p Quality Tier 5', 'PTer', 'PTer');
INSERT OR REPLACE INTO custom_format_conditions (custom_format_name, name, type, arr_type, negate, required) VALUES ('1080p Quality Tier 5', 'RiCO', 'release_group', 'all', 0, 0);
INSERT OR REPLACE INTO condition_patterns (custom_format_name, condition_name, regular_expression_name) VALUES ('1080p Quality Tier 5', 'RiCO', 'RiCO');
INSERT OR REPLACE INTO custom_format_conditions (custom_format_name, name, type, arr_type, negate, required) VALUES ('1080p Quality Tier 5', 'rightSIZE', 'release_group', 'all', 0, 0);
INSERT OR REPLACE INTO condition_patterns (custom_format_name, condition_name, regular_expression_name) VALUES ('1080p Quality Tier 5', 'rightSIZE', 'rightSIZE');
INSERT OR REPLACE INTO custom_format_conditions (custom_format_name, name, type, arr_type, negate, required) VALUES ('1080p Quality Tier 5', 'RO', 'release_group', 'all', 0, 0);
INSERT OR REPLACE INTO condition_patterns (custom_format_name, condition_name, regular_expression_name) VALUES ('1080p Quality Tier 5', 'RO', 'RO');
INSERT OR REPLACE INTO custom_format_conditions (custom_format_name, name, type, arr_type, negate, required) VALUES ('1080p Quality Tier 5', 'rttr', 'release_group', 'all', 0, 0);
INSERT OR REPLACE INTO condition_patterns (custom_format_name, condition_name, regular_expression_name) VALUES ('1080p Quality Tier 5', 'rttr', 'rttr');
INSERT OR REPLACE INTO custom_format_conditions (custom_format_name, name, type, arr_type, negate, required) VALUES ('1080p Quality Tier 5', 'SaNcTi', 'release_group', 'all', 0, 0);
INSERT OR REPLACE INTO condition_patterns (custom_format_name, condition_name, regular_expression_name) VALUES ('1080p Quality Tier 5', 'SaNcTi', 'SaNcTi');
INSERT OR REPLACE INTO custom_format_conditions (custom_format_name, name, type, arr_type, negate, required) VALUES ('1080p Quality Tier 5', 'SiMPLE', 'release_group', 'all', 0, 0);
INSERT OR REPLACE INTO condition_patterns (custom_format_name, condition_name, regular_expression_name) VALUES ('1080p Quality Tier 5', 'SiMPLE', 'SiMPLE');
INSERT OR REPLACE INTO custom_format_conditions (custom_format_name, name, type, arr_type, negate, required) VALUES ('1080p Quality Tier 5', 'SOP', 'release_group', 'all', 0, 0);
INSERT OR REPLACE INTO condition_patterns (custom_format_name, condition_name, regular_expression_name) VALUES ('1080p Quality Tier 5', 'SOP', 'SOP');
INSERT OR REPLACE INTO custom_format_conditions (custom_format_name, name, type, arr_type, negate, required) VALUES ('1080p Quality Tier 5', 'SPHD', 'release_group', 'all', 0, 0);
INSERT OR REPLACE INTO condition_patterns (custom_format_name, condition_name, regular_expression_name) VALUES ('1080p Quality Tier 5', 'SPHD', 'SPHD');
INSERT OR REPLACE INTO custom_format_conditions (custom_format_name, name, type, arr_type, negate, required) VALUES ('1080p Quality Tier 5', 'TBB', 'release_group', 'all', 0, 0);
INSERT OR REPLACE INTO condition_patterns (custom_format_name, condition_name, regular_expression_name) VALUES ('1080p Quality Tier 5', 'TBB', 'TBB');
INSERT OR REPLACE INTO custom_format_conditions (custom_format_name, name, type, arr_type, negate, required) VALUES ('1080p Quality Tier 5', 'TDD', 'release_group', 'all', 0, 0);
INSERT OR REPLACE INTO condition_patterns (custom_format_name, condition_name, regular_expression_name) VALUES ('1080p Quality Tier 5', 'TDD', 'TDD');
INSERT OR REPLACE INTO custom_format_conditions (custom_format_name, name, type, arr_type, negate, required) VALUES ('1080p Quality Tier 5', 'TnP', 'release_group', 'all', 0, 0);
INSERT OR REPLACE INTO condition_patterns (custom_format_name, condition_name, regular_expression_name) VALUES ('1080p Quality Tier 5', 'TnP', 'TnP');
INSERT OR REPLACE INTO custom_format_conditions (custom_format_name, name, type, arr_type, negate, required) VALUES ('1080p Quality Tier 5', 'VLAD', 'release_group', 'all', 0, 0);
INSERT OR REPLACE INTO condition_patterns (custom_format_name, condition_name, regular_expression_name) VALUES ('1080p Quality Tier 5', 'VLAD', 'VLAD');
INSERT OR REPLACE INTO custom_format_conditions (custom_format_name, name, type, arr_type, negate, required) VALUES ('1080p Quality Tier 5', 'W4NK3R', 'release_group', 'all', 0, 0);
INSERT OR REPLACE INTO condition_patterns (custom_format_name, condition_name, regular_expression_name) VALUES ('1080p Quality Tier 5', 'W4NK3R', 'W4NK3R');
INSERT OR REPLACE INTO custom_format_conditions (custom_format_name, name, type, arr_type, negate, required) VALUES ('1080p Quality Tier 5', 'WiLF', 'release_group', 'all', 0, 0);
INSERT OR REPLACE INTO condition_patterns (custom_format_name, condition_name, regular_expression_name) VALUES ('1080p Quality Tier 5', 'WiLF', 'WiLF');
INSERT OR REPLACE INTO custom_format_conditions (custom_format_name, name, type, arr_type, negate, required) VALUES ('1080p Quality Tier 5', 'xander', 'release_group', 'all', 0, 0);
INSERT OR REPLACE INTO condition_patterns (custom_format_name, condition_name, regular_expression_name) VALUES ('1080p Quality Tier 5', 'xander', 'xander');
INSERT OR REPLACE INTO custom_format_conditions (custom_format_name, name, type, arr_type, negate, required) VALUES ('1080p Quality Tier 5', 'ZIMBO', 'release_group', 'all', 0, 0);
INSERT OR REPLACE INTO condition_patterns (custom_format_name, condition_name, regular_expression_name) VALUES ('1080p Quality Tier 5', 'ZIMBO', 'ZIMBO');
INSERT OR REPLACE INTO custom_formats (name, description, include_in_rename) VALUES ('1080p Quality Tier 6', 'Matches release groups who fall under 1080p GPPi Tier 6', 0);
INSERT OR IGNORE INTO custom_format_tags (custom_format_name, tag_name) VALUES ('1080p Quality Tier 6', 'GPPi');
INSERT OR IGNORE INTO custom_format_tags (custom_format_name, tag_name) VALUES ('1080p Quality Tier 6', 'Release Group Tier');
INSERT OR IGNORE INTO custom_format_tags (custom_format_name, tag_name) VALUES ('1080p Quality Tier 6', '1080p');
INSERT OR IGNORE INTO custom_format_tags (custom_format_name, tag_name) VALUES ('1080p Quality Tier 6', 'Quality');
INSERT OR REPLACE INTO custom_format_conditions (custom_format_name, name, type, arr_type, negate, required) VALUES ('1080p Quality Tier 6', '1080p', 'resolution', 'all', 0, 1);
INSERT OR REPLACE INTO condition_resolutions (custom_format_name, condition_name, resolution) VALUES ('1080p Quality Tier 6', '1080p', '1080p');
INSERT OR REPLACE INTO custom_format_conditions (custom_format_name, name, type, arr_type, negate, required) VALUES ('1080p Quality Tier 6', 'Not Remux', 'release_title', 'all', 1, 1);
INSERT OR REPLACE INTO condition_patterns (custom_format_name, condition_name, regular_expression_name) VALUES ('1080p Quality Tier 6', 'Not Remux', 'Remux');
INSERT OR REPLACE INTO custom_format_conditions (custom_format_name, name, type, arr_type, negate, required) VALUES ('1080p Quality Tier 6', 'Bluray', 'source', 'all', 0, 0);
INSERT OR REPLACE INTO condition_sources (custom_format_name, condition_name, source) VALUES ('1080p Quality Tier 6', 'Bluray', 'bluray');
INSERT OR REPLACE INTO custom_format_conditions (custom_format_name, name, type, arr_type, negate, required) VALUES ('1080p Quality Tier 6', 'WEBRip', 'source', 'all', 0, 0);
INSERT OR REPLACE INTO condition_sources (custom_format_name, condition_name, source) VALUES ('1080p Quality Tier 6', 'WEBRip', 'webrip');
INSERT OR REPLACE INTO custom_format_conditions (custom_format_name, name, type, arr_type, negate, required) VALUES ('1080p Quality Tier 6', 'ASD87', 'release_group', 'all', 0, 0);
INSERT OR REPLACE INTO condition_patterns (custom_format_name, condition_name, regular_expression_name) VALUES ('1080p Quality Tier 6', 'ASD87', 'ASD87');
INSERT OR REPLACE INTO custom_format_conditions (custom_format_name, name, type, arr_type, negate, required) VALUES ('1080p Quality Tier 6', 'BRUTE', 'release_group', 'all', 0, 0);
INSERT OR REPLACE INTO condition_patterns (custom_format_name, condition_name, regular_expression_name) VALUES ('1080p Quality Tier 6', 'BRUTE', 'BRUTE');
INSERT OR REPLACE INTO custom_format_conditions (custom_format_name, name, type, arr_type, negate, required) VALUES ('1080p Quality Tier 6', 'CHD', 'release_group', 'all', 0, 0);
INSERT OR REPLACE INTO condition_patterns (custom_format_name, condition_name, regular_expression_name) VALUES ('1080p Quality Tier 6', 'CHD', 'CHD');
INSERT OR REPLACE INTO custom_format_conditions (custom_format_name, name, type, arr_type, negate, required) VALUES ('1080p Quality Tier 6', 'EuReKA', 'release_group', 'all', 0, 0);
INSERT OR REPLACE INTO condition_patterns (custom_format_name, condition_name, regular_expression_name) VALUES ('1080p Quality Tier 6', 'EuReKA', 'EuReKA');
INSERT OR REPLACE INTO custom_format_conditions (custom_format_name, name, type, arr_type, negate, required) VALUES ('1080p Quality Tier 6', 'GALVANiZE', 'release_group', 'all', 0, 0);
INSERT OR REPLACE INTO condition_patterns (custom_format_name, condition_name, regular_expression_name) VALUES ('1080p Quality Tier 6', 'GALVANiZE', 'GALVANiZE');
INSERT OR REPLACE INTO custom_format_conditions (custom_format_name, name, type, arr_type, negate, required) VALUES ('1080p Quality Tier 6', 'HaB', 'release_group', 'all', 0, 0);
INSERT OR REPLACE INTO condition_patterns (custom_format_name, condition_name, regular_expression_name) VALUES ('1080p Quality Tier 6', 'HaB', 'HaB');
INSERT OR REPLACE INTO custom_format_conditions (custom_format_name, name, type, arr_type, negate, required) VALUES ('1080p Quality Tier 6', 'HANDJOB', 'release_group', 'all', 0, 0);
INSERT OR REPLACE INTO condition_patterns (custom_format_name, condition_name, regular_expression_name) VALUES ('1080p Quality Tier 6', 'HANDJOB', 'HANDJOB');
INSERT OR REPLACE INTO custom_format_conditions (custom_format_name, name, type, arr_type, negate, required) VALUES ('1080p Quality Tier 6', 'HDC', 'release_group', 'all', 0, 0);
INSERT OR REPLACE INTO condition_patterns (custom_format_name, condition_name, regular_expression_name) VALUES ('1080p Quality Tier 6', 'HDC', 'HDC');
INSERT OR REPLACE INTO custom_format_conditions (custom_format_name, name, type, arr_type, negate, required) VALUES ('1080p Quality Tier 6', 'iON', 'release_group', 'all', 0, 0);
INSERT OR REPLACE INTO condition_patterns (custom_format_name, condition_name, regular_expression_name) VALUES ('1080p Quality Tier 6', 'iON', 'iON');
INSERT OR REPLACE INTO custom_format_conditions (custom_format_name, name, type, arr_type, negate, required) VALUES ('1080p Quality Tier 6', 'Ivandro', 'release_group', 'all', 0, 0);
INSERT OR REPLACE INTO condition_patterns (custom_format_name, condition_name, regular_expression_name) VALUES ('1080p Quality Tier 6', 'Ivandro', 'Ivandro');
INSERT OR REPLACE INTO custom_format_conditions (custom_format_name, name, type, arr_type, negate, required) VALUES ('1080p Quality Tier 6', 'j3rico', 'release_group', 'all', 0, 0);
INSERT OR REPLACE INTO condition_patterns (custom_format_name, condition_name, regular_expression_name) VALUES ('1080p Quality Tier 6', 'j3rico', 'j3rico');
INSERT OR REPLACE INTO custom_format_conditions (custom_format_name, name, type, arr_type, negate, required) VALUES ('1080p Quality Tier 6', 'KnG', 'release_group', 'all', 0, 0);
INSERT OR REPLACE INTO condition_patterns (custom_format_name, condition_name, regular_expression_name) VALUES ('1080p Quality Tier 6', 'KnG', 'KnG');
INSERT OR REPLACE INTO custom_format_conditions (custom_format_name, name, type, arr_type, negate, required) VALUES ('1080p Quality Tier 6', 'LEGi0N', 'release_group', 'all', 0, 0);
INSERT OR REPLACE INTO condition_patterns (custom_format_name, condition_name, regular_expression_name) VALUES ('1080p Quality Tier 6', 'LEGi0N', 'LEGi0N');
INSERT OR REPLACE INTO custom_format_conditions (custom_format_name, name, type, arr_type, negate, required) VALUES ('1080p Quality Tier 6', 'Lulz', 'release_group', 'all', 0, 0);
INSERT OR REPLACE INTO condition_patterns (custom_format_name, condition_name, regular_expression_name) VALUES ('1080p Quality Tier 6', 'Lulz', 'Lulz');
INSERT OR REPLACE INTO custom_format_conditions (custom_format_name, name, type, arr_type, negate, required) VALUES ('1080p Quality Tier 6', 'MaG', 'release_group', 'all', 0, 0);
INSERT OR REPLACE INTO condition_patterns (custom_format_name, condition_name, regular_expression_name) VALUES ('1080p Quality Tier 6', 'MaG', 'MaG');
INSERT OR REPLACE INTO custom_format_conditions (custom_format_name, name, type, arr_type, negate, required) VALUES ('1080p Quality Tier 6', 'MTeam', 'release_group', 'all', 0, 0);
INSERT OR REPLACE INTO condition_patterns (custom_format_name, condition_name, regular_expression_name) VALUES ('1080p Quality Tier 6', 'MTeam', 'MTeam');
INSERT OR REPLACE INTO custom_format_conditions (custom_format_name, name, type, arr_type, negate, required) VALUES ('1080p Quality Tier 6', 'NiP', 'release_group', 'all', 0, 0);
INSERT OR REPLACE INTO condition_patterns (custom_format_name, condition_name, regular_expression_name) VALUES ('1080p Quality Tier 6', 'NiP', 'NiP');
INSERT OR REPLACE INTO custom_format_conditions (custom_format_name, name, type, arr_type, negate, required) VALUES ('1080p Quality Tier 6', 'P0W4HD', 'release_group', 'all', 0, 0);
INSERT OR REPLACE INTO condition_patterns (custom_format_name, condition_name, regular_expression_name) VALUES ('1080p Quality Tier 6', 'P0W4HD', 'P0W4HD');
INSERT OR REPLACE INTO custom_format_conditions (custom_format_name, name, type, arr_type, negate, required) VALUES ('1080p Quality Tier 6', 'PTP', 'release_group', 'all', 0, 0);
INSERT OR REPLACE INTO condition_patterns (custom_format_name, condition_name, regular_expression_name) VALUES ('1080p Quality Tier 6', 'PTP', 'PTP');
INSERT OR REPLACE INTO custom_format_conditions (custom_format_name, name, type, arr_type, negate, required) VALUES ('1080p Quality Tier 6', 'PuTao', 'release_group', 'all', 0, 0);
INSERT OR REPLACE INTO condition_patterns (custom_format_name, condition_name, regular_expression_name) VALUES ('1080p Quality Tier 6', 'PuTao', 'PuTao');
INSERT OR REPLACE INTO custom_format_conditions (custom_format_name, name, type, arr_type, negate, required) VALUES ('1080p Quality Tier 6', 'ROCiNANTE', 'release_group', 'all', 0, 0);
INSERT OR REPLACE INTO condition_patterns (custom_format_name, condition_name, regular_expression_name) VALUES ('1080p Quality Tier 6', 'ROCiNANTE', 'ROCiNANTE');
INSERT OR REPLACE INTO custom_format_conditions (custom_format_name, name, type, arr_type, negate, required) VALUES ('1080p Quality Tier 6', 'Slappy', 'release_group', 'all', 0, 0);
INSERT OR REPLACE INTO condition_patterns (custom_format_name, condition_name, regular_expression_name) VALUES ('1080p Quality Tier 6', 'Slappy', 'Slappy');
INSERT OR REPLACE INTO custom_format_conditions (custom_format_name, name, type, arr_type, negate, required) VALUES ('1080p Quality Tier 6', 'ThD', 'release_group', 'all', 0, 0);
INSERT OR REPLACE INTO condition_patterns (custom_format_name, condition_name, regular_expression_name) VALUES ('1080p Quality Tier 6', 'ThD', 'ThD');
INSERT OR REPLACE INTO custom_format_conditions (custom_format_name, name, type, arr_type, negate, required) VALUES ('1080p Quality Tier 6', 'WiKi', 'release_group', 'all', 0, 0);
INSERT OR REPLACE INTO condition_patterns (custom_format_name, condition_name, regular_expression_name) VALUES ('1080p Quality Tier 6', 'WiKi', 'WiKi');
INSERT OR REPLACE INTO custom_format_conditions (custom_format_name, name, type, arr_type, negate, required) VALUES ('1080p Quality Tier 6', 'WiLDCAT', 'release_group', 'all', 0, 0);
INSERT OR REPLACE INTO condition_patterns (custom_format_name, condition_name, regular_expression_name) VALUES ('1080p Quality Tier 6', 'WiLDCAT', 'WiLDCAT');
INSERT OR REPLACE INTO custom_formats (name, description, include_in_rename) VALUES ('1080p Remux', 'Matches 1080p Remux', 0);
INSERT OR IGNORE INTO custom_format_tags (custom_format_name, tag_name) VALUES ('1080p Remux', 'Source');
INSERT OR REPLACE INTO custom_format_conditions (custom_format_name, name, type, arr_type, negate, required) VALUES ('1080p Remux', '1080p', 'resolution', 'all', 0, 1);
INSERT OR REPLACE INTO condition_resolutions (custom_format_name, condition_name, resolution) VALUES ('1080p Remux', '1080p', '1080p');
INSERT OR REPLACE INTO custom_format_conditions (custom_format_name, name, type, arr_type, negate, required) VALUES ('1080p Remux', 'Remux', 'release_title', 'all', 0, 1);
INSERT OR REPLACE INTO condition_patterns (custom_format_name, condition_name, regular_expression_name) VALUES ('1080p Remux', 'Remux', 'Remux');
INSERT OR REPLACE INTO custom_formats (name, description, include_in_rename) VALUES ('1080p WEB-DL (h264)', 'Matches 1080p WEB-DLs.', 0);
INSERT OR IGNORE INTO custom_format_tags (custom_format_name, tag_name) VALUES ('1080p WEB-DL (h264)', 'Source');
INSERT OR REPLACE INTO custom_format_conditions (custom_format_name, name, type, arr_type, negate, required) VALUES ('1080p WEB-DL (h264)', '1080p', 'resolution', 'all', 0, 1);
INSERT OR REPLACE INTO condition_resolutions (custom_format_name, condition_name, resolution) VALUES ('1080p WEB-DL (h264)', '1080p', '1080p');
INSERT OR REPLACE INTO custom_format_conditions (custom_format_name, name, type, arr_type, negate, required) VALUES ('1080p WEB-DL (h264)', 'WEB-DL', 'source', 'all', 0, 1);
INSERT OR REPLACE INTO condition_sources (custom_format_name, condition_name, source) VALUES ('1080p WEB-DL (h264)', 'WEB-DL', 'web_dl');
INSERT OR REPLACE INTO custom_format_conditions (custom_format_name, name, type, arr_type, negate, required) VALUES ('1080p WEB-DL (h264)', 'h264', 'release_title', 'all', 0, 1);
INSERT OR REPLACE INTO condition_patterns (custom_format_name, condition_name, regular_expression_name) VALUES ('1080p WEB-DL (h264)', 'h264', 'AVC');
INSERT OR REPLACE INTO custom_formats (name, description, include_in_rename) VALUES ('1080p WEB-DL HEVC Tier 1', 'Matches 1080p WEB-DLs.', 0);
INSERT OR IGNORE INTO custom_format_tags (custom_format_name, tag_name) VALUES ('1080p WEB-DL HEVC Tier 1', 'Release Group Tier');
INSERT OR IGNORE INTO custom_format_tags (custom_format_name, tag_name) VALUES ('1080p WEB-DL HEVC Tier 1', '1080p');
INSERT OR IGNORE INTO custom_format_tags (custom_format_name, tag_name) VALUES ('1080p WEB-DL HEVC Tier 1', 'HEVC');
INSERT OR REPLACE INTO custom_format_conditions (custom_format_name, name, type, arr_type, negate, required) VALUES ('1080p WEB-DL HEVC Tier 1', '1080p', 'resolution', 'all', 0, 1);
INSERT OR REPLACE INTO condition_resolutions (custom_format_name, condition_name, resolution) VALUES ('1080p WEB-DL HEVC Tier 1', '1080p', '1080p');
INSERT OR REPLACE INTO custom_format_conditions (custom_format_name, name, type, arr_type, negate, required) VALUES ('1080p WEB-DL HEVC Tier 1', 'WEB-DL', 'source', 'all', 0, 1);
INSERT OR REPLACE INTO condition_sources (custom_format_name, condition_name, source) VALUES ('1080p WEB-DL HEVC Tier 1', 'WEB-DL', 'web_dl');
INSERT OR REPLACE INTO custom_format_conditions (custom_format_name, name, type, arr_type, negate, required) VALUES ('1080p WEB-DL HEVC Tier 1', 'h265', 'release_title', 'all', 0, 1);
INSERT OR REPLACE INTO condition_patterns (custom_format_name, condition_name, regular_expression_name) VALUES ('1080p WEB-DL HEVC Tier 1', 'h265', 'HEVC');
INSERT OR REPLACE INTO custom_format_conditions (custom_format_name, name, type, arr_type, negate, required) VALUES ('1080p WEB-DL HEVC Tier 1', 'Not Weasley', 'release_title', 'all', 1, 1);
INSERT OR REPLACE INTO condition_patterns (custom_format_name, condition_name, regular_expression_name) VALUES ('1080p WEB-DL HEVC Tier 1', 'Not Weasley', 'Weasley');
INSERT OR REPLACE INTO custom_format_conditions (custom_format_name, name, type, arr_type, negate, required) VALUES ('1080p WEB-DL HEVC Tier 1', 'BYNDR', 'release_group', 'all', 0, 0);
INSERT OR REPLACE INTO condition_patterns (custom_format_name, condition_name, regular_expression_name) VALUES ('1080p WEB-DL HEVC Tier 1', 'BYNDR', 'BYNDR');
INSERT OR REPLACE INTO custom_format_conditions (custom_format_name, name, type, arr_type, negate, required) VALUES ('1080p WEB-DL HEVC Tier 1', 'CMRG', 'release_group', 'all', 0, 0);
INSERT OR REPLACE INTO condition_patterns (custom_format_name, condition_name, regular_expression_name) VALUES ('1080p WEB-DL HEVC Tier 1', 'CMRG', 'CMRG');
INSERT OR REPLACE INTO custom_format_conditions (custom_format_name, name, type, arr_type, negate, required) VALUES ('1080p WEB-DL HEVC Tier 1', 'FLUX', 'release_group', 'all', 0, 0);
INSERT OR REPLACE INTO condition_patterns (custom_format_name, condition_name, regular_expression_name) VALUES ('1080p WEB-DL HEVC Tier 1', 'FLUX', 'FLUX');
INSERT OR REPLACE INTO custom_format_conditions (custom_format_name, name, type, arr_type, negate, required) VALUES ('1080p WEB-DL HEVC Tier 1', 'HHWEB', 'release_group', 'all', 0, 0);
INSERT OR REPLACE INTO condition_patterns (custom_format_name, condition_name, regular_expression_name) VALUES ('1080p WEB-DL HEVC Tier 1', 'HHWEB', 'HHWEB');
INSERT OR REPLACE INTO custom_format_conditions (custom_format_name, name, type, arr_type, negate, required) VALUES ('1080p WEB-DL HEVC Tier 1', 'HONE', 'release_group', 'all', 0, 0);
INSERT OR REPLACE INTO condition_patterns (custom_format_name, condition_name, regular_expression_name) VALUES ('1080p WEB-DL HEVC Tier 1', 'HONE', 'HONE');
INSERT OR REPLACE INTO custom_format_conditions (custom_format_name, name, type, arr_type, negate, required) VALUES ('1080p WEB-DL HEVC Tier 1', 'Kitsune', 'release_group', 'all', 0, 0);
INSERT OR REPLACE INTO condition_patterns (custom_format_name, condition_name, regular_expression_name) VALUES ('1080p WEB-DL HEVC Tier 1', 'Kitsune', 'Kitsune');
INSERT OR REPLACE INTO custom_format_conditions (custom_format_name, name, type, arr_type, negate, required) VALUES ('1080p WEB-DL HEVC Tier 1', 'NTb', 'release_group', 'all', 0, 0);
INSERT OR REPLACE INTO condition_patterns (custom_format_name, condition_name, regular_expression_name) VALUES ('1080p WEB-DL HEVC Tier 1', 'NTb', 'NTb');
INSERT OR REPLACE INTO custom_format_conditions (custom_format_name, name, type, arr_type, negate, required) VALUES ('1080p WEB-DL HEVC Tier 1', 'MZABI', 'release_group', 'all', 0, 0);
INSERT OR REPLACE INTO condition_patterns (custom_format_name, condition_name, regular_expression_name) VALUES ('1080p WEB-DL HEVC Tier 1', 'MZABI', 'MZABI');
INSERT OR REPLACE INTO custom_format_conditions (custom_format_name, name, type, arr_type, negate, required) VALUES ('1080p WEB-DL HEVC Tier 1', 'playWEB', 'release_group', 'all', 0, 0);
INSERT OR REPLACE INTO condition_patterns (custom_format_name, condition_name, regular_expression_name) VALUES ('1080p WEB-DL HEVC Tier 1', 'playWEB', 'playWEB');
INSERT OR REPLACE INTO custom_format_conditions (custom_format_name, name, type, arr_type, negate, required) VALUES ('1080p WEB-DL HEVC Tier 1', 'SMURF', 'release_group', 'all', 0, 0);
INSERT OR REPLACE INTO condition_patterns (custom_format_name, condition_name, regular_expression_name) VALUES ('1080p WEB-DL HEVC Tier 1', 'SMURF', 'SMURF');
INSERT OR REPLACE INTO custom_format_conditions (custom_format_name, name, type, arr_type, negate, required) VALUES ('1080p WEB-DL HEVC Tier 1', 'TEPES', 'release_group', 'all', 0, 0);
INSERT OR REPLACE INTO condition_patterns (custom_format_name, condition_name, regular_expression_name) VALUES ('1080p WEB-DL HEVC Tier 1', 'TEPES', 'TEPES');
INSERT OR REPLACE INTO custom_formats (name, description, include_in_rename) VALUES ('1080p WEB-DL', 'Matches 1080p WEB-DLs.', 0);
INSERT OR IGNORE INTO custom_format_tags (custom_format_name, tag_name) VALUES ('1080p WEB-DL', 'Source');
INSERT OR REPLACE INTO custom_format_conditions (custom_format_name, name, type, arr_type, negate, required) VALUES ('1080p WEB-DL', '1080p', 'resolution', 'all', 0, 1);
INSERT OR REPLACE INTO condition_resolutions (custom_format_name, condition_name, resolution) VALUES ('1080p WEB-DL', '1080p', '1080p');
INSERT OR REPLACE INTO custom_format_conditions (custom_format_name, name, type, arr_type, negate, required) VALUES ('1080p WEB-DL', 'WEB-DL', 'source', 'all', 0, 1);
INSERT OR REPLACE INTO condition_sources (custom_format_name, condition_name, source) VALUES ('1080p WEB-DL', 'WEB-DL', 'web_dl');
INSERT OR REPLACE INTO custom_formats (name, description, include_in_rename) VALUES ('1080p WEBRip', 'Matches 1080p WEBRips.', 0);
INSERT OR IGNORE INTO custom_format_tags (custom_format_name, tag_name) VALUES ('1080p WEBRip', 'Source');
INSERT OR REPLACE INTO custom_format_conditions (custom_format_name, name, type, arr_type, negate, required) VALUES ('1080p WEBRip', '1080p', 'resolution', 'all', 0, 1);
INSERT OR REPLACE INTO condition_resolutions (custom_format_name, condition_name, resolution) VALUES ('1080p WEBRip', '1080p', '1080p');
INSERT OR REPLACE INTO custom_format_conditions (custom_format_name, name, type, arr_type, negate, required) VALUES ('1080p WEBRip', 'WEBRip', 'source', 'all', 0, 1);
INSERT OR REPLACE INTO condition_sources (custom_format_name, condition_name, source) VALUES ('1080p WEBRip', 'WEBRip', 'webrip');
INSERT OR REPLACE INTO custom_formats (name, description, include_in_rename) VALUES ('2160p Balanced Tier 1', 'Matches release groups who fall under 2160p Balanced Tier 1', 0);
INSERT OR IGNORE INTO custom_format_tags (custom_format_name, tag_name) VALUES ('2160p Balanced Tier 1', 'Release Group Tier');
INSERT OR IGNORE INTO custom_format_tags (custom_format_name, tag_name) VALUES ('2160p Balanced Tier 1', '2160p');
INSERT OR IGNORE INTO custom_format_tags (custom_format_name, tag_name) VALUES ('2160p Balanced Tier 1', 'Balanced');
INSERT OR REPLACE INTO custom_format_conditions (custom_format_name, name, type, arr_type, negate, required) VALUES ('2160p Balanced Tier 1', '2160p', 'resolution', 'all', 0, 1);
INSERT OR REPLACE INTO condition_resolutions (custom_format_name, condition_name, resolution) VALUES ('2160p Balanced Tier 1', '2160p', '2160p');
INSERT OR REPLACE INTO custom_format_conditions (custom_format_name, name, type, arr_type, negate, required) VALUES ('2160p Balanced Tier 1', 'Bluray', 'source', 'all', 0, 1);
INSERT OR REPLACE INTO condition_sources (custom_format_name, condition_name, source) VALUES ('2160p Balanced Tier 1', 'Bluray', 'bluray');
INSERT OR REPLACE INTO custom_format_conditions (custom_format_name, name, type, arr_type, negate, required) VALUES ('2160p Balanced Tier 1', 'HONE', 'release_group', 'all', 0, 0);
INSERT OR REPLACE INTO condition_patterns (custom_format_name, condition_name, regular_expression_name) VALUES ('2160p Balanced Tier 1', 'HONE', 'HONE');
INSERT OR IGNORE INTO custom_format_tests (custom_format_name, title, type, should_match, description) VALUES ('2160p Balanced Tier 1', 'Contact.1997.BluRay.1080p.DDP.5.1.x264-hallowed', 'movie', 1, NULL);
INSERT OR IGNORE INTO custom_format_tests (custom_format_name, title, type, should_match, description) VALUES ('2160p Balanced Tier 1', 'Gladiator.2000.Extended.Cut.UHD.BluRay.2160p.DDP.7.1.DV.HDR.x265-hallowed', 'movie', 1, NULL);
INSERT OR IGNORE INTO custom_format_tests (custom_format_name, title, type, should_match, description) VALUES ('2160p Balanced Tier 1', 'Yi Yi 2000 BluRay 720p DD 2 0 x264-BHDStudio', 'movie', 1, NULL);
INSERT OR IGNORE INTO custom_format_tests (custom_format_name, title, type, should_match, description) VALUES ('2160p Balanced Tier 1', 'Winnie the Pooh - Blood and Honey (2023) 2160p UHD BluRay x265 DV HDR DD 5.1 English-BHDStudio', 'movie', 1, NULL);
INSERT OR REPLACE INTO custom_formats (name, description, include_in_rename) VALUES ('2160p Balanced Tier 2', 'Matches release groups who fall under 2160p Balanced Tier 2', 0);
INSERT OR IGNORE INTO custom_format_tags (custom_format_name, tag_name) VALUES ('2160p Balanced Tier 2', 'Release Group Tier');
INSERT OR IGNORE INTO custom_format_tags (custom_format_name, tag_name) VALUES ('2160p Balanced Tier 2', '2160p');
INSERT OR IGNORE INTO custom_format_tags (custom_format_name, tag_name) VALUES ('2160p Balanced Tier 2', 'Balanced');
INSERT OR REPLACE INTO custom_format_conditions (custom_format_name, name, type, arr_type, negate, required) VALUES ('2160p Balanced Tier 2', '2160p', 'resolution', 'all', 0, 1);
INSERT OR REPLACE INTO condition_resolutions (custom_format_name, condition_name, resolution) VALUES ('2160p Balanced Tier 2', '2160p', '2160p');
INSERT OR REPLACE INTO custom_format_conditions (custom_format_name, name, type, arr_type, negate, required) VALUES ('2160p Balanced Tier 2', 'Bluray', 'source', 'all', 0, 1);
INSERT OR REPLACE INTO condition_sources (custom_format_name, condition_name, source) VALUES ('2160p Balanced Tier 2', 'Bluray', 'bluray');
INSERT OR REPLACE INTO custom_format_conditions (custom_format_name, name, type, arr_type, negate, required) VALUES ('2160p Balanced Tier 2', 'dkore', 'release_group', 'all', 0, 0);
INSERT OR REPLACE INTO condition_patterns (custom_format_name, condition_name, regular_expression_name) VALUES ('2160p Balanced Tier 2', 'dkore', 'dkore');
INSERT OR IGNORE INTO custom_format_tests (custom_format_name, title, type, should_match, description) VALUES ('2160p Balanced Tier 2', 'Contact.1997.BluRay.1080p.DDP.5.1.x264-hallowed', 'movie', 1, NULL);
INSERT OR IGNORE INTO custom_format_tests (custom_format_name, title, type, should_match, description) VALUES ('2160p Balanced Tier 2', 'Gladiator.2000.Extended.Cut.UHD.BluRay.2160p.DDP.7.1.DV.HDR.x265-hallowed', 'movie', 1, NULL);
INSERT OR IGNORE INTO custom_format_tests (custom_format_name, title, type, should_match, description) VALUES ('2160p Balanced Tier 2', 'Yi Yi 2000 BluRay 720p DD 2 0 x264-BHDStudio', 'movie', 1, NULL);
INSERT OR IGNORE INTO custom_format_tests (custom_format_name, title, type, should_match, description) VALUES ('2160p Balanced Tier 2', 'Winnie the Pooh - Blood and Honey (2023) 2160p UHD BluRay x265 DV HDR DD 5.1 English-BHDStudio', 'movie', 1, NULL);
INSERT OR REPLACE INTO custom_formats (name, description, include_in_rename) VALUES ('2160p Balanced Tier 3', 'Matches release groups who fall under 2160p Balanced Tier 3', 0);
INSERT OR IGNORE INTO custom_format_tags (custom_format_name, tag_name) VALUES ('2160p Balanced Tier 3', 'Release Group Tier');
INSERT OR IGNORE INTO custom_format_tags (custom_format_name, tag_name) VALUES ('2160p Balanced Tier 3', '2160p');
INSERT OR IGNORE INTO custom_format_tags (custom_format_name, tag_name) VALUES ('2160p Balanced Tier 3', 'Balanced');
INSERT OR REPLACE INTO custom_format_conditions (custom_format_name, name, type, arr_type, negate, required) VALUES ('2160p Balanced Tier 3', '2160p', 'resolution', 'all', 0, 1);
INSERT OR REPLACE INTO condition_resolutions (custom_format_name, condition_name, resolution) VALUES ('2160p Balanced Tier 3', '2160p', '2160p');
INSERT OR REPLACE INTO custom_format_conditions (custom_format_name, name, type, arr_type, negate, required) VALUES ('2160p Balanced Tier 3', 'Bluray', 'source', 'all', 0, 1);
INSERT OR REPLACE INTO condition_sources (custom_format_name, condition_name, source) VALUES ('2160p Balanced Tier 3', 'Bluray', 'bluray');
INSERT OR REPLACE INTO custom_format_conditions (custom_format_name, name, type, arr_type, negate, required) VALUES ('2160p Balanced Tier 3', 'BHDStudio', 'release_group', 'all', 0, 0);
INSERT OR REPLACE INTO condition_patterns (custom_format_name, condition_name, regular_expression_name) VALUES ('2160p Balanced Tier 3', 'BHDStudio', 'BHDStudio');
INSERT OR REPLACE INTO custom_format_conditions (custom_format_name, name, type, arr_type, negate, required) VALUES ('2160p Balanced Tier 3', 'hallowed', 'release_group', 'all', 0, 0);
INSERT OR REPLACE INTO condition_patterns (custom_format_name, condition_name, regular_expression_name) VALUES ('2160p Balanced Tier 3', 'hallowed', 'hallowed');
INSERT OR IGNORE INTO custom_format_tests (custom_format_name, title, type, should_match, description) VALUES ('2160p Balanced Tier 3', 'Contact.1997.BluRay.1080p.DDP.5.1.x264-hallowed', 'movie', 1, NULL);
INSERT OR IGNORE INTO custom_format_tests (custom_format_name, title, type, should_match, description) VALUES ('2160p Balanced Tier 3', 'Gladiator.2000.Extended.Cut.UHD.BluRay.2160p.DDP.7.1.DV.HDR.x265-hallowed', 'movie', 1, NULL);
INSERT OR IGNORE INTO custom_format_tests (custom_format_name, title, type, should_match, description) VALUES ('2160p Balanced Tier 3', 'Yi Yi 2000 BluRay 720p DD 2 0 x264-BHDStudio', 'movie', 1, NULL);
INSERT OR IGNORE INTO custom_format_tests (custom_format_name, title, type, should_match, description) VALUES ('2160p Balanced Tier 3', 'Winnie the Pooh - Blood and Honey (2023) 2160p UHD BluRay x265 DV HDR DD 5.1 English-BHDStudio', 'movie', 1, NULL);
INSERT OR REPLACE INTO custom_formats (name, description, include_in_rename) VALUES ('2160p Bluray', 'Matches 2160p Blurays that are NOT remuxes', 0);
INSERT OR IGNORE INTO custom_format_tags (custom_format_name, tag_name) VALUES ('2160p Bluray', 'Source');
INSERT OR REPLACE INTO custom_format_conditions (custom_format_name, name, type, arr_type, negate, required) VALUES ('2160p Bluray', '2160p', 'resolution', 'all', 0, 1);
INSERT OR REPLACE INTO condition_resolutions (custom_format_name, condition_name, resolution) VALUES ('2160p Bluray', '2160p', '2160p');
INSERT OR REPLACE INTO custom_format_conditions (custom_format_name, name, type, arr_type, negate, required) VALUES ('2160p Bluray', 'Bluray', 'source', 'all', 0, 1);
INSERT OR REPLACE INTO condition_sources (custom_format_name, condition_name, source) VALUES ('2160p Bluray', 'Bluray', 'bluray');
INSERT OR REPLACE INTO custom_format_conditions (custom_format_name, name, type, arr_type, negate, required) VALUES ('2160p Bluray', 'Not Remux', 'release_title', 'all', 1, 1);
INSERT OR REPLACE INTO condition_patterns (custom_format_name, condition_name, regular_expression_name) VALUES ('2160p Bluray', 'Not Remux', 'Remux');
INSERT OR REPLACE INTO custom_formats (name, description, include_in_rename) VALUES ('2160p Efficient TV Bluray Tier 1', 'Matches release groups who fall under 2160p Efficient Bluray Tier 1', 0);
INSERT OR IGNORE INTO custom_format_tags (custom_format_name, tag_name) VALUES ('2160p Efficient TV Bluray Tier 1', 'Release Group Tier');
INSERT OR IGNORE INTO custom_format_tags (custom_format_name, tag_name) VALUES ('2160p Efficient TV Bluray Tier 1', '2160p');
INSERT OR IGNORE INTO custom_format_tags (custom_format_name, tag_name) VALUES ('2160p Efficient TV Bluray Tier 1', 'Efficient');
INSERT OR IGNORE INTO custom_format_tags (custom_format_name, tag_name) VALUES ('2160p Efficient TV Bluray Tier 1', 'TV');
INSERT OR REPLACE INTO custom_format_conditions (custom_format_name, name, type, arr_type, negate, required) VALUES ('2160p Efficient TV Bluray Tier 1', '2160p', 'resolution', 'all', 0, 1);
INSERT OR REPLACE INTO condition_resolutions (custom_format_name, condition_name, resolution) VALUES ('2160p Efficient TV Bluray Tier 1', '2160p', '2160p');
INSERT OR REPLACE INTO custom_format_conditions (custom_format_name, name, type, arr_type, negate, required) VALUES ('2160p Efficient TV Bluray Tier 1', 'Bluray', 'source', 'all', 0, 1);
INSERT OR REPLACE INTO condition_sources (custom_format_name, condition_name, source) VALUES ('2160p Efficient TV Bluray Tier 1', 'Bluray', 'bluray');
INSERT OR REPLACE INTO custom_format_conditions (custom_format_name, name, type, arr_type, negate, required) VALUES ('2160p Efficient TV Bluray Tier 1', 'QxR', 'release_group', 'all', 0, 0);
INSERT OR REPLACE INTO condition_patterns (custom_format_name, condition_name, regular_expression_name) VALUES ('2160p Efficient TV Bluray Tier 1', 'QxR', 'QxR');
INSERT OR REPLACE INTO custom_format_conditions (custom_format_name, name, type, arr_type, negate, required) VALUES ('2160p Efficient TV Bluray Tier 1', 'TAoE', 'release_group', 'all', 0, 0);
INSERT OR REPLACE INTO condition_patterns (custom_format_name, condition_name, regular_expression_name) VALUES ('2160p Efficient TV Bluray Tier 1', 'TAoE', 'TAoE');
INSERT OR REPLACE INTO custom_format_conditions (custom_format_name, name, type, arr_type, negate, required) VALUES ('2160p Efficient TV Bluray Tier 1', 'Vyndros', 'release_group', 'all', 0, 0);
INSERT OR REPLACE INTO condition_patterns (custom_format_name, condition_name, regular_expression_name) VALUES ('2160p Efficient TV Bluray Tier 1', 'Vyndros', 'Vyndros');
INSERT OR IGNORE INTO custom_format_tests (custom_format_name, title, type, should_match, description) VALUES ('2160p Efficient TV Bluray Tier 1', 'Contact.1997.BluRay.1080p.DDP.5.1.x264-hallowed', 'movie', 1, NULL);
INSERT OR IGNORE INTO custom_format_tests (custom_format_name, title, type, should_match, description) VALUES ('2160p Efficient TV Bluray Tier 1', 'Gladiator.2000.Extended.Cut.UHD.BluRay.2160p.DDP.7.1.DV.HDR.x265-hallowed', 'movie', 1, NULL);
INSERT OR IGNORE INTO custom_format_tests (custom_format_name, title, type, should_match, description) VALUES ('2160p Efficient TV Bluray Tier 1', 'Yi Yi 2000 BluRay 720p DD 2 0 x264-BHDStudio', 'movie', 1, NULL);
INSERT OR IGNORE INTO custom_format_tests (custom_format_name, title, type, should_match, description) VALUES ('2160p Efficient TV Bluray Tier 1', 'Winnie the Pooh - Blood and Honey (2023) 2160p UHD BluRay x265 DV HDR DD 5.1 English-BHDStudio', 'movie', 1, NULL);
INSERT OR REPLACE INTO custom_formats (name, description, include_in_rename) VALUES ('2160p Efficient TV WEB Tier 1', 'Matches release groups who fall under 2160p Efficient WEB Tier 1', 0);
INSERT OR IGNORE INTO custom_format_tags (custom_format_name, tag_name) VALUES ('2160p Efficient TV WEB Tier 1', 'Release Group Tier');
INSERT OR IGNORE INTO custom_format_tags (custom_format_name, tag_name) VALUES ('2160p Efficient TV WEB Tier 1', '1080p');
INSERT OR IGNORE INTO custom_format_tags (custom_format_name, tag_name) VALUES ('2160p Efficient TV WEB Tier 1', 'Efficient');
INSERT OR IGNORE INTO custom_format_tags (custom_format_name, tag_name) VALUES ('2160p Efficient TV WEB Tier 1', 'TV');
INSERT OR REPLACE INTO custom_format_conditions (custom_format_name, name, type, arr_type, negate, required) VALUES ('2160p Efficient TV WEB Tier 1', '2160p', 'resolution', 'all', 0, 1);
INSERT OR REPLACE INTO condition_resolutions (custom_format_name, condition_name, resolution) VALUES ('2160p Efficient TV WEB Tier 1', '2160p', '2160p');
INSERT OR REPLACE INTO custom_format_conditions (custom_format_name, name, type, arr_type, negate, required) VALUES ('2160p Efficient TV WEB Tier 1', 'WEB-DL', 'source', 'all', 0, 0);
INSERT OR REPLACE INTO condition_sources (custom_format_name, condition_name, source) VALUES ('2160p Efficient TV WEB Tier 1', 'WEB-DL', 'web_dl');
INSERT OR REPLACE INTO custom_format_conditions (custom_format_name, name, type, arr_type, negate, required) VALUES ('2160p Efficient TV WEB Tier 1', 'WEBRip', 'source', 'all', 0, 0);
INSERT OR REPLACE INTO condition_sources (custom_format_name, condition_name, source) VALUES ('2160p Efficient TV WEB Tier 1', 'WEBRip', 'webrip');
INSERT OR REPLACE INTO custom_format_conditions (custom_format_name, name, type, arr_type, negate, required) VALUES ('2160p Efficient TV WEB Tier 1', 'QxR', 'release_group', 'all', 0, 0);
INSERT OR REPLACE INTO condition_patterns (custom_format_name, condition_name, regular_expression_name) VALUES ('2160p Efficient TV WEB Tier 1', 'QxR', 'QxR');
INSERT OR REPLACE INTO custom_format_conditions (custom_format_name, name, type, arr_type, negate, required) VALUES ('2160p Efficient TV WEB Tier 1', 'TAoE', 'release_group', 'all', 0, 0);
INSERT OR REPLACE INTO condition_patterns (custom_format_name, condition_name, regular_expression_name) VALUES ('2160p Efficient TV WEB Tier 1', 'TAoE', 'TAoE');
INSERT OR REPLACE INTO custom_format_conditions (custom_format_name, name, type, arr_type, negate, required) VALUES ('2160p Efficient TV WEB Tier 1', 'Vyndros', 'release_group', 'all', 0, 0);
INSERT OR REPLACE INTO condition_patterns (custom_format_name, condition_name, regular_expression_name) VALUES ('2160p Efficient TV WEB Tier 1', 'Vyndros', 'Vyndros');
INSERT OR IGNORE INTO custom_format_tests (custom_format_name, title, type, should_match, description) VALUES ('2160p Efficient TV WEB Tier 1', 'Contact.1997.BluRay.1080p.DDP.5.1.x264-hallowed', 'movie', 1, NULL);
INSERT OR IGNORE INTO custom_format_tests (custom_format_name, title, type, should_match, description) VALUES ('2160p Efficient TV WEB Tier 1', 'Gladiator.2000.Extended.Cut.UHD.BluRay.2160p.DDP.7.1.DV.HDR.x265-hallowed', 'movie', 1, NULL);
INSERT OR IGNORE INTO custom_format_tests (custom_format_name, title, type, should_match, description) VALUES ('2160p Efficient TV WEB Tier 1', 'Yi Yi 2000 BluRay 720p DD 2 0 x264-BHDStudio', 'movie', 1, NULL);
INSERT OR IGNORE INTO custom_format_tests (custom_format_name, title, type, should_match, description) VALUES ('2160p Efficient TV WEB Tier 1', 'Winnie the Pooh - Blood and Honey (2023) 2160p UHD BluRay x265 DV HDR DD 5.1 English-BHDStudio', 'movie', 1, NULL);
INSERT OR REPLACE INTO custom_formats (name, description, include_in_rename) VALUES ('2160p Quality Tier 1', 'Matches release groups who fall under 2160p Quality Tier 1', 0);
INSERT OR IGNORE INTO custom_format_tags (custom_format_name, tag_name) VALUES ('2160p Quality Tier 1', 'Release Group Tier');
INSERT OR IGNORE INTO custom_format_tags (custom_format_name, tag_name) VALUES ('2160p Quality Tier 1', '2160p');
INSERT OR IGNORE INTO custom_format_tags (custom_format_name, tag_name) VALUES ('2160p Quality Tier 1', 'Quality');
INSERT OR REPLACE INTO custom_format_conditions (custom_format_name, name, type, arr_type, negate, required) VALUES ('2160p Quality Tier 1', '2160p', 'resolution', 'all', 0, 1);
INSERT OR REPLACE INTO condition_resolutions (custom_format_name, condition_name, resolution) VALUES ('2160p Quality Tier 1', '2160p', '2160p');
INSERT OR REPLACE INTO custom_format_conditions (custom_format_name, name, type, arr_type, negate, required) VALUES ('2160p Quality Tier 1', 'Bluray', 'source', 'all', 0, 1);
INSERT OR REPLACE INTO condition_sources (custom_format_name, condition_name, source) VALUES ('2160p Quality Tier 1', 'Bluray', 'bluray');
INSERT OR REPLACE INTO custom_format_conditions (custom_format_name, name, type, arr_type, negate, required) VALUES ('2160p Quality Tier 1', 'Not Remux', 'release_title', 'all', 1, 1);
INSERT OR REPLACE INTO condition_patterns (custom_format_name, condition_name, regular_expression_name) VALUES ('2160p Quality Tier 1', 'Not Remux', 'Remux');
INSERT OR REPLACE INTO custom_format_conditions (custom_format_name, name, type, arr_type, negate, required) VALUES ('2160p Quality Tier 1', 'DON', 'release_group', 'all', 0, 0);
INSERT OR REPLACE INTO condition_patterns (custom_format_name, condition_name, regular_expression_name) VALUES ('2160p Quality Tier 1', 'DON', 'DON');
INSERT OR REPLACE INTO custom_format_conditions (custom_format_name, name, type, arr_type, negate, required) VALUES ('2160p Quality Tier 1', 'SA89', 'release_group', 'all', 0, 0);
INSERT OR REPLACE INTO condition_patterns (custom_format_name, condition_name, regular_expression_name) VALUES ('2160p Quality Tier 1', 'SA89', 'SA89');
INSERT OR REPLACE INTO custom_format_conditions (custom_format_name, name, type, arr_type, negate, required) VALUES ('2160p Quality Tier 1', 'REBORN', 'release_group', 'all', 0, 0);
INSERT OR REPLACE INTO condition_patterns (custom_format_name, condition_name, regular_expression_name) VALUES ('2160p Quality Tier 1', 'REBORN', 'REBORN');
INSERT OR REPLACE INTO custom_format_conditions (custom_format_name, name, type, arr_type, negate, required) VALUES ('2160p Quality Tier 1', 'SoLaR', 'release_group', 'all', 0, 0);
INSERT OR REPLACE INTO condition_patterns (custom_format_name, condition_name, regular_expression_name) VALUES ('2160p Quality Tier 1', 'SoLaR', 'SoLaR');
INSERT OR REPLACE INTO custom_formats (name, description, include_in_rename) VALUES ('2160p Quality Tier 2', 'Matches release groups who fall under 2160p Quality Tier 2', 0);
INSERT OR IGNORE INTO custom_format_tags (custom_format_name, tag_name) VALUES ('2160p Quality Tier 2', 'Release Group Tier');
INSERT OR IGNORE INTO custom_format_tags (custom_format_name, tag_name) VALUES ('2160p Quality Tier 2', '2160p');
INSERT OR IGNORE INTO custom_format_tags (custom_format_name, tag_name) VALUES ('2160p Quality Tier 2', 'Quality');
INSERT OR REPLACE INTO custom_format_conditions (custom_format_name, name, type, arr_type, negate, required) VALUES ('2160p Quality Tier 2', '2160p', 'resolution', 'all', 0, 1);
INSERT OR REPLACE INTO condition_resolutions (custom_format_name, condition_name, resolution) VALUES ('2160p Quality Tier 2', '2160p', '2160p');
INSERT OR REPLACE INTO custom_format_conditions (custom_format_name, name, type, arr_type, negate, required) VALUES ('2160p Quality Tier 2', 'Bluray', 'source', 'all', 0, 1);
INSERT OR REPLACE INTO condition_sources (custom_format_name, condition_name, source) VALUES ('2160p Quality Tier 2', 'Bluray', 'bluray');
INSERT OR REPLACE INTO custom_format_conditions (custom_format_name, name, type, arr_type, negate, required) VALUES ('2160p Quality Tier 2', 'Not Remux', 'release_title', 'all', 1, 1);
INSERT OR REPLACE INTO condition_patterns (custom_format_name, condition_name, regular_expression_name) VALUES ('2160p Quality Tier 2', 'Not Remux', 'Remux');
INSERT OR REPLACE INTO custom_format_conditions (custom_format_name, name, type, arr_type, negate, required) VALUES ('2160p Quality Tier 2', 'CtrlHD', 'release_group', 'all', 0, 0);
INSERT OR REPLACE INTO condition_patterns (custom_format_name, condition_name, regular_expression_name) VALUES ('2160p Quality Tier 2', 'CtrlHD', 'CtrlHD');
INSERT OR REPLACE INTO custom_format_conditions (custom_format_name, name, type, arr_type, negate, required) VALUES ('2160p Quality Tier 2', 'MainFrame', 'release_group', 'all', 0, 0);
INSERT OR REPLACE INTO condition_patterns (custom_format_name, condition_name, regular_expression_name) VALUES ('2160p Quality Tier 2', 'MainFrame', 'MainFrame');
INSERT OR REPLACE INTO custom_format_conditions (custom_format_name, name, type, arr_type, negate, required) VALUES ('2160p Quality Tier 2', 'W4NK3R', 'release_group', 'all', 0, 0);
INSERT OR REPLACE INTO condition_patterns (custom_format_name, condition_name, regular_expression_name) VALUES ('2160p Quality Tier 2', 'W4NK3R', 'W4NK3R');
INSERT OR REPLACE INTO custom_formats (name, description, include_in_rename) VALUES ('2160p Quality Tier 3', 'Matches release groups who fall under 2160p Quality Tier 3', 0);
INSERT OR IGNORE INTO custom_format_tags (custom_format_name, tag_name) VALUES ('2160p Quality Tier 3', 'Release Group Tier');
INSERT OR IGNORE INTO custom_format_tags (custom_format_name, tag_name) VALUES ('2160p Quality Tier 3', '2160p');
INSERT OR IGNORE INTO custom_format_tags (custom_format_name, tag_name) VALUES ('2160p Quality Tier 3', 'Quality');
INSERT OR REPLACE INTO custom_format_conditions (custom_format_name, name, type, arr_type, negate, required) VALUES ('2160p Quality Tier 3', '2160p', 'resolution', 'all', 0, 1);
INSERT OR REPLACE INTO condition_resolutions (custom_format_name, condition_name, resolution) VALUES ('2160p Quality Tier 3', '2160p', '2160p');
INSERT OR REPLACE INTO custom_format_conditions (custom_format_name, name, type, arr_type, negate, required) VALUES ('2160p Quality Tier 3', 'Bluray', 'source', 'all', 0, 1);
INSERT OR REPLACE INTO condition_sources (custom_format_name, condition_name, source) VALUES ('2160p Quality Tier 3', 'Bluray', 'bluray');
INSERT OR REPLACE INTO custom_format_conditions (custom_format_name, name, type, arr_type, negate, required) VALUES ('2160p Quality Tier 3', 'Not Remux', 'release_title', 'all', 1, 1);
INSERT OR REPLACE INTO condition_patterns (custom_format_name, condition_name, regular_expression_name) VALUES ('2160p Quality Tier 3', 'Not Remux', 'Remux');
INSERT OR REPLACE INTO custom_format_conditions (custom_format_name, name, type, arr_type, negate, required) VALUES ('2160p Quality Tier 3', 'BV', 'release_group', 'all', 0, 0);
INSERT OR REPLACE INTO condition_patterns (custom_format_name, condition_name, regular_expression_name) VALUES ('2160p Quality Tier 3', 'BV', 'BV');
INSERT OR REPLACE INTO custom_format_conditions (custom_format_name, name, type, arr_type, negate, required) VALUES ('2160p Quality Tier 3', 'c0kE', 'release_group', 'all', 0, 0);
INSERT OR REPLACE INTO condition_patterns (custom_format_name, condition_name, regular_expression_name) VALUES ('2160p Quality Tier 3', 'c0kE', 'c0kE');
INSERT OR REPLACE INTO custom_format_conditions (custom_format_name, name, type, arr_type, negate, required) VALUES ('2160p Quality Tier 3', 'Chotab', 'release_group', 'all', 0, 0);
INSERT OR REPLACE INTO condition_patterns (custom_format_name, condition_name, regular_expression_name) VALUES ('2160p Quality Tier 3', 'Chotab', 'Chotab');
INSERT OR REPLACE INTO custom_format_conditions (custom_format_name, name, type, arr_type, negate, required) VALUES ('2160p Quality Tier 3', 'D-Z0N3', 'release_group', 'all', 0, 0);
INSERT OR REPLACE INTO condition_patterns (custom_format_name, condition_name, regular_expression_name) VALUES ('2160p Quality Tier 3', 'D-Z0N3', 'D-Z0N3');
INSERT OR REPLACE INTO custom_format_conditions (custom_format_name, name, type, arr_type, negate, required) VALUES ('2160p Quality Tier 3', 'HQMUX', 'release_group', 'all', 0, 0);
INSERT OR REPLACE INTO condition_patterns (custom_format_name, condition_name, regular_expression_name) VALUES ('2160p Quality Tier 3', 'HQMUX', 'HQMUX');
INSERT OR REPLACE INTO custom_format_conditions (custom_format_name, name, type, arr_type, negate, required) VALUES ('2160p Quality Tier 3', 'PTer', 'release_group', 'all', 0, 0);
INSERT OR REPLACE INTO condition_patterns (custom_format_name, condition_name, regular_expression_name) VALUES ('2160p Quality Tier 3', 'PTer', 'PTer');
INSERT OR REPLACE INTO custom_format_conditions (custom_format_name, name, type, arr_type, negate, required) VALUES ('2160p Quality Tier 3', 'TnP', 'release_group', 'all', 0, 0);
INSERT OR REPLACE INTO condition_patterns (custom_format_name, condition_name, regular_expression_name) VALUES ('2160p Quality Tier 3', 'TnP', 'TnP');
INSERT OR REPLACE INTO custom_formats (name, description, include_in_rename) VALUES ('2160p Quality Tier 4', 'Matches release groups who fall under 2160p Quality Tier 4', 0);
INSERT OR IGNORE INTO custom_format_tags (custom_format_name, tag_name) VALUES ('2160p Quality Tier 4', 'Release Group Tier');
INSERT OR IGNORE INTO custom_format_tags (custom_format_name, tag_name) VALUES ('2160p Quality Tier 4', '2160p');
INSERT OR IGNORE INTO custom_format_tags (custom_format_name, tag_name) VALUES ('2160p Quality Tier 4', 'Quality');
INSERT OR REPLACE INTO custom_format_conditions (custom_format_name, name, type, arr_type, negate, required) VALUES ('2160p Quality Tier 4', '2160p', 'resolution', 'all', 0, 1);
INSERT OR REPLACE INTO condition_resolutions (custom_format_name, condition_name, resolution) VALUES ('2160p Quality Tier 4', '2160p', '2160p');
INSERT OR REPLACE INTO custom_format_conditions (custom_format_name, name, type, arr_type, negate, required) VALUES ('2160p Quality Tier 4', 'Bluray', 'source', 'all', 0, 1);
INSERT OR REPLACE INTO condition_sources (custom_format_name, condition_name, source) VALUES ('2160p Quality Tier 4', 'Bluray', 'bluray');
INSERT OR REPLACE INTO custom_format_conditions (custom_format_name, name, type, arr_type, negate, required) VALUES ('2160p Quality Tier 4', 'Not Remux', 'release_title', 'all', 1, 1);
INSERT OR REPLACE INTO condition_patterns (custom_format_name, condition_name, regular_expression_name) VALUES ('2160p Quality Tier 4', 'Not Remux', 'Remux');
INSERT OR REPLACE INTO custom_format_conditions (custom_format_name, name, type, arr_type, negate, required) VALUES ('2160p Quality Tier 4', 'BlzT', 'release_group', 'all', 0, 0);
INSERT OR REPLACE INTO condition_patterns (custom_format_name, condition_name, regular_expression_name) VALUES ('2160p Quality Tier 4', 'BlzT', 'BlzT');
INSERT OR REPLACE INTO custom_format_conditions (custom_format_name, name, type, arr_type, negate, required) VALUES ('2160p Quality Tier 4', 'BSTD', 'release_group', 'all', 0, 0);
INSERT OR REPLACE INTO condition_patterns (custom_format_name, condition_name, regular_expression_name) VALUES ('2160p Quality Tier 4', 'BSTD', 'BSTD');
INSERT OR REPLACE INTO custom_format_conditions (custom_format_name, name, type, arr_type, negate, required) VALUES ('2160p Quality Tier 4', 'EDPH', 'release_group', 'all', 0, 0);
INSERT OR REPLACE INTO condition_patterns (custom_format_name, condition_name, regular_expression_name) VALUES ('2160p Quality Tier 4', 'EDPH', 'EDPH');
INSERT OR REPLACE INTO custom_format_conditions (custom_format_name, name, type, arr_type, negate, required) VALUES ('2160p Quality Tier 4', 'ESiR', 'release_group', 'all', 0, 0);
INSERT OR REPLACE INTO condition_patterns (custom_format_name, condition_name, regular_expression_name) VALUES ('2160p Quality Tier 4', 'ESiR', 'ESiR');
INSERT OR REPLACE INTO custom_format_conditions (custom_format_name, name, type, arr_type, negate, required) VALUES ('2160p Quality Tier 4', 'HiDt', 'release_group', 'all', 0, 0);
INSERT OR REPLACE INTO condition_patterns (custom_format_name, condition_name, regular_expression_name) VALUES ('2160p Quality Tier 4', 'HiDt', 'HiDt');
INSERT OR REPLACE INTO custom_format_conditions (custom_format_name, name, type, arr_type, negate, required) VALUES ('2160p Quality Tier 4', 'iFT', 'release_group', 'all', 0, 0);
INSERT OR REPLACE INTO condition_patterns (custom_format_name, condition_name, regular_expression_name) VALUES ('2160p Quality Tier 4', 'iFT', 'iFT');
INSERT OR REPLACE INTO custom_format_conditions (custom_format_name, name, type, arr_type, negate, required) VALUES ('2160p Quality Tier 4', 'Kitsune', 'release_group', 'all', 0, 0);
INSERT OR REPLACE INTO condition_patterns (custom_format_name, condition_name, regular_expression_name) VALUES ('2160p Quality Tier 4', 'Kitsune', 'Kitsune');
INSERT OR REPLACE INTO custom_format_conditions (custom_format_name, name, type, arr_type, negate, required) VALUES ('2160p Quality Tier 4', 'NCmt', 'release_group', 'all', 0, 0);
INSERT OR REPLACE INTO condition_patterns (custom_format_name, condition_name, regular_expression_name) VALUES ('2160p Quality Tier 4', 'NCmt', 'NCmt');
INSERT OR REPLACE INTO custom_format_conditions (custom_format_name, name, type, arr_type, negate, required) VALUES ('2160p Quality Tier 4', 'NTb', 'release_group', 'all', 0, 0);
INSERT OR REPLACE INTO condition_patterns (custom_format_name, condition_name, regular_expression_name) VALUES ('2160p Quality Tier 4', 'NTb', 'NTb');
INSERT OR REPLACE INTO custom_format_conditions (custom_format_name, name, type, arr_type, negate, required) VALUES ('2160p Quality Tier 4', 'SPHD', 'release_group', 'all', 0, 0);
INSERT OR REPLACE INTO condition_patterns (custom_format_name, condition_name, regular_expression_name) VALUES ('2160p Quality Tier 4', 'SPHD', 'SPHD');
INSERT OR REPLACE INTO custom_format_conditions (custom_format_name, name, type, arr_type, negate, required) VALUES ('2160p Quality Tier 4', 'TDD', 'release_group', 'all', 0, 0);
INSERT OR REPLACE INTO condition_patterns (custom_format_name, condition_name, regular_expression_name) VALUES ('2160p Quality Tier 4', 'TDD', 'TDD');
INSERT OR REPLACE INTO custom_formats (name, description, include_in_rename) VALUES ('2160p Quality Tier 5', 'Matches release groups who fall under 2160p Quality Tier 5', 0);
INSERT OR IGNORE INTO custom_format_tags (custom_format_name, tag_name) VALUES ('2160p Quality Tier 5', 'Release Group Tier');
INSERT OR IGNORE INTO custom_format_tags (custom_format_name, tag_name) VALUES ('2160p Quality Tier 5', '2160p');
INSERT OR IGNORE INTO custom_format_tags (custom_format_name, tag_name) VALUES ('2160p Quality Tier 5', 'Quality');
INSERT OR REPLACE INTO custom_format_conditions (custom_format_name, name, type, arr_type, negate, required) VALUES ('2160p Quality Tier 5', '2160p', 'resolution', 'all', 0, 1);
INSERT OR REPLACE INTO condition_resolutions (custom_format_name, condition_name, resolution) VALUES ('2160p Quality Tier 5', '2160p', '2160p');
INSERT OR REPLACE INTO custom_format_conditions (custom_format_name, name, type, arr_type, negate, required) VALUES ('2160p Quality Tier 5', 'Bluray', 'source', 'all', 0, 1);
INSERT OR REPLACE INTO condition_sources (custom_format_name, condition_name, source) VALUES ('2160p Quality Tier 5', 'Bluray', 'bluray');
INSERT OR REPLACE INTO custom_format_conditions (custom_format_name, name, type, arr_type, negate, required) VALUES ('2160p Quality Tier 5', 'Not Remux', 'release_title', 'all', 1, 1);
INSERT OR REPLACE INTO condition_patterns (custom_format_name, condition_name, regular_expression_name) VALUES ('2160p Quality Tier 5', 'Not Remux', 'Remux');
INSERT OR REPLACE INTO custom_format_conditions (custom_format_name, name, type, arr_type, negate, required) VALUES ('2160p Quality Tier 5', '4KDVS', 'release_group', 'all', 0, 0);
INSERT OR REPLACE INTO condition_patterns (custom_format_name, condition_name, regular_expression_name) VALUES ('2160p Quality Tier 5', '4KDVS', '4KDVS');
INSERT OR REPLACE INTO custom_format_conditions (custom_format_name, name, type, arr_type, negate, required) VALUES ('2160p Quality Tier 5', 'b0mbardiers', 'release_group', 'all', 0, 0);
INSERT OR REPLACE INTO condition_patterns (custom_format_name, condition_name, regular_expression_name) VALUES ('2160p Quality Tier 5', 'b0mbardiers', 'b0mbardiers');
INSERT OR REPLACE INTO custom_format_conditions (custom_format_name, name, type, arr_type, negate, required) VALUES ('2160p Quality Tier 5', 'DEFLATE', 'release_group', 'all', 0, 0);
INSERT OR REPLACE INTO condition_patterns (custom_format_name, condition_name, regular_expression_name) VALUES ('2160p Quality Tier 5', 'DEFLATE', 'DEFLATE');
INSERT OR REPLACE INTO custom_format_conditions (custom_format_name, name, type, arr_type, negate, required) VALUES ('2160p Quality Tier 5', 'DEPTH', 'release_group', 'all', 0, 0);
INSERT OR REPLACE INTO condition_patterns (custom_format_name, condition_name, regular_expression_name) VALUES ('2160p Quality Tier 5', 'DEPTH', 'DEPTH');
INSERT OR REPLACE INTO custom_format_conditions (custom_format_name, name, type, arr_type, negate, required) VALUES ('2160p Quality Tier 5', 'j3rico', 'release_group', 'all', 0, 0);
INSERT OR REPLACE INTO condition_patterns (custom_format_name, condition_name, regular_expression_name) VALUES ('2160p Quality Tier 5', 'j3rico', 'j3rico');
INSERT OR REPLACE INTO custom_format_conditions (custom_format_name, name, type, arr_type, negate, required) VALUES ('2160p Quality Tier 5', 'JustWatch', 'release_group', 'all', 0, 0);
INSERT OR REPLACE INTO condition_patterns (custom_format_name, condition_name, regular_expression_name) VALUES ('2160p Quality Tier 5', 'JustWatch', 'JustWatch');
INSERT OR REPLACE INTO custom_format_conditions (custom_format_name, name, type, arr_type, negate, required) VALUES ('2160p Quality Tier 5', 'ORBiT', 'release_group', 'all', 0, 0);
INSERT OR REPLACE INTO condition_patterns (custom_format_name, condition_name, regular_expression_name) VALUES ('2160p Quality Tier 5', 'ORBiT', 'ORBiT');
INSERT OR REPLACE INTO custom_format_conditions (custom_format_name, name, type, arr_type, negate, required) VALUES ('2160p Quality Tier 5', 'SURCODE', 'release_group', 'all', 0, 0);
INSERT OR REPLACE INTO condition_patterns (custom_format_name, condition_name, regular_expression_name) VALUES ('2160p Quality Tier 5', 'SURCODE', 'SURCODE');
INSERT OR REPLACE INTO custom_format_conditions (custom_format_name, name, type, arr_type, negate, required) VALUES ('2160p Quality Tier 5', 'WATCHABLE', 'release_group', 'all', 0, 0);
INSERT OR REPLACE INTO condition_patterns (custom_format_name, condition_name, regular_expression_name) VALUES ('2160p Quality Tier 5', 'WATCHABLE', 'WATCHABLE');
INSERT OR REPLACE INTO custom_format_conditions (custom_format_name, name, type, arr_type, negate, required) VALUES ('2160p Quality Tier 5', 'WiKi', 'release_group', 'all', 0, 0);
INSERT OR REPLACE INTO condition_patterns (custom_format_name, condition_name, regular_expression_name) VALUES ('2160p Quality Tier 5', 'WiKi', 'WiKi');
INSERT OR REPLACE INTO custom_formats (name, description, include_in_rename) VALUES ('2160p Quality Tier 6', 'Matches release groups who fall under 2160p Quality Tier 5', 0);
INSERT OR IGNORE INTO custom_format_tags (custom_format_name, tag_name) VALUES ('2160p Quality Tier 6', 'Release Group Tier');
INSERT OR IGNORE INTO custom_format_tags (custom_format_name, tag_name) VALUES ('2160p Quality Tier 6', '2160p');
INSERT OR IGNORE INTO custom_format_tags (custom_format_name, tag_name) VALUES ('2160p Quality Tier 6', 'Quality');
INSERT OR REPLACE INTO custom_format_conditions (custom_format_name, name, type, arr_type, negate, required) VALUES ('2160p Quality Tier 6', '2160p', 'resolution', 'all', 0, 1);
INSERT OR REPLACE INTO condition_resolutions (custom_format_name, condition_name, resolution) VALUES ('2160p Quality Tier 6', '2160p', '2160p');
INSERT OR REPLACE INTO custom_format_conditions (custom_format_name, name, type, arr_type, negate, required) VALUES ('2160p Quality Tier 6', 'Bluray', 'source', 'all', 0, 1);
INSERT OR REPLACE INTO condition_sources (custom_format_name, condition_name, source) VALUES ('2160p Quality Tier 6', 'Bluray', 'bluray');
INSERT OR REPLACE INTO custom_format_conditions (custom_format_name, name, type, arr_type, negate, required) VALUES ('2160p Quality Tier 6', 'Not Remux', 'release_title', 'all', 1, 1);
INSERT OR REPLACE INTO condition_patterns (custom_format_name, condition_name, regular_expression_name) VALUES ('2160p Quality Tier 6', 'Not Remux', 'Remux');
INSERT OR REPLACE INTO custom_format_conditions (custom_format_name, name, type, arr_type, negate, required) VALUES ('2160p Quality Tier 6', 'ADE', 'release_group', 'all', 0, 0);
INSERT OR REPLACE INTO condition_patterns (custom_format_name, condition_name, regular_expression_name) VALUES ('2160p Quality Tier 6', 'ADE', 'ADE');
INSERT OR REPLACE INTO custom_format_conditions (custom_format_name, name, type, arr_type, negate, required) VALUES ('2160p Quality Tier 6', 'AViATOR', 'release_group', 'all', 0, 0);
INSERT OR REPLACE INTO condition_patterns (custom_format_name, condition_name, regular_expression_name) VALUES ('2160p Quality Tier 6', 'AViATOR', 'AViATOR');
INSERT OR REPLACE INTO custom_format_conditions (custom_format_name, name, type, arr_type, negate, required) VALUES ('2160p Quality Tier 6', 'beAst', 'release_group', 'all', 0, 0);
INSERT OR REPLACE INTO condition_patterns (custom_format_name, condition_name, regular_expression_name) VALUES ('2160p Quality Tier 6', 'beAst', 'beAst');
INSERT OR REPLACE INTO custom_format_conditions (custom_format_name, name, type, arr_type, negate, required) VALUES ('2160p Quality Tier 6', 'BeiTai', 'release_group', 'all', 0, 0);
INSERT OR REPLACE INTO condition_patterns (custom_format_name, condition_name, regular_expression_name) VALUES ('2160p Quality Tier 6', 'BeiTai', 'BeiTai');
INSERT OR REPLACE INTO custom_format_conditions (custom_format_name, name, type, arr_type, negate, required) VALUES ('2160p Quality Tier 6', 'CHD', 'release_group', 'all', 0, 0);
INSERT OR REPLACE INTO condition_patterns (custom_format_name, condition_name, regular_expression_name) VALUES ('2160p Quality Tier 6', 'CHD', 'CHD');
INSERT OR REPLACE INTO custom_format_conditions (custom_format_name, name, type, arr_type, negate, required) VALUES ('2160p Quality Tier 6', 'CMCT', 'release_group', 'all', 0, 0);
INSERT OR REPLACE INTO condition_patterns (custom_format_name, condition_name, regular_expression_name) VALUES ('2160p Quality Tier 6', 'CMCT', 'CMCT');
INSERT OR REPLACE INTO custom_format_conditions (custom_format_name, name, type, arr_type, negate, required) VALUES ('2160p Quality Tier 6', 'EMERALD', 'release_group', 'all', 0, 0);
INSERT OR REPLACE INTO condition_patterns (custom_format_name, condition_name, regular_expression_name) VALUES ('2160p Quality Tier 6', 'EMERALD', 'EMERALD');
INSERT OR REPLACE INTO custom_format_conditions (custom_format_name, name, type, arr_type, negate, required) VALUES ('2160p Quality Tier 6', 'FLAME', 'release_group', 'all', 0, 0);
INSERT OR REPLACE INTO condition_patterns (custom_format_name, condition_name, regular_expression_name) VALUES ('2160p Quality Tier 6', 'FLAME', 'FLAME');
INSERT OR REPLACE INTO custom_format_conditions (custom_format_name, name, type, arr_type, negate, required) VALUES ('2160p Quality Tier 6', 'GUHZER', 'release_group', 'all', 0, 0);
INSERT OR REPLACE INTO condition_patterns (custom_format_name, condition_name, regular_expression_name) VALUES ('2160p Quality Tier 6', 'GUHZER', 'GUHZER');
INSERT OR REPLACE INTO custom_format_conditions (custom_format_name, name, type, arr_type, negate, required) VALUES ('2160p Quality Tier 6', 'HDChina', 'release_group', 'all', 0, 0);
INSERT OR REPLACE INTO condition_patterns (custom_format_name, condition_name, regular_expression_name) VALUES ('2160p Quality Tier 6', 'HDChina', 'HDChina');
INSERT OR REPLACE INTO custom_format_conditions (custom_format_name, name, type, arr_type, negate, required) VALUES ('2160p Quality Tier 6', 'HDmux', 'release_group', 'all', 0, 0);
INSERT OR REPLACE INTO condition_patterns (custom_format_name, condition_name, regular_expression_name) VALUES ('2160p Quality Tier 6', 'HDmux', 'HDmux');
INSERT OR REPLACE INTO custom_format_conditions (custom_format_name, name, type, arr_type, negate, required) VALUES ('2160p Quality Tier 6', 'HypStu', 'release_group', 'all', 0, 0);
INSERT OR REPLACE INTO condition_patterns (custom_format_name, condition_name, regular_expression_name) VALUES ('2160p Quality Tier 6', 'HypStu', 'HypStu');
INSERT OR REPLACE INTO custom_format_conditions (custom_format_name, name, type, arr_type, negate, required) VALUES ('2160p Quality Tier 6', 'IAMABLE', 'release_group', 'all', 0, 0);
INSERT OR REPLACE INTO condition_patterns (custom_format_name, condition_name, regular_expression_name) VALUES ('2160p Quality Tier 6', 'IAMABLE', 'IAMABLE');
INSERT OR REPLACE INTO custom_format_conditions (custom_format_name, name, type, arr_type, negate, required) VALUES ('2160p Quality Tier 6', 'KAN3D2M', 'release_group', 'all', 0, 0);
INSERT OR REPLACE INTO condition_patterns (custom_format_name, condition_name, regular_expression_name) VALUES ('2160p Quality Tier 6', 'KAN3D2M', 'KAN3D2M');
INSERT OR REPLACE INTO custom_format_conditions (custom_format_name, name, type, arr_type, negate, required) VALUES ('2160p Quality Tier 6', 'LAZARUS', 'release_group', 'all', 0, 0);
INSERT OR REPLACE INTO condition_patterns (custom_format_name, condition_name, regular_expression_name) VALUES ('2160p Quality Tier 6', 'LAZARUS', 'LAZARUS');
INSERT OR REPLACE INTO custom_format_conditions (custom_format_name, name, type, arr_type, negate, required) VALUES ('2160p Quality Tier 6', 'MiMiC', 'release_group', 'all', 0, 0);
INSERT OR REPLACE INTO condition_patterns (custom_format_name, condition_name, regular_expression_name) VALUES ('2160p Quality Tier 6', 'MiMiC', 'MiMiC');
INSERT OR REPLACE INTO custom_format_conditions (custom_format_name, name, type, arr_type, negate, required) VALUES ('2160p Quality Tier 6', 'PussyFoot', 'release_group', 'all', 0, 0);
INSERT OR REPLACE INTO condition_patterns (custom_format_name, condition_name, regular_expression_name) VALUES ('2160p Quality Tier 6', 'PussyFoot', 'PussyFoot');
INSERT OR REPLACE INTO custom_format_conditions (custom_format_name, name, type, arr_type, negate, required) VALUES ('2160p Quality Tier 6', 'ReaLHD', 'release_group', 'all', 0, 0);
INSERT OR REPLACE INTO condition_patterns (custom_format_name, condition_name, regular_expression_name) VALUES ('2160p Quality Tier 6', 'ReaLHD', 'ReaLHD');
INSERT OR REPLACE INTO custom_format_conditions (custom_format_name, name, type, arr_type, negate, required) VALUES ('2160p Quality Tier 6', 'ReQuEsT', 'release_group', 'all', 0, 0);
INSERT OR REPLACE INTO condition_patterns (custom_format_name, condition_name, regular_expression_name) VALUES ('2160p Quality Tier 6', 'ReQuEsT', 'ReQuEsT');
INSERT OR REPLACE INTO custom_format_conditions (custom_format_name, name, type, arr_type, negate, required) VALUES ('2160p Quality Tier 6', 'STRiKES', 'release_group', 'all', 0, 0);
INSERT OR REPLACE INTO condition_patterns (custom_format_name, condition_name, regular_expression_name) VALUES ('2160p Quality Tier 6', 'STRiKES', 'STRiKES');
INSERT OR REPLACE INTO custom_format_conditions (custom_format_name, name, type, arr_type, negate, required) VALUES ('2160p Quality Tier 6', 'SWTYBLZ', 'release_group', 'all', 0, 0);
INSERT OR REPLACE INTO condition_patterns (custom_format_name, condition_name, regular_expression_name) VALUES ('2160p Quality Tier 6', 'SWTYBLZ', 'SWTYBLZ');
INSERT OR REPLACE INTO custom_format_conditions (custom_format_name, name, type, arr_type, negate, required) VALUES ('2160p Quality Tier 6', 'TERMiNAL', 'release_group', 'all', 0, 0);
INSERT OR REPLACE INTO condition_patterns (custom_format_name, condition_name, regular_expression_name) VALUES ('2160p Quality Tier 6', 'TERMiNAL', 'TERMiNAL');
INSERT OR REPLACE INTO custom_format_conditions (custom_format_name, name, type, arr_type, negate, required) VALUES ('2160p Quality Tier 6', 'ULTRAHDCLUB', 'release_group', 'all', 0, 0);
INSERT OR REPLACE INTO condition_patterns (custom_format_name, condition_name, regular_expression_name) VALUES ('2160p Quality Tier 6', 'ULTRAHDCLUB', 'ULTRAHDCLUB');
INSERT OR REPLACE INTO custom_format_conditions (custom_format_name, name, type, arr_type, negate, required) VALUES ('2160p Quality Tier 6', 'Whiterhino', 'release_group', 'all', 0, 0);
INSERT OR REPLACE INTO condition_patterns (custom_format_name, condition_name, regular_expression_name) VALUES ('2160p Quality Tier 6', 'Whiterhino', 'WhiteRhino');
INSERT OR REPLACE INTO custom_formats (name, description, include_in_rename) VALUES ('2160p Remux', 'Matches 2160p Remux', 0);
INSERT OR IGNORE INTO custom_format_tags (custom_format_name, tag_name) VALUES ('2160p Remux', 'Source');
INSERT OR REPLACE INTO custom_format_conditions (custom_format_name, name, type, arr_type, negate, required) VALUES ('2160p Remux', '2160p', 'resolution', 'all', 0, 1);
INSERT OR REPLACE INTO condition_resolutions (custom_format_name, condition_name, resolution) VALUES ('2160p Remux', '2160p', '2160p');
INSERT OR REPLACE INTO custom_format_conditions (custom_format_name, name, type, arr_type, negate, required) VALUES ('2160p Remux', 'Remux', 'release_title', 'all', 0, 1);
INSERT OR REPLACE INTO condition_patterns (custom_format_name, condition_name, regular_expression_name) VALUES ('2160p Remux', 'Remux', 'Remux');
INSERT OR REPLACE INTO custom_formats (name, description, include_in_rename) VALUES ('2160p WEB-DL (Efficient)', 'Matches 2160p WEB-DLs.', 0);
INSERT OR IGNORE INTO custom_format_tags (custom_format_name, tag_name) VALUES ('2160p WEB-DL (Efficient)', 'Source');
INSERT OR REPLACE INTO custom_format_conditions (custom_format_name, name, type, arr_type, negate, required) VALUES ('2160p WEB-DL (Efficient)', '2160p', 'resolution', 'all', 0, 1);
INSERT OR REPLACE INTO condition_resolutions (custom_format_name, condition_name, resolution) VALUES ('2160p WEB-DL (Efficient)', '2160p', '2160p');
INSERT OR REPLACE INTO custom_format_conditions (custom_format_name, name, type, arr_type, negate, required) VALUES ('2160p WEB-DL (Efficient)', 'WEB-DL', 'source', 'all', 0, 1);
INSERT OR REPLACE INTO condition_sources (custom_format_name, condition_name, source) VALUES ('2160p WEB-DL (Efficient)', 'WEB-DL', 'web_dl');
INSERT OR REPLACE INTO custom_format_conditions (custom_format_name, name, type, arr_type, negate, required) VALUES ('2160p WEB-DL (Efficient)', 'Not QxR', 'release_group', 'all', 1, 1);
INSERT OR REPLACE INTO condition_patterns (custom_format_name, condition_name, regular_expression_name) VALUES ('2160p WEB-DL (Efficient)', 'Not QxR', 'QxR');
INSERT OR REPLACE INTO custom_format_conditions (custom_format_name, name, type, arr_type, negate, required) VALUES ('2160p WEB-DL (Efficient)', 'Not QxR Title', 'release_title', 'all', 1, 1);
INSERT OR REPLACE INTO condition_patterns (custom_format_name, condition_name, regular_expression_name) VALUES ('2160p WEB-DL (Efficient)', 'Not QxR Title', 'QxR (Title)');
INSERT OR REPLACE INTO custom_format_conditions (custom_format_name, name, type, arr_type, negate, required) VALUES ('2160p WEB-DL (Efficient)', 'Not TAoE', 'release_group', 'all', 1, 1);
INSERT OR REPLACE INTO condition_patterns (custom_format_name, condition_name, regular_expression_name) VALUES ('2160p WEB-DL (Efficient)', 'Not TAoE', 'TAoE');
INSERT OR REPLACE INTO custom_format_conditions (custom_format_name, name, type, arr_type, negate, required) VALUES ('2160p WEB-DL (Efficient)', 'Not TAoE Title', 'release_title', 'all', 1, 1);
INSERT OR REPLACE INTO condition_patterns (custom_format_name, condition_name, regular_expression_name) VALUES ('2160p WEB-DL (Efficient)', 'Not TAoE Title', 'TAoE (Title)');
INSERT OR REPLACE INTO custom_format_conditions (custom_format_name, name, type, arr_type, negate, required) VALUES ('2160p WEB-DL (Efficient)', 'Not Vyndros', 'release_group', 'all', 1, 1);
INSERT OR REPLACE INTO condition_patterns (custom_format_name, condition_name, regular_expression_name) VALUES ('2160p WEB-DL (Efficient)', 'Not Vyndros', 'Vyndros');
INSERT OR REPLACE INTO custom_formats (name, description, include_in_rename) VALUES ('2160p WEB-DL', 'Matches 2160p WEB-DLs.', 0);
INSERT OR IGNORE INTO custom_format_tags (custom_format_name, tag_name) VALUES ('2160p WEB-DL', 'Source');
INSERT OR REPLACE INTO custom_format_conditions (custom_format_name, name, type, arr_type, negate, required) VALUES ('2160p WEB-DL', '2160p', 'resolution', 'all', 0, 1);
INSERT OR REPLACE INTO condition_resolutions (custom_format_name, condition_name, resolution) VALUES ('2160p WEB-DL', '2160p', '2160p');
INSERT OR REPLACE INTO custom_format_conditions (custom_format_name, name, type, arr_type, negate, required) VALUES ('2160p WEB-DL', 'WEB-DL', 'source', 'all', 0, 1);
INSERT OR REPLACE INTO condition_sources (custom_format_name, condition_name, source) VALUES ('2160p WEB-DL', 'WEB-DL', 'web_dl');
INSERT OR REPLACE INTO custom_formats (name, description, include_in_rename) VALUES ('3D', 'Matches the ''3D'' Regex Pattern', 0);
INSERT OR IGNORE INTO custom_format_tags (custom_format_name, tag_name) VALUES ('3D', 'Banned');
INSERT OR IGNORE INTO custom_format_tags (custom_format_name, tag_name) VALUES ('3D', 'Enhancement');
INSERT OR REPLACE INTO custom_format_conditions (custom_format_name, name, type, arr_type, negate, required) VALUES ('3D', '3D', 'release_title', 'all', 0, 1);
INSERT OR REPLACE INTO condition_patterns (custom_format_name, condition_name, regular_expression_name) VALUES ('3D', '3D', '3D');
INSERT OR REPLACE INTO custom_formats (name, description, include_in_rename) VALUES ('480p Bluray', 'Matches 480p Blurays.', 0);
INSERT OR IGNORE INTO custom_format_tags (custom_format_name, tag_name) VALUES ('480p Bluray', 'Source');
INSERT OR REPLACE INTO custom_format_conditions (custom_format_name, name, type, arr_type, negate, required) VALUES ('480p Bluray', '480p', 'resolution', 'all', 0, 1);
INSERT OR REPLACE INTO condition_resolutions (custom_format_name, condition_name, resolution) VALUES ('480p Bluray', '480p', '480p');
INSERT OR REPLACE INTO custom_format_conditions (custom_format_name, name, type, arr_type, negate, required) VALUES ('480p Bluray', 'Bluray', 'source', 'all', 0, 1);
INSERT OR REPLACE INTO condition_sources (custom_format_name, condition_name, source) VALUES ('480p Bluray', 'Bluray', 'bluray');
INSERT OR REPLACE INTO custom_formats (name, description, include_in_rename) VALUES ('480p Quality Tier 1', 'Matches release groups who fall under 480p Quality Tier 1', 0);
INSERT OR IGNORE INTO custom_format_tags (custom_format_name, tag_name) VALUES ('480p Quality Tier 1', 'GPPi');
INSERT OR IGNORE INTO custom_format_tags (custom_format_name, tag_name) VALUES ('480p Quality Tier 1', 'Release Group Tier');
INSERT OR IGNORE INTO custom_format_tags (custom_format_name, tag_name) VALUES ('480p Quality Tier 1', '480p');
INSERT OR IGNORE INTO custom_format_tags (custom_format_name, tag_name) VALUES ('480p Quality Tier 1', 'Quality');
INSERT OR REPLACE INTO custom_format_conditions (custom_format_name, name, type, arr_type, negate, required) VALUES ('480p Quality Tier 1', '480p', 'resolution', 'all', 0, 1);
INSERT OR REPLACE INTO condition_resolutions (custom_format_name, condition_name, resolution) VALUES ('480p Quality Tier 1', '480p', '480p');
INSERT OR REPLACE INTO custom_format_conditions (custom_format_name, name, type, arr_type, negate, required) VALUES ('480p Quality Tier 1', 'Not Remux', 'release_title', 'all', 1, 1);
INSERT OR REPLACE INTO condition_patterns (custom_format_name, condition_name, regular_expression_name) VALUES ('480p Quality Tier 1', 'Not Remux', 'Remux');
INSERT OR REPLACE INTO custom_format_conditions (custom_format_name, name, type, arr_type, negate, required) VALUES ('480p Quality Tier 1', 'Bluray', 'source', 'all', 0, 1);
INSERT OR REPLACE INTO condition_sources (custom_format_name, condition_name, source) VALUES ('480p Quality Tier 1', 'Bluray', 'bluray');
INSERT OR REPLACE INTO custom_format_conditions (custom_format_name, name, type, arr_type, negate, required) VALUES ('480p Quality Tier 1', 'SoLaR', 'release_group', 'all', 0, 0);
INSERT OR REPLACE INTO condition_patterns (custom_format_name, condition_name, regular_expression_name) VALUES ('480p Quality Tier 1', 'SoLaR', 'SoLaR');
INSERT OR REPLACE INTO custom_format_conditions (custom_format_name, name, type, arr_type, negate, required) VALUES ('480p Quality Tier 1', 'ZoroSenpai', 'release_group', 'all', 0, 0);
INSERT OR REPLACE INTO condition_patterns (custom_format_name, condition_name, regular_expression_name) VALUES ('480p Quality Tier 1', 'ZoroSenpai', 'ZoroSenpai');
INSERT OR REPLACE INTO custom_formats (name, description, include_in_rename) VALUES ('480p Quality Tier 2', 'Matches release groups who fall under 480p Quality Tier 2', 0);
INSERT OR IGNORE INTO custom_format_tags (custom_format_name, tag_name) VALUES ('480p Quality Tier 2', 'GPPi');
INSERT OR IGNORE INTO custom_format_tags (custom_format_name, tag_name) VALUES ('480p Quality Tier 2', 'Release Group Tier');
INSERT OR IGNORE INTO custom_format_tags (custom_format_name, tag_name) VALUES ('480p Quality Tier 2', '480p');
INSERT OR IGNORE INTO custom_format_tags (custom_format_name, tag_name) VALUES ('480p Quality Tier 2', 'Quality');
INSERT OR REPLACE INTO custom_format_conditions (custom_format_name, name, type, arr_type, negate, required) VALUES ('480p Quality Tier 2', '480p', 'resolution', 'all', 0, 1);
INSERT OR REPLACE INTO condition_resolutions (custom_format_name, condition_name, resolution) VALUES ('480p Quality Tier 2', '480p', '480p');
INSERT OR REPLACE INTO custom_format_conditions (custom_format_name, name, type, arr_type, negate, required) VALUES ('480p Quality Tier 2', 'Not Remux', 'release_title', 'all', 1, 1);
INSERT OR REPLACE INTO condition_patterns (custom_format_name, condition_name, regular_expression_name) VALUES ('480p Quality Tier 2', 'Not Remux', 'Remux');
INSERT OR REPLACE INTO custom_format_conditions (custom_format_name, name, type, arr_type, negate, required) VALUES ('480p Quality Tier 2', 'Bluray', 'source', 'all', 0, 1);
INSERT OR REPLACE INTO condition_sources (custom_format_name, condition_name, source) VALUES ('480p Quality Tier 2', 'Bluray', 'bluray');
INSERT OR REPLACE INTO custom_format_conditions (custom_format_name, name, type, arr_type, negate, required) VALUES ('480p Quality Tier 2', 'c0kE', 'release_group', 'all', 0, 0);
INSERT OR REPLACE INTO condition_patterns (custom_format_name, condition_name, regular_expression_name) VALUES ('480p Quality Tier 2', 'c0kE', 'c0kE');
INSERT OR REPLACE INTO custom_format_conditions (custom_format_name, name, type, arr_type, negate, required) VALUES ('480p Quality Tier 2', 'Dariush', 'release_group', 'all', 0, 0);
INSERT OR REPLACE INTO condition_patterns (custom_format_name, condition_name, regular_expression_name) VALUES ('480p Quality Tier 2', 'Dariush', 'Dariush');
INSERT OR REPLACE INTO custom_format_conditions (custom_format_name, name, type, arr_type, negate, required) VALUES ('480p Quality Tier 2', 'HaB', 'release_group', 'all', 0, 0);
INSERT OR REPLACE INTO condition_patterns (custom_format_name, condition_name, regular_expression_name) VALUES ('480p Quality Tier 2', 'HaB', 'HaB');
INSERT OR REPLACE INTO custom_format_conditions (custom_format_name, name, type, arr_type, negate, required) VALUES ('480p Quality Tier 2', 'TBB', 'release_group', 'all', 0, 0);
INSERT OR REPLACE INTO condition_patterns (custom_format_name, condition_name, regular_expression_name) VALUES ('480p Quality Tier 2', 'TBB', 'TBB');
INSERT OR REPLACE INTO custom_formats (name, description, include_in_rename) VALUES ('480p Quality Tier 3', 'Matches release groups who fall under 480p Quality Tier 3', 0);
INSERT OR IGNORE INTO custom_format_tags (custom_format_name, tag_name) VALUES ('480p Quality Tier 3', 'GPPi');
INSERT OR IGNORE INTO custom_format_tags (custom_format_name, tag_name) VALUES ('480p Quality Tier 3', 'Release Group Tier');
INSERT OR IGNORE INTO custom_format_tags (custom_format_name, tag_name) VALUES ('480p Quality Tier 3', '480p');
INSERT OR IGNORE INTO custom_format_tags (custom_format_name, tag_name) VALUES ('480p Quality Tier 3', 'Quality');
INSERT OR REPLACE INTO custom_format_conditions (custom_format_name, name, type, arr_type, negate, required) VALUES ('480p Quality Tier 3', '480p', 'resolution', 'all', 0, 1);
INSERT OR REPLACE INTO condition_resolutions (custom_format_name, condition_name, resolution) VALUES ('480p Quality Tier 3', '480p', '480p');
INSERT OR REPLACE INTO custom_format_conditions (custom_format_name, name, type, arr_type, negate, required) VALUES ('480p Quality Tier 3', 'Not Remux', 'release_title', 'all', 1, 1);
INSERT OR REPLACE INTO condition_patterns (custom_format_name, condition_name, regular_expression_name) VALUES ('480p Quality Tier 3', 'Not Remux', 'Remux');
INSERT OR REPLACE INTO custom_format_conditions (custom_format_name, name, type, arr_type, negate, required) VALUES ('480p Quality Tier 3', 'Bluray', 'source', 'all', 0, 1);
INSERT OR REPLACE INTO condition_sources (custom_format_name, condition_name, source) VALUES ('480p Quality Tier 3', 'Bluray', 'bluray');
INSERT OR REPLACE INTO custom_format_conditions (custom_format_name, name, type, arr_type, negate, required) VALUES ('480p Quality Tier 3', 'EDPH', 'release_group', 'all', 0, 0);
INSERT OR REPLACE INTO condition_patterns (custom_format_name, condition_name, regular_expression_name) VALUES ('480p Quality Tier 3', 'EDPH', 'EDPH');
INSERT OR REPLACE INTO custom_format_conditions (custom_format_name, name, type, arr_type, negate, required) VALUES ('480p Quality Tier 3', 'GS88', 'release_group', 'all', 0, 0);
INSERT OR REPLACE INTO condition_patterns (custom_format_name, condition_name, regular_expression_name) VALUES ('480p Quality Tier 3', 'GS88', 'GS88');
INSERT OR REPLACE INTO custom_format_conditions (custom_format_name, name, type, arr_type, negate, required) VALUES ('480p Quality Tier 3', 'KnG', 'release_group', 'all', 0, 0);
INSERT OR REPLACE INTO condition_patterns (custom_format_name, condition_name, regular_expression_name) VALUES ('480p Quality Tier 3', 'KnG', 'KnG');
INSERT OR REPLACE INTO custom_format_conditions (custom_format_name, name, type, arr_type, negate, required) VALUES ('480p Quality Tier 3', 'playSD', 'release_group', 'all', 0, 0);
INSERT OR REPLACE INTO condition_patterns (custom_format_name, condition_name, regular_expression_name) VALUES ('480p Quality Tier 3', 'playSD', 'playSD');
INSERT OR REPLACE INTO custom_format_conditions (custom_format_name, name, type, arr_type, negate, required) VALUES ('480p Quality Tier 3', 'PTer', 'release_group', 'all', 0, 0);
INSERT OR REPLACE INTO condition_patterns (custom_format_name, condition_name, regular_expression_name) VALUES ('480p Quality Tier 3', 'PTer', 'PTer');
INSERT OR REPLACE INTO custom_format_conditions (custom_format_name, name, type, arr_type, negate, required) VALUES ('480p Quality Tier 3', 'rttr', 'release_group', 'all', 0, 0);
INSERT OR REPLACE INTO condition_patterns (custom_format_name, condition_name, regular_expression_name) VALUES ('480p Quality Tier 3', 'rttr', 'rttr');
INSERT OR REPLACE INTO custom_formats (name, description, include_in_rename) VALUES ('480p Quality Tier 4', 'Matches release groups who fall under 480p Quality Tier 4', 0);
INSERT OR IGNORE INTO custom_format_tags (custom_format_name, tag_name) VALUES ('480p Quality Tier 4', 'GPPi');
INSERT OR IGNORE INTO custom_format_tags (custom_format_name, tag_name) VALUES ('480p Quality Tier 4', 'Release Group Tier');
INSERT OR IGNORE INTO custom_format_tags (custom_format_name, tag_name) VALUES ('480p Quality Tier 4', '480p');
INSERT OR IGNORE INTO custom_format_tags (custom_format_name, tag_name) VALUES ('480p Quality Tier 4', 'Quality');
INSERT OR REPLACE INTO custom_format_conditions (custom_format_name, name, type, arr_type, negate, required) VALUES ('480p Quality Tier 4', '480p', 'resolution', 'all', 0, 1);
INSERT OR REPLACE INTO condition_resolutions (custom_format_name, condition_name, resolution) VALUES ('480p Quality Tier 4', '480p', '480p');
INSERT OR REPLACE INTO custom_format_conditions (custom_format_name, name, type, arr_type, negate, required) VALUES ('480p Quality Tier 4', 'Not Remux', 'release_title', 'all', 1, 1);
INSERT OR REPLACE INTO condition_patterns (custom_format_name, condition_name, regular_expression_name) VALUES ('480p Quality Tier 4', 'Not Remux', 'Remux');
INSERT OR REPLACE INTO custom_format_conditions (custom_format_name, name, type, arr_type, negate, required) VALUES ('480p Quality Tier 4', 'Bluray', 'source', 'all', 0, 1);
INSERT OR REPLACE INTO condition_sources (custom_format_name, condition_name, source) VALUES ('480p Quality Tier 4', 'Bluray', 'bluray');
INSERT OR REPLACE INTO custom_format_conditions (custom_format_name, name, type, arr_type, negate, required) VALUES ('480p Quality Tier 4', 'HANDJOB', 'release_group', 'all', 0, 0);
INSERT OR REPLACE INTO condition_patterns (custom_format_name, condition_name, regular_expression_name) VALUES ('480p Quality Tier 4', 'HANDJOB', 'HANDJOB');
INSERT OR REPLACE INTO custom_format_conditions (custom_format_name, name, type, arr_type, negate, required) VALUES ('480p Quality Tier 4', 'PTP', 'release_group', 'all', 0, 0);
INSERT OR REPLACE INTO condition_patterns (custom_format_name, condition_name, regular_expression_name) VALUES ('480p Quality Tier 4', 'PTP', 'PTP');
INSERT OR REPLACE INTO custom_formats (name, description, include_in_rename) VALUES ('480p WEB-DL', 'Matches 480p WEB-DLs.', 0);
INSERT OR IGNORE INTO custom_format_tags (custom_format_name, tag_name) VALUES ('480p WEB-DL', 'Source');
INSERT OR REPLACE INTO custom_format_conditions (custom_format_name, name, type, arr_type, negate, required) VALUES ('480p WEB-DL', '480p', 'resolution', 'all', 0, 1);
INSERT OR REPLACE INTO condition_resolutions (custom_format_name, condition_name, resolution) VALUES ('480p WEB-DL', '480p', '480p');
INSERT OR REPLACE INTO custom_format_conditions (custom_format_name, name, type, arr_type, negate, required) VALUES ('480p WEB-DL', 'WEB-DL', 'source', 'all', 0, 1);
INSERT OR REPLACE INTO condition_sources (custom_format_name, condition_name, source) VALUES ('480p WEB-DL', 'WEB-DL', 'web_dl');
INSERT OR REPLACE INTO custom_formats (name, description, include_in_rename) VALUES ('576p Bluray', 'Matches 576p Blurays.', 0);
INSERT OR IGNORE INTO custom_format_tags (custom_format_name, tag_name) VALUES ('576p Bluray', 'Source');
INSERT OR REPLACE INTO custom_format_conditions (custom_format_name, name, type, arr_type, negate, required) VALUES ('576p Bluray', '576p', 'resolution', 'all', 0, 1);
INSERT OR REPLACE INTO condition_resolutions (custom_format_name, condition_name, resolution) VALUES ('576p Bluray', '576p', '576p');
INSERT OR REPLACE INTO custom_format_conditions (custom_format_name, name, type, arr_type, negate, required) VALUES ('576p Bluray', 'Bluray', 'source', 'all', 0, 1);
INSERT OR REPLACE INTO condition_sources (custom_format_name, condition_name, source) VALUES ('576p Bluray', 'Bluray', 'bluray');
INSERT OR REPLACE INTO custom_formats (name, description, include_in_rename) VALUES ('576p Quality Tier 1', 'Matches release groups who fall under 576p Quality Tier 1', 0);
INSERT OR IGNORE INTO custom_format_tags (custom_format_name, tag_name) VALUES ('576p Quality Tier 1', 'GPPi');
INSERT OR IGNORE INTO custom_format_tags (custom_format_name, tag_name) VALUES ('576p Quality Tier 1', 'Release Group Tier');
INSERT OR IGNORE INTO custom_format_tags (custom_format_name, tag_name) VALUES ('576p Quality Tier 1', '576p');
INSERT OR IGNORE INTO custom_format_tags (custom_format_name, tag_name) VALUES ('576p Quality Tier 1', 'Quality');
INSERT OR REPLACE INTO custom_format_conditions (custom_format_name, name, type, arr_type, negate, required) VALUES ('576p Quality Tier 1', '576p', 'resolution', 'all', 0, 1);
INSERT OR REPLACE INTO condition_resolutions (custom_format_name, condition_name, resolution) VALUES ('576p Quality Tier 1', '576p', '576p');
INSERT OR REPLACE INTO custom_format_conditions (custom_format_name, name, type, arr_type, negate, required) VALUES ('576p Quality Tier 1', 'Not Remux', 'release_title', 'all', 1, 1);
INSERT OR REPLACE INTO condition_patterns (custom_format_name, condition_name, regular_expression_name) VALUES ('576p Quality Tier 1', 'Not Remux', 'Remux');
INSERT OR REPLACE INTO custom_format_conditions (custom_format_name, name, type, arr_type, negate, required) VALUES ('576p Quality Tier 1', 'Bluray', 'source', 'all', 0, 1);
INSERT OR REPLACE INTO condition_sources (custom_format_name, condition_name, source) VALUES ('576p Quality Tier 1', 'Bluray', 'bluray');
INSERT OR REPLACE INTO custom_format_conditions (custom_format_name, name, type, arr_type, negate, required) VALUES ('576p Quality Tier 1', 'SoLaR', 'release_group', 'all', 0, 0);
INSERT OR REPLACE INTO condition_patterns (custom_format_name, condition_name, regular_expression_name) VALUES ('576p Quality Tier 1', 'SoLaR', 'SoLaR');
INSERT OR REPLACE INTO custom_format_conditions (custom_format_name, name, type, arr_type, negate, required) VALUES ('576p Quality Tier 1', 'ZoroSenpai', 'release_group', 'all', 0, 0);
INSERT OR REPLACE INTO condition_patterns (custom_format_name, condition_name, regular_expression_name) VALUES ('576p Quality Tier 1', 'ZoroSenpai', 'ZoroSenpai');
INSERT OR REPLACE INTO custom_formats (name, description, include_in_rename) VALUES ('576p Quality Tier 2', 'Matches release groups who fall under 576p Quality Tier 2', 0);
INSERT OR IGNORE INTO custom_format_tags (custom_format_name, tag_name) VALUES ('576p Quality Tier 2', 'GPPi');
INSERT OR IGNORE INTO custom_format_tags (custom_format_name, tag_name) VALUES ('576p Quality Tier 2', 'Release Group Tier');
INSERT OR IGNORE INTO custom_format_tags (custom_format_name, tag_name) VALUES ('576p Quality Tier 2', '576p');
INSERT OR IGNORE INTO custom_format_tags (custom_format_name, tag_name) VALUES ('576p Quality Tier 2', 'Quality');
INSERT OR REPLACE INTO custom_format_conditions (custom_format_name, name, type, arr_type, negate, required) VALUES ('576p Quality Tier 2', '576p', 'resolution', 'all', 0, 1);
INSERT OR REPLACE INTO condition_resolutions (custom_format_name, condition_name, resolution) VALUES ('576p Quality Tier 2', '576p', '576p');
INSERT OR REPLACE INTO custom_format_conditions (custom_format_name, name, type, arr_type, negate, required) VALUES ('576p Quality Tier 2', 'Not Remux', 'release_title', 'all', 1, 1);
INSERT OR REPLACE INTO condition_patterns (custom_format_name, condition_name, regular_expression_name) VALUES ('576p Quality Tier 2', 'Not Remux', 'Remux');
INSERT OR REPLACE INTO custom_format_conditions (custom_format_name, name, type, arr_type, negate, required) VALUES ('576p Quality Tier 2', 'Bluray', 'source', 'all', 0, 1);
INSERT OR REPLACE INTO condition_sources (custom_format_name, condition_name, source) VALUES ('576p Quality Tier 2', 'Bluray', 'bluray');
INSERT OR REPLACE INTO custom_format_conditions (custom_format_name, name, type, arr_type, negate, required) VALUES ('576p Quality Tier 2', 'BV', 'release_group', 'all', 0, 0);
INSERT OR REPLACE INTO condition_patterns (custom_format_name, condition_name, regular_expression_name) VALUES ('576p Quality Tier 2', 'BV', 'BV');
INSERT OR REPLACE INTO custom_format_conditions (custom_format_name, name, type, arr_type, negate, required) VALUES ('576p Quality Tier 2', 'c0kE', 'release_group', 'all', 0, 0);
INSERT OR REPLACE INTO condition_patterns (custom_format_name, condition_name, regular_expression_name) VALUES ('576p Quality Tier 2', 'c0kE', 'c0kE');
INSERT OR REPLACE INTO custom_format_conditions (custom_format_name, name, type, arr_type, negate, required) VALUES ('576p Quality Tier 2', 'Dariush', 'release_group', 'all', 0, 0);
INSERT OR REPLACE INTO condition_patterns (custom_format_name, condition_name, regular_expression_name) VALUES ('576p Quality Tier 2', 'Dariush', 'Dariush');
INSERT OR REPLACE INTO custom_format_conditions (custom_format_name, name, type, arr_type, negate, required) VALUES ('576p Quality Tier 2', 'HaB', 'release_group', 'all', 0, 0);
INSERT OR REPLACE INTO condition_patterns (custom_format_name, condition_name, regular_expression_name) VALUES ('576p Quality Tier 2', 'HaB', 'HaB');
INSERT OR REPLACE INTO custom_format_conditions (custom_format_name, name, type, arr_type, negate, required) VALUES ('576p Quality Tier 2', 'TBB', 'release_group', 'all', 0, 0);
INSERT OR REPLACE INTO condition_patterns (custom_format_name, condition_name, regular_expression_name) VALUES ('576p Quality Tier 2', 'TBB', 'TBB');
INSERT OR REPLACE INTO custom_format_conditions (custom_format_name, name, type, arr_type, negate, required) VALUES ('576p Quality Tier 2', 'ZQ', 'release_group', 'all', 0, 0);
INSERT OR REPLACE INTO condition_patterns (custom_format_name, condition_name, regular_expression_name) VALUES ('576p Quality Tier 2', 'ZQ', 'ZQ');
INSERT OR REPLACE INTO custom_formats (name, description, include_in_rename) VALUES ('576p Quality Tier 3', 'Matches release groups who fall under 576p Quality Tier 3', 0);
INSERT OR IGNORE INTO custom_format_tags (custom_format_name, tag_name) VALUES ('576p Quality Tier 3', 'GPPi');
INSERT OR IGNORE INTO custom_format_tags (custom_format_name, tag_name) VALUES ('576p Quality Tier 3', 'Release Group Tier');
INSERT OR IGNORE INTO custom_format_tags (custom_format_name, tag_name) VALUES ('576p Quality Tier 3', '576p');
INSERT OR IGNORE INTO custom_format_tags (custom_format_name, tag_name) VALUES ('576p Quality Tier 3', 'Quality');
INSERT OR REPLACE INTO custom_format_conditions (custom_format_name, name, type, arr_type, negate, required) VALUES ('576p Quality Tier 3', '576p', 'resolution', 'all', 0, 1);
INSERT OR REPLACE INTO condition_resolutions (custom_format_name, condition_name, resolution) VALUES ('576p Quality Tier 3', '576p', '576p');
INSERT OR REPLACE INTO custom_format_conditions (custom_format_name, name, type, arr_type, negate, required) VALUES ('576p Quality Tier 3', 'Not Remux', 'release_title', 'all', 1, 1);
INSERT OR REPLACE INTO condition_patterns (custom_format_name, condition_name, regular_expression_name) VALUES ('576p Quality Tier 3', 'Not Remux', 'Remux');
INSERT OR REPLACE INTO custom_format_conditions (custom_format_name, name, type, arr_type, negate, required) VALUES ('576p Quality Tier 3', 'Bluray', 'source', 'all', 0, 1);
INSERT OR REPLACE INTO condition_sources (custom_format_name, condition_name, source) VALUES ('576p Quality Tier 3', 'Bluray', 'bluray');
INSERT OR REPLACE INTO custom_format_conditions (custom_format_name, name, type, arr_type, negate, required) VALUES ('576p Quality Tier 3', 'EDPH', 'release_group', 'all', 0, 0);
INSERT OR REPLACE INTO condition_patterns (custom_format_name, condition_name, regular_expression_name) VALUES ('576p Quality Tier 3', 'EDPH', 'EDPH');
INSERT OR REPLACE INTO custom_format_conditions (custom_format_name, name, type, arr_type, negate, required) VALUES ('576p Quality Tier 3', 'GS88', 'release_group', 'all', 0, 0);
INSERT OR REPLACE INTO condition_patterns (custom_format_name, condition_name, regular_expression_name) VALUES ('576p Quality Tier 3', 'GS88', 'GS88');
INSERT OR REPLACE INTO custom_format_conditions (custom_format_name, name, type, arr_type, negate, required) VALUES ('576p Quality Tier 3', 'KnG', 'release_group', 'all', 0, 0);
INSERT OR REPLACE INTO condition_patterns (custom_format_name, condition_name, regular_expression_name) VALUES ('576p Quality Tier 3', 'KnG', 'KnG');
INSERT OR REPLACE INTO custom_format_conditions (custom_format_name, name, type, arr_type, negate, required) VALUES ('576p Quality Tier 3', 'PTer', 'release_group', 'all', 0, 0);
INSERT OR REPLACE INTO condition_patterns (custom_format_name, condition_name, regular_expression_name) VALUES ('576p Quality Tier 3', 'PTer', 'PTer');
INSERT OR REPLACE INTO custom_format_conditions (custom_format_name, name, type, arr_type, negate, required) VALUES ('576p Quality Tier 3', 'rttr', 'release_group', 'all', 0, 0);
INSERT OR REPLACE INTO condition_patterns (custom_format_name, condition_name, regular_expression_name) VALUES ('576p Quality Tier 3', 'rttr', 'rttr');
INSERT OR REPLACE INTO custom_format_conditions (custom_format_name, name, type, arr_type, negate, required) VALUES ('576p Quality Tier 3', 'ZIMBO', 'release_group', 'all', 0, 0);
INSERT OR REPLACE INTO condition_patterns (custom_format_name, condition_name, regular_expression_name) VALUES ('576p Quality Tier 3', 'ZIMBO', 'ZIMBO');
INSERT OR REPLACE INTO custom_formats (name, description, include_in_rename) VALUES ('576p Quality Tier 4', 'Matches release groups who fall under 576p Quality Tier 4', 0);
INSERT OR IGNORE INTO custom_format_tags (custom_format_name, tag_name) VALUES ('576p Quality Tier 4', 'GPPi');
INSERT OR IGNORE INTO custom_format_tags (custom_format_name, tag_name) VALUES ('576p Quality Tier 4', 'Release Group Tier');
INSERT OR IGNORE INTO custom_format_tags (custom_format_name, tag_name) VALUES ('576p Quality Tier 4', '576p');
INSERT OR IGNORE INTO custom_format_tags (custom_format_name, tag_name) VALUES ('576p Quality Tier 4', 'Quality');
INSERT OR REPLACE INTO custom_format_conditions (custom_format_name, name, type, arr_type, negate, required) VALUES ('576p Quality Tier 4', '576p', 'resolution', 'all', 0, 1);
INSERT OR REPLACE INTO condition_resolutions (custom_format_name, condition_name, resolution) VALUES ('576p Quality Tier 4', '576p', '576p');
INSERT OR REPLACE INTO custom_format_conditions (custom_format_name, name, type, arr_type, negate, required) VALUES ('576p Quality Tier 4', 'Not Remux', 'release_title', 'all', 1, 1);
INSERT OR REPLACE INTO condition_patterns (custom_format_name, condition_name, regular_expression_name) VALUES ('576p Quality Tier 4', 'Not Remux', 'Remux');
INSERT OR REPLACE INTO custom_format_conditions (custom_format_name, name, type, arr_type, negate, required) VALUES ('576p Quality Tier 4', 'Bluray', 'source', 'all', 0, 1);
INSERT OR REPLACE INTO condition_sources (custom_format_name, condition_name, source) VALUES ('576p Quality Tier 4', 'Bluray', 'bluray');
INSERT OR REPLACE INTO custom_format_conditions (custom_format_name, name, type, arr_type, negate, required) VALUES ('576p Quality Tier 4', 'HANDJOB', 'release_group', 'all', 0, 0);
INSERT OR REPLACE INTO condition_patterns (custom_format_name, condition_name, regular_expression_name) VALUES ('576p Quality Tier 4', 'HANDJOB', 'HANDJOB');
INSERT OR REPLACE INTO custom_format_conditions (custom_format_name, name, type, arr_type, negate, required) VALUES ('576p Quality Tier 4', 'PTP', 'release_group', 'all', 0, 0);
INSERT OR REPLACE INTO condition_patterns (custom_format_name, condition_name, regular_expression_name) VALUES ('576p Quality Tier 4', 'PTP', 'PTP');
INSERT OR REPLACE INTO custom_formats (name, description, include_in_rename) VALUES ('720p Balanced Tier 1', 'Matches release groups who fall under 720p Balanced Tier 1', 0);
INSERT OR IGNORE INTO custom_format_tags (custom_format_name, tag_name) VALUES ('720p Balanced Tier 1', 'Release Group Tier');
INSERT OR IGNORE INTO custom_format_tags (custom_format_name, tag_name) VALUES ('720p Balanced Tier 1', '720p');
INSERT OR IGNORE INTO custom_format_tags (custom_format_name, tag_name) VALUES ('720p Balanced Tier 1', 'Balanced');
INSERT OR REPLACE INTO custom_format_conditions (custom_format_name, name, type, arr_type, negate, required) VALUES ('720p Balanced Tier 1', '720p', 'resolution', 'all', 0, 1);
INSERT OR REPLACE INTO condition_resolutions (custom_format_name, condition_name, resolution) VALUES ('720p Balanced Tier 1', '720p', '720p');
INSERT OR REPLACE INTO custom_format_conditions (custom_format_name, name, type, arr_type, negate, required) VALUES ('720p Balanced Tier 1', 'Bluray', 'source', 'all', 0, 1);
INSERT OR REPLACE INTO condition_sources (custom_format_name, condition_name, source) VALUES ('720p Balanced Tier 1', 'Bluray', 'bluray');
INSERT OR REPLACE INTO custom_format_conditions (custom_format_name, name, type, arr_type, negate, required) VALUES ('720p Balanced Tier 1', 'BHDStudio', 'release_group', 'all', 0, 0);
INSERT OR REPLACE INTO condition_patterns (custom_format_name, condition_name, regular_expression_name) VALUES ('720p Balanced Tier 1', 'BHDStudio', 'BHDStudio');
INSERT OR REPLACE INTO custom_format_conditions (custom_format_name, name, type, arr_type, negate, required) VALUES ('720p Balanced Tier 1', 'hallowed', 'release_group', 'all', 0, 0);
INSERT OR REPLACE INTO condition_patterns (custom_format_name, condition_name, regular_expression_name) VALUES ('720p Balanced Tier 1', 'hallowed', 'hallowed');
INSERT OR IGNORE INTO custom_format_tests (custom_format_name, title, type, should_match, description) VALUES ('720p Balanced Tier 1', 'Contact.1997.BluRay.1080p.DDP.5.1.x264-hallowed', 'movie', 1, NULL);
INSERT OR IGNORE INTO custom_format_tests (custom_format_name, title, type, should_match, description) VALUES ('720p Balanced Tier 1', 'Gladiator.2000.Extended.Cut.UHD.BluRay.2160p.DDP.7.1.DV.HDR.x265-hallowed', 'movie', 1, NULL);
INSERT OR IGNORE INTO custom_format_tests (custom_format_name, title, type, should_match, description) VALUES ('720p Balanced Tier 1', 'Yi Yi 2000 BluRay 720p DD 2 0 x264-BHDStudio', 'movie', 1, NULL);
INSERT OR IGNORE INTO custom_format_tests (custom_format_name, title, type, should_match, description) VALUES ('720p Balanced Tier 1', 'Winnie the Pooh - Blood and Honey (2023) 2160p UHD BluRay x265 DV HDR DD 5.1 English-BHDStudio', 'movie', 1, NULL);
INSERT OR REPLACE INTO custom_formats (name, description, include_in_rename) VALUES ('720p Bluray', 'Matches 720p Blurays that are NOT remuxes', 0);
INSERT OR IGNORE INTO custom_format_tags (custom_format_name, tag_name) VALUES ('720p Bluray', 'Source');
INSERT OR REPLACE INTO custom_format_conditions (custom_format_name, name, type, arr_type, negate, required) VALUES ('720p Bluray', '720p', 'resolution', 'all', 0, 1);
INSERT OR REPLACE INTO condition_resolutions (custom_format_name, condition_name, resolution) VALUES ('720p Bluray', '720p', '720p');
INSERT OR REPLACE INTO custom_format_conditions (custom_format_name, name, type, arr_type, negate, required) VALUES ('720p Bluray', 'Bluray', 'source', 'all', 0, 1);
INSERT OR REPLACE INTO condition_sources (custom_format_name, condition_name, source) VALUES ('720p Bluray', 'Bluray', 'bluray');
INSERT OR REPLACE INTO custom_format_conditions (custom_format_name, name, type, arr_type, negate, required) VALUES ('720p Bluray', 'Not Remux', 'release_title', 'all', 1, 1);
INSERT OR REPLACE INTO condition_patterns (custom_format_name, condition_name, regular_expression_name) VALUES ('720p Bluray', 'Not Remux', 'Remux');
INSERT OR REPLACE INTO custom_formats (name, description, include_in_rename) VALUES ('720p Golden Popcorn', 'Matches 720p Golden Popcorns. Only works on PassThePopcorn', 0);
INSERT OR IGNORE INTO custom_format_tags (custom_format_name, tag_name) VALUES ('720p Golden Popcorn', 'Flag');
INSERT OR IGNORE INTO custom_format_tags (custom_format_name, tag_name) VALUES ('720p Golden Popcorn', 'Golden Popcorn');
INSERT OR REPLACE INTO custom_format_conditions (custom_format_name, name, type, arr_type, negate, required) VALUES ('720p Golden Popcorn', '720p', 'resolution', 'all', 0, 1);
INSERT OR REPLACE INTO condition_resolutions (custom_format_name, condition_name, resolution) VALUES ('720p Golden Popcorn', '720p', '720p');
INSERT OR REPLACE INTO custom_format_conditions (custom_format_name, name, type, arr_type, negate, required) VALUES ('720p Golden Popcorn', 'Golden Popcorn', 'indexer_flag', 'all', 0, 1);
INSERT OR REPLACE INTO condition_indexer_flags (custom_format_name, condition_name, flag) VALUES ('720p Golden Popcorn', 'Golden Popcorn', 'ptp_golden');
INSERT OR REPLACE INTO custom_format_conditions (custom_format_name, name, type, arr_type, negate, required) VALUES ('720p Golden Popcorn', 'Release Groups', 'release_group', 'all', 1, 1);
INSERT OR REPLACE INTO condition_patterns (custom_format_name, condition_name, regular_expression_name) VALUES ('720p Golden Popcorn', 'Release Groups', 'Golden Popcorn Negation');
INSERT OR REPLACE INTO custom_formats (name, description, include_in_rename) VALUES ('720p HDTV Tier 1', 'Matches 720p HDTV.', 0);
INSERT OR IGNORE INTO custom_format_tags (custom_format_name, tag_name) VALUES ('720p HDTV Tier 1', 'Release Group Tier');
INSERT OR REPLACE INTO custom_format_conditions (custom_format_name, name, type, arr_type, negate, required) VALUES ('720p HDTV Tier 1', '720p', 'resolution', 'all', 0, 1);
INSERT OR REPLACE INTO condition_resolutions (custom_format_name, condition_name, resolution) VALUES ('720p HDTV Tier 1', '720p', '720p');
INSERT OR REPLACE INTO custom_format_conditions (custom_format_name, name, type, arr_type, negate, required) VALUES ('720p HDTV Tier 1', 'HDTV', 'source', 'all', 0, 1);
INSERT OR REPLACE INTO condition_sources (custom_format_name, condition_name, source) VALUES ('720p HDTV Tier 1', 'HDTV', 'television');
INSERT OR REPLACE INTO custom_format_conditions (custom_format_name, name, type, arr_type, negate, required) VALUES ('720p HDTV Tier 1', 'HDTV Regex', 'release_title', 'all', 0, 1);
INSERT OR REPLACE INTO condition_patterns (custom_format_name, condition_name, regular_expression_name) VALUES ('720p HDTV Tier 1', 'HDTV Regex', 'HDTV');
INSERT OR REPLACE INTO custom_format_conditions (custom_format_name, name, type, arr_type, negate, required) VALUES ('720p HDTV Tier 1', 'BMF', 'release_group', 'all', 0, 0);
INSERT OR REPLACE INTO condition_patterns (custom_format_name, condition_name, regular_expression_name) VALUES ('720p HDTV Tier 1', 'BMF', 'BMF');
INSERT OR REPLACE INTO custom_format_conditions (custom_format_name, name, type, arr_type, negate, required) VALUES ('720p HDTV Tier 1', 'CtrlHD', 'release_group', 'all', 0, 0);
INSERT OR REPLACE INTO condition_patterns (custom_format_name, condition_name, regular_expression_name) VALUES ('720p HDTV Tier 1', 'CtrlHD', 'CtrlHD');
INSERT OR REPLACE INTO custom_format_conditions (custom_format_name, name, type, arr_type, negate, required) VALUES ('720p HDTV Tier 1', 'DON', 'release_group', 'all', 0, 0);
INSERT OR REPLACE INTO condition_patterns (custom_format_name, condition_name, regular_expression_name) VALUES ('720p HDTV Tier 1', 'DON', 'DON');
INSERT OR REPLACE INTO custom_format_conditions (custom_format_name, name, type, arr_type, negate, required) VALUES ('720p HDTV Tier 1', 'EbP', 'release_group', 'all', 0, 0);
INSERT OR REPLACE INTO condition_patterns (custom_format_name, condition_name, regular_expression_name) VALUES ('720p HDTV Tier 1', 'EbP', 'EbP');
INSERT OR REPLACE INTO custom_format_conditions (custom_format_name, name, type, arr_type, negate, required) VALUES ('720p HDTV Tier 1', 'EDPH', 'release_group', 'all', 0, 0);
INSERT OR REPLACE INTO condition_patterns (custom_format_name, condition_name, regular_expression_name) VALUES ('720p HDTV Tier 1', 'EDPH', 'EDPH');
INSERT OR REPLACE INTO custom_format_conditions (custom_format_name, name, type, arr_type, negate, required) VALUES ('720p HDTV Tier 1', 'NTb', 'release_group', 'all', 0, 0);
INSERT OR REPLACE INTO condition_patterns (custom_format_name, condition_name, regular_expression_name) VALUES ('720p HDTV Tier 1', 'NTb', 'NTb');
INSERT OR REPLACE INTO custom_formats (name, description, include_in_rename) VALUES ('720p HDTV Tier 2', 'Matches 720p HDTV.', 0);
INSERT OR IGNORE INTO custom_format_tags (custom_format_name, tag_name) VALUES ('720p HDTV Tier 2', 'Release Group Tier');
INSERT OR REPLACE INTO custom_format_conditions (custom_format_name, name, type, arr_type, negate, required) VALUES ('720p HDTV Tier 2', '720p', 'resolution', 'all', 0, 1);
INSERT OR REPLACE INTO condition_resolutions (custom_format_name, condition_name, resolution) VALUES ('720p HDTV Tier 2', '720p', '720p');
INSERT OR REPLACE INTO custom_format_conditions (custom_format_name, name, type, arr_type, negate, required) VALUES ('720p HDTV Tier 2', 'HDTV', 'source', 'all', 0, 1);
INSERT OR REPLACE INTO condition_sources (custom_format_name, condition_name, source) VALUES ('720p HDTV Tier 2', 'HDTV', 'television');
INSERT OR REPLACE INTO custom_format_conditions (custom_format_name, name, type, arr_type, negate, required) VALUES ('720p HDTV Tier 2', 'HDTV Regex', 'release_title', 'all', 0, 1);
INSERT OR REPLACE INTO condition_patterns (custom_format_name, condition_name, regular_expression_name) VALUES ('720p HDTV Tier 2', 'HDTV Regex', 'HDTV');
INSERT OR REPLACE INTO custom_format_conditions (custom_format_name, name, type, arr_type, negate, required) VALUES ('720p HDTV Tier 2', 'BTN', 'release_group', 'all', 0, 0);
INSERT OR REPLACE INTO condition_patterns (custom_format_name, condition_name, regular_expression_name) VALUES ('720p HDTV Tier 2', 'BTN', 'BTN');
INSERT OR REPLACE INTO custom_format_conditions (custom_format_name, name, type, arr_type, negate, required) VALUES ('720p HDTV Tier 2', 'DARKFLiX', 'release_group', 'all', 0, 0);
INSERT OR REPLACE INTO condition_patterns (custom_format_name, condition_name, regular_expression_name) VALUES ('720p HDTV Tier 2', 'DARKFLiX', 'DARKFLiX');
INSERT OR REPLACE INTO custom_format_conditions (custom_format_name, name, type, arr_type, negate, required) VALUES ('720p HDTV Tier 2', 'ViETNAM', 'release_group', 'all', 0, 0);
INSERT OR REPLACE INTO condition_patterns (custom_format_name, condition_name, regular_expression_name) VALUES ('720p HDTV Tier 2', 'ViETNAM', 'ViETNAM');
INSERT OR REPLACE INTO custom_format_conditions (custom_format_name, name, type, arr_type, negate, required) VALUES ('720p HDTV Tier 2', 'CBFM', 'release_group', 'all', 0, 0);
INSERT OR REPLACE INTO condition_patterns (custom_format_name, condition_name, regular_expression_name) VALUES ('720p HDTV Tier 2', 'CBFM', 'CBFM');
INSERT OR REPLACE INTO custom_format_conditions (custom_format_name, name, type, arr_type, negate, required) VALUES ('720p HDTV Tier 2', 'PLUTONiUM', 'release_group', 'all', 0, 0);
INSERT OR REPLACE INTO condition_patterns (custom_format_name, condition_name, regular_expression_name) VALUES ('720p HDTV Tier 2', 'PLUTONiUM', 'PLUTONiUM');
INSERT OR REPLACE INTO custom_formats (name, description, include_in_rename) VALUES ('720p HDTV Tier 3', 'Matches 720p HDTV.', 0);
INSERT OR IGNORE INTO custom_format_tags (custom_format_name, tag_name) VALUES ('720p HDTV Tier 3', 'Release Group Tier');
INSERT OR REPLACE INTO custom_format_conditions (custom_format_name, name, type, arr_type, negate, required) VALUES ('720p HDTV Tier 3', '1080p', 'resolution', 'all', 0, 1);
INSERT OR REPLACE INTO condition_resolutions (custom_format_name, condition_name, resolution) VALUES ('720p HDTV Tier 3', '1080p', '1080p');
INSERT OR REPLACE INTO custom_format_conditions (custom_format_name, name, type, arr_type, negate, required) VALUES ('720p HDTV Tier 3', 'HDTV', 'source', 'all', 0, 1);
INSERT OR REPLACE INTO condition_sources (custom_format_name, condition_name, source) VALUES ('720p HDTV Tier 3', 'HDTV', 'television');
INSERT OR REPLACE INTO custom_format_conditions (custom_format_name, name, type, arr_type, negate, required) VALUES ('720p HDTV Tier 3', 'HDTV Regex', 'release_title', 'all', 0, 1);
INSERT OR REPLACE INTO condition_patterns (custom_format_name, condition_name, regular_expression_name) VALUES ('720p HDTV Tier 3', 'HDTV Regex', 'HDTV');
INSERT OR REPLACE INTO custom_format_conditions (custom_format_name, name, type, arr_type, negate, required) VALUES ('720p HDTV Tier 3', 'HANDJOB', 'release_group', 'all', 0, 0);
INSERT OR REPLACE INTO condition_patterns (custom_format_name, condition_name, regular_expression_name) VALUES ('720p HDTV Tier 3', 'HANDJOB', 'HANDJOB');
INSERT OR REPLACE INTO custom_formats (name, description, include_in_rename) VALUES ('720p HDTV', 'Matches 720p HDTV.', 0);
INSERT OR IGNORE INTO custom_format_tags (custom_format_name, tag_name) VALUES ('720p HDTV', 'Source');
INSERT OR REPLACE INTO custom_format_conditions (custom_format_name, name, type, arr_type, negate, required) VALUES ('720p HDTV', '720p', 'resolution', 'all', 0, 1);
INSERT OR REPLACE INTO condition_resolutions (custom_format_name, condition_name, resolution) VALUES ('720p HDTV', '720p', '720p');
INSERT OR REPLACE INTO custom_format_conditions (custom_format_name, name, type, arr_type, negate, required) VALUES ('720p HDTV', 'HDTV', 'source', 'all', 0, 1);
INSERT OR REPLACE INTO condition_sources (custom_format_name, condition_name, source) VALUES ('720p HDTV', 'HDTV', 'television');
INSERT OR REPLACE INTO custom_format_conditions (custom_format_name, name, type, arr_type, negate, required) VALUES ('720p HDTV', 'HDTV Regex', 'release_title', 'all', 0, 1);
INSERT OR REPLACE INTO condition_patterns (custom_format_name, condition_name, regular_expression_name) VALUES ('720p HDTV', 'HDTV Regex', 'HDTV');
INSERT OR REPLACE INTO custom_formats (name, description, include_in_rename) VALUES ('720p Quality Tier 1', 'Matches release groups who fall under 720p Quality Tier 1', 0);
INSERT OR IGNORE INTO custom_format_tags (custom_format_name, tag_name) VALUES ('720p Quality Tier 1', 'GPPi');
INSERT OR IGNORE INTO custom_format_tags (custom_format_name, tag_name) VALUES ('720p Quality Tier 1', 'Release Group Tier');
INSERT OR IGNORE INTO custom_format_tags (custom_format_name, tag_name) VALUES ('720p Quality Tier 1', '720p');
INSERT OR IGNORE INTO custom_format_tags (custom_format_name, tag_name) VALUES ('720p Quality Tier 1', 'Quality');
INSERT OR REPLACE INTO custom_format_conditions (custom_format_name, name, type, arr_type, negate, required) VALUES ('720p Quality Tier 1', '720p', 'resolution', 'all', 0, 1);
INSERT OR REPLACE INTO condition_resolutions (custom_format_name, condition_name, resolution) VALUES ('720p Quality Tier 1', '720p', '720p');
INSERT OR REPLACE INTO custom_format_conditions (custom_format_name, name, type, arr_type, negate, required) VALUES ('720p Quality Tier 1', 'Not Remux', 'release_title', 'all', 1, 1);
INSERT OR REPLACE INTO condition_patterns (custom_format_name, condition_name, regular_expression_name) VALUES ('720p Quality Tier 1', 'Not Remux', 'Remux');
INSERT OR REPLACE INTO custom_format_conditions (custom_format_name, name, type, arr_type, negate, required) VALUES ('720p Quality Tier 1', 'Bluray', 'source', 'all', 0, 0);
INSERT OR REPLACE INTO condition_sources (custom_format_name, condition_name, source) VALUES ('720p Quality Tier 1', 'Bluray', 'bluray');
INSERT OR REPLACE INTO custom_format_conditions (custom_format_name, name, type, arr_type, negate, required) VALUES ('720p Quality Tier 1', 'WEBRip', 'source', 'all', 0, 0);
INSERT OR REPLACE INTO condition_sources (custom_format_name, condition_name, source) VALUES ('720p Quality Tier 1', 'WEBRip', 'webrip');
INSERT OR REPLACE INTO custom_format_conditions (custom_format_name, name, type, arr_type, negate, required) VALUES ('720p Quality Tier 1', 'DON', 'release_group', 'all', 0, 0);
INSERT OR REPLACE INTO condition_patterns (custom_format_name, condition_name, regular_expression_name) VALUES ('720p Quality Tier 1', 'DON', 'DON');
INSERT OR REPLACE INTO custom_format_conditions (custom_format_name, name, type, arr_type, negate, required) VALUES ('720p Quality Tier 1', 'REBORN', 'release_group', 'all', 0, 0);
INSERT OR REPLACE INTO condition_patterns (custom_format_name, condition_name, regular_expression_name) VALUES ('720p Quality Tier 1', 'REBORN', 'REBORN');
INSERT OR REPLACE INTO custom_format_conditions (custom_format_name, name, type, arr_type, negate, required) VALUES ('720p Quality Tier 1', 'SoLaR', 'release_group', 'all', 0, 0);
INSERT OR REPLACE INTO condition_patterns (custom_format_name, condition_name, regular_expression_name) VALUES ('720p Quality Tier 1', 'SoLaR', 'SoLaR');
INSERT OR REPLACE INTO custom_format_conditions (custom_format_name, name, type, arr_type, negate, required) VALUES ('720p Quality Tier 1', 'TeamSyndicate', 'release_group', 'all', 0, 0);
INSERT OR REPLACE INTO condition_patterns (custom_format_name, condition_name, regular_expression_name) VALUES ('720p Quality Tier 1', 'TeamSyndicate', 'TeamSyndicate');
INSERT OR REPLACE INTO custom_format_conditions (custom_format_name, name, type, arr_type, negate, required) VALUES ('720p Quality Tier 1', 'ZoroSenpai', 'release_group', 'all', 0, 0);
INSERT OR REPLACE INTO condition_patterns (custom_format_name, condition_name, regular_expression_name) VALUES ('720p Quality Tier 1', 'ZoroSenpai', 'ZoroSenpai');
INSERT OR REPLACE INTO custom_formats (name, description, include_in_rename) VALUES ('720p Quality Tier 2', 'Matches release groups who fall under 720p Quality Tier 2', 0);
INSERT OR IGNORE INTO custom_format_tags (custom_format_name, tag_name) VALUES ('720p Quality Tier 2', 'GPPi');
INSERT OR IGNORE INTO custom_format_tags (custom_format_name, tag_name) VALUES ('720p Quality Tier 2', 'Release Group Tier');
INSERT OR IGNORE INTO custom_format_tags (custom_format_name, tag_name) VALUES ('720p Quality Tier 2', '720p');
INSERT OR IGNORE INTO custom_format_tags (custom_format_name, tag_name) VALUES ('720p Quality Tier 2', 'Quality');
INSERT OR REPLACE INTO custom_format_conditions (custom_format_name, name, type, arr_type, negate, required) VALUES ('720p Quality Tier 2', '720p', 'resolution', 'all', 0, 1);
INSERT OR REPLACE INTO condition_resolutions (custom_format_name, condition_name, resolution) VALUES ('720p Quality Tier 2', '720p', '720p');
INSERT OR REPLACE INTO custom_format_conditions (custom_format_name, name, type, arr_type, negate, required) VALUES ('720p Quality Tier 2', 'Not Remux', 'release_title', 'all', 1, 1);
INSERT OR REPLACE INTO condition_patterns (custom_format_name, condition_name, regular_expression_name) VALUES ('720p Quality Tier 2', 'Not Remux', 'Remux');
INSERT OR REPLACE INTO custom_format_conditions (custom_format_name, name, type, arr_type, negate, required) VALUES ('720p Quality Tier 2', 'Bluray', 'source', 'all', 0, 0);
INSERT OR REPLACE INTO condition_sources (custom_format_name, condition_name, source) VALUES ('720p Quality Tier 2', 'Bluray', 'bluray');
INSERT OR REPLACE INTO custom_format_conditions (custom_format_name, name, type, arr_type, negate, required) VALUES ('720p Quality Tier 2', 'WEBRip', 'source', 'all', 0, 0);
INSERT OR REPLACE INTO condition_sources (custom_format_name, condition_name, source) VALUES ('720p Quality Tier 2', 'WEBRip', 'webrip');
INSERT OR REPLACE INTO custom_format_conditions (custom_format_name, name, type, arr_type, negate, required) VALUES ('720p Quality Tier 2', 'c0kE', 'release_group', 'all', 0, 0);
INSERT OR REPLACE INTO condition_patterns (custom_format_name, condition_name, regular_expression_name) VALUES ('720p Quality Tier 2', 'c0kE', 'c0kE');
INSERT OR REPLACE INTO custom_format_conditions (custom_format_name, name, type, arr_type, negate, required) VALUES ('720p Quality Tier 2', 'CRiSC', 'release_group', 'all', 0, 0);
INSERT OR REPLACE INTO condition_patterns (custom_format_name, condition_name, regular_expression_name) VALUES ('720p Quality Tier 2', 'CRiSC', 'CRiSC');
INSERT OR REPLACE INTO custom_format_conditions (custom_format_name, name, type, arr_type, negate, required) VALUES ('720p Quality Tier 2', 'CtrlHD', 'release_group', 'all', 0, 0);
INSERT OR REPLACE INTO condition_patterns (custom_format_name, condition_name, regular_expression_name) VALUES ('720p Quality Tier 2', 'CtrlHD', 'CtrlHD');
INSERT OR REPLACE INTO custom_format_conditions (custom_format_name, name, type, arr_type, negate, required) VALUES ('720p Quality Tier 2', 'EbP', 'release_group', 'all', 0, 0);
INSERT OR REPLACE INTO condition_patterns (custom_format_name, condition_name, regular_expression_name) VALUES ('720p Quality Tier 2', 'EbP', 'EbP');
INSERT OR REPLACE INTO custom_format_conditions (custom_format_name, name, type, arr_type, negate, required) VALUES ('720p Quality Tier 2', 'HiDt', 'release_group', 'all', 0, 0);
INSERT OR REPLACE INTO condition_patterns (custom_format_name, condition_name, regular_expression_name) VALUES ('720p Quality Tier 2', 'HiDt', 'HiDt');
INSERT OR REPLACE INTO custom_format_conditions (custom_format_name, name, type, arr_type, negate, required) VALUES ('720p Quality Tier 2', 'HiFi', 'release_group', 'all', 0, 0);
INSERT OR REPLACE INTO condition_patterns (custom_format_name, condition_name, regular_expression_name) VALUES ('720p Quality Tier 2', 'HiFi', 'HiFi');
INSERT OR REPLACE INTO custom_format_conditions (custom_format_name, name, type, arr_type, negate, required) VALUES ('720p Quality Tier 2', 'IDE', 'release_group', 'all', 0, 0);
INSERT OR REPLACE INTO condition_patterns (custom_format_name, condition_name, regular_expression_name) VALUES ('720p Quality Tier 2', 'IDE', 'IDE');
INSERT OR REPLACE INTO custom_format_conditions (custom_format_name, name, type, arr_type, negate, required) VALUES ('720p Quality Tier 2', 'SbR', 'release_group', 'all', 0, 0);
INSERT OR REPLACE INTO condition_patterns (custom_format_name, condition_name, regular_expression_name) VALUES ('720p Quality Tier 2', 'SbR', 'SbR');
INSERT OR REPLACE INTO custom_format_conditions (custom_format_name, name, type, arr_type, negate, required) VALUES ('720p Quality Tier 2', 'TayTo', 'release_group', 'all', 0, 0);
INSERT OR REPLACE INTO condition_patterns (custom_format_name, condition_name, regular_expression_name) VALUES ('720p Quality Tier 2', 'TayTo', 'TayTo');
INSERT OR REPLACE INTO custom_format_conditions (custom_format_name, name, type, arr_type, negate, required) VALUES ('720p Quality Tier 2', 'VietHD', 'release_group', 'all', 0, 0);
INSERT OR REPLACE INTO condition_patterns (custom_format_name, condition_name, regular_expression_name) VALUES ('720p Quality Tier 2', 'VietHD', 'VietHD');
INSERT OR REPLACE INTO custom_format_conditions (custom_format_name, name, type, arr_type, negate, required) VALUES ('720p Quality Tier 2', 'ZQ', 'release_group', 'all', 0, 0);
INSERT OR REPLACE INTO condition_patterns (custom_format_name, condition_name, regular_expression_name) VALUES ('720p Quality Tier 2', 'ZQ', 'ZQ');
INSERT OR REPLACE INTO custom_formats (name, description, include_in_rename) VALUES ('720p Quality Tier 3', 'Matches release groups who fall under 720p Quality Tier 3', 0);
INSERT OR IGNORE INTO custom_format_tags (custom_format_name, tag_name) VALUES ('720p Quality Tier 3', 'GPPi');
INSERT OR IGNORE INTO custom_format_tags (custom_format_name, tag_name) VALUES ('720p Quality Tier 3', 'Release Group Tier');
INSERT OR IGNORE INTO custom_format_tags (custom_format_name, tag_name) VALUES ('720p Quality Tier 3', '720p');
INSERT OR IGNORE INTO custom_format_tags (custom_format_name, tag_name) VALUES ('720p Quality Tier 3', 'Quality');
INSERT OR REPLACE INTO custom_format_conditions (custom_format_name, name, type, arr_type, negate, required) VALUES ('720p Quality Tier 3', '720p', 'resolution', 'all', 0, 1);
INSERT OR REPLACE INTO condition_resolutions (custom_format_name, condition_name, resolution) VALUES ('720p Quality Tier 3', '720p', '720p');
INSERT OR REPLACE INTO custom_format_conditions (custom_format_name, name, type, arr_type, negate, required) VALUES ('720p Quality Tier 3', 'Not Remux', 'release_title', 'all', 1, 1);
INSERT OR REPLACE INTO condition_patterns (custom_format_name, condition_name, regular_expression_name) VALUES ('720p Quality Tier 3', 'Not Remux', 'Remux');
INSERT OR REPLACE INTO custom_format_conditions (custom_format_name, name, type, arr_type, negate, required) VALUES ('720p Quality Tier 3', 'Bluray', 'source', 'all', 0, 0);
INSERT OR REPLACE INTO condition_sources (custom_format_name, condition_name, source) VALUES ('720p Quality Tier 3', 'Bluray', 'bluray');
INSERT OR REPLACE INTO custom_format_conditions (custom_format_name, name, type, arr_type, negate, required) VALUES ('720p Quality Tier 3', 'WEBRip', 'source', 'all', 0, 0);
INSERT OR REPLACE INTO condition_sources (custom_format_name, condition_name, source) VALUES ('720p Quality Tier 3', 'WEBRip', 'webrip');
INSERT OR REPLACE INTO custom_format_conditions (custom_format_name, name, type, arr_type, negate, required) VALUES ('720p Quality Tier 3', 'BMF', 'release_group', 'all', 0, 0);
INSERT OR REPLACE INTO condition_patterns (custom_format_name, condition_name, regular_expression_name) VALUES ('720p Quality Tier 3', 'BMF', 'BMF');
INSERT OR REPLACE INTO custom_format_conditions (custom_format_name, name, type, arr_type, negate, required) VALUES ('720p Quality Tier 3', 'Geek', 'release_group', 'all', 0, 0);
INSERT OR REPLACE INTO condition_patterns (custom_format_name, condition_name, regular_expression_name) VALUES ('720p Quality Tier 3', 'Geek', 'Geek');
INSERT OR REPLACE INTO custom_format_conditions (custom_format_name, name, type, arr_type, negate, required) VALUES ('720p Quality Tier 3', 'LolHD', 'release_group', 'all', 0, 0);
INSERT OR REPLACE INTO condition_patterns (custom_format_name, condition_name, regular_expression_name) VALUES ('720p Quality Tier 3', 'LolHD', 'LolHD');
INSERT OR REPLACE INTO custom_format_conditions (custom_format_name, name, type, arr_type, negate, required) VALUES ('720p Quality Tier 3', 'NCmt', 'release_group', 'all', 0, 0);
INSERT OR REPLACE INTO condition_patterns (custom_format_name, condition_name, regular_expression_name) VALUES ('720p Quality Tier 3', 'NCmt', 'NCmt');
INSERT OR REPLACE INTO custom_format_conditions (custom_format_name, name, type, arr_type, negate, required) VALUES ('720p Quality Tier 3', 'Positive', 'release_group', 'all', 0, 0);
INSERT OR REPLACE INTO condition_patterns (custom_format_name, condition_name, regular_expression_name) VALUES ('720p Quality Tier 3', 'Positive', 'Positive');
INSERT OR REPLACE INTO custom_format_conditions (custom_format_name, name, type, arr_type, negate, required) VALUES ('720p Quality Tier 3', 'rightSIZE', 'release_group', 'all', 0, 0);
INSERT OR REPLACE INTO condition_patterns (custom_format_name, condition_name, regular_expression_name) VALUES ('720p Quality Tier 3', 'rightSIZE', 'rightSIZE');
INSERT OR REPLACE INTO custom_format_conditions (custom_format_name, name, type, arr_type, negate, required) VALUES ('720p Quality Tier 3', 'TBB', 'release_group', 'all', 0, 0);
INSERT OR REPLACE INTO condition_patterns (custom_format_name, condition_name, regular_expression_name) VALUES ('720p Quality Tier 3', 'TBB', 'TBB');
INSERT OR REPLACE INTO custom_formats (name, description, include_in_rename) VALUES ('720p Quality Tier 4', 'Matches release groups who fall under 720p Quality Tier 4', 0);
INSERT OR IGNORE INTO custom_format_tags (custom_format_name, tag_name) VALUES ('720p Quality Tier 4', 'GPPi');
INSERT OR IGNORE INTO custom_format_tags (custom_format_name, tag_name) VALUES ('720p Quality Tier 4', 'Release Group Tier');
INSERT OR IGNORE INTO custom_format_tags (custom_format_name, tag_name) VALUES ('720p Quality Tier 4', '720p');
INSERT OR IGNORE INTO custom_format_tags (custom_format_name, tag_name) VALUES ('720p Quality Tier 4', 'Quality');
INSERT OR REPLACE INTO custom_format_conditions (custom_format_name, name, type, arr_type, negate, required) VALUES ('720p Quality Tier 4', '720p', 'resolution', 'all', 0, 1);
INSERT OR REPLACE INTO condition_resolutions (custom_format_name, condition_name, resolution) VALUES ('720p Quality Tier 4', '720p', '720p');
INSERT OR REPLACE INTO custom_format_conditions (custom_format_name, name, type, arr_type, negate, required) VALUES ('720p Quality Tier 4', 'Not Remux', 'release_title', 'all', 1, 1);
INSERT OR REPLACE INTO condition_patterns (custom_format_name, condition_name, regular_expression_name) VALUES ('720p Quality Tier 4', 'Not Remux', 'Remux');
INSERT OR REPLACE INTO custom_format_conditions (custom_format_name, name, type, arr_type, negate, required) VALUES ('720p Quality Tier 4', 'Bluray', 'source', 'all', 0, 0);
INSERT OR REPLACE INTO condition_sources (custom_format_name, condition_name, source) VALUES ('720p Quality Tier 4', 'Bluray', 'bluray');
INSERT OR REPLACE INTO custom_format_conditions (custom_format_name, name, type, arr_type, negate, required) VALUES ('720p Quality Tier 4', 'WEBRip', 'source', 'all', 0, 0);
INSERT OR REPLACE INTO condition_sources (custom_format_name, condition_name, source) VALUES ('720p Quality Tier 4', 'WEBRip', 'webrip');
INSERT OR REPLACE INTO custom_format_conditions (custom_format_name, name, type, arr_type, negate, required) VALUES ('720p Quality Tier 4', 'Dariush', 'release_group', 'all', 0, 0);
INSERT OR REPLACE INTO condition_patterns (custom_format_name, condition_name, regular_expression_name) VALUES ('720p Quality Tier 4', 'Dariush', 'Dariush');
INSERT OR REPLACE INTO custom_format_conditions (custom_format_name, name, type, arr_type, negate, required) VALUES ('720p Quality Tier 4', 'decibeL', 'release_group', 'all', 0, 0);
INSERT OR REPLACE INTO condition_patterns (custom_format_name, condition_name, regular_expression_name) VALUES ('720p Quality Tier 4', 'decibeL', 'decibeL');
INSERT OR REPLACE INTO custom_format_conditions (custom_format_name, name, type, arr_type, negate, required) VALUES ('720p Quality Tier 4', 'D-ZON3', 'release_group', 'all', 0, 0);
INSERT OR REPLACE INTO condition_patterns (custom_format_name, condition_name, regular_expression_name) VALUES ('720p Quality Tier 4', 'D-ZON3', 'D-Z0N3');
INSERT OR REPLACE INTO custom_format_conditions (custom_format_name, name, type, arr_type, negate, required) VALUES ('720p Quality Tier 4', 'EA', 'release_group', 'all', 0, 0);
INSERT OR REPLACE INTO condition_patterns (custom_format_name, condition_name, regular_expression_name) VALUES ('720p Quality Tier 4', 'EA', 'EA');
INSERT OR REPLACE INTO custom_format_conditions (custom_format_name, name, type, arr_type, negate, required) VALUES ('720p Quality Tier 4', 'FoRM', 'release_group', 'all', 0, 0);
INSERT OR REPLACE INTO condition_patterns (custom_format_name, condition_name, regular_expression_name) VALUES ('720p Quality Tier 4', 'FoRM', 'FoRM');
INSERT OR REPLACE INTO custom_format_conditions (custom_format_name, name, type, arr_type, negate, required) VALUES ('720p Quality Tier 4', 'NTb', 'release_group', 'all', 0, 0);
INSERT OR REPLACE INTO condition_patterns (custom_format_name, condition_name, regular_expression_name) VALUES ('720p Quality Tier 4', 'NTb', 'NTb');
INSERT OR REPLACE INTO custom_format_conditions (custom_format_name, name, type, arr_type, negate, required) VALUES ('720p Quality Tier 4', 'PTer', 'release_group', 'all', 0, 0);
INSERT OR REPLACE INTO condition_patterns (custom_format_name, condition_name, regular_expression_name) VALUES ('720p Quality Tier 4', 'PTer', 'PTer');
INSERT OR REPLACE INTO custom_format_conditions (custom_format_name, name, type, arr_type, negate, required) VALUES ('720p Quality Tier 4', 'Skazhutin', 'release_group', 'all', 0, 0);
INSERT OR REPLACE INTO condition_patterns (custom_format_name, condition_name, regular_expression_name) VALUES ('720p Quality Tier 4', 'Skazhutin', 'Skazhutin');
INSERT OR REPLACE INTO custom_format_conditions (custom_format_name, name, type, arr_type, negate, required) VALUES ('720p Quality Tier 4', 'TDD', 'release_group', 'all', 0, 0);
INSERT OR REPLACE INTO condition_patterns (custom_format_name, condition_name, regular_expression_name) VALUES ('720p Quality Tier 4', 'TDD', 'TDD');
INSERT OR REPLACE INTO custom_format_conditions (custom_format_name, name, type, arr_type, negate, required) VALUES ('720p Quality Tier 4', 'ThD', 'release_group', 'all', 0, 0);
INSERT OR REPLACE INTO condition_patterns (custom_format_name, condition_name, regular_expression_name) VALUES ('720p Quality Tier 4', 'ThD', 'ThD');
INSERT OR REPLACE INTO custom_formats (name, description, include_in_rename) VALUES ('720p Quality Tier 5', 'Matches release groups who fall under 720p Quality Tier 5', 0);
INSERT OR IGNORE INTO custom_format_tags (custom_format_name, tag_name) VALUES ('720p Quality Tier 5', 'GPPi');
INSERT OR IGNORE INTO custom_format_tags (custom_format_name, tag_name) VALUES ('720p Quality Tier 5', 'Release Group Tier');
INSERT OR IGNORE INTO custom_format_tags (custom_format_name, tag_name) VALUES ('720p Quality Tier 5', '720p');
INSERT OR IGNORE INTO custom_format_tags (custom_format_name, tag_name) VALUES ('720p Quality Tier 5', 'Quality');
INSERT OR REPLACE INTO custom_format_conditions (custom_format_name, name, type, arr_type, negate, required) VALUES ('720p Quality Tier 5', '720p', 'resolution', 'all', 0, 1);
INSERT OR REPLACE INTO condition_resolutions (custom_format_name, condition_name, resolution) VALUES ('720p Quality Tier 5', '720p', '720p');
INSERT OR REPLACE INTO custom_format_conditions (custom_format_name, name, type, arr_type, negate, required) VALUES ('720p Quality Tier 5', 'Not Remux', 'release_title', 'all', 1, 1);
INSERT OR REPLACE INTO condition_patterns (custom_format_name, condition_name, regular_expression_name) VALUES ('720p Quality Tier 5', 'Not Remux', 'Remux');
INSERT OR REPLACE INTO custom_format_conditions (custom_format_name, name, type, arr_type, negate, required) VALUES ('720p Quality Tier 5', 'Bluray', 'source', 'all', 0, 0);
INSERT OR REPLACE INTO condition_sources (custom_format_name, condition_name, source) VALUES ('720p Quality Tier 5', 'Bluray', 'bluray');
INSERT OR REPLACE INTO custom_format_conditions (custom_format_name, name, type, arr_type, negate, required) VALUES ('720p Quality Tier 5', 'WEBRip', 'source', 'all', 0, 0);
INSERT OR REPLACE INTO condition_sources (custom_format_name, condition_name, source) VALUES ('720p Quality Tier 5', 'WEBRip', 'webrip');
INSERT OR REPLACE INTO custom_format_conditions (custom_format_name, name, type, arr_type, negate, required) VALUES ('720p Quality Tier 5', 'ATELiER', 'release_group', 'all', 0, 0);
INSERT OR REPLACE INTO condition_patterns (custom_format_name, condition_name, regular_expression_name) VALUES ('720p Quality Tier 5', 'ATELiER', 'ATELiER');
INSERT OR REPLACE INTO custom_format_conditions (custom_format_name, name, type, arr_type, negate, required) VALUES ('720p Quality Tier 5', 'BV', 'release_group', 'all', 0, 0);
INSERT OR REPLACE INTO condition_patterns (custom_format_name, condition_name, regular_expression_name) VALUES ('720p Quality Tier 5', 'BV', 'BV');
INSERT OR REPLACE INTO custom_format_conditions (custom_format_name, name, type, arr_type, negate, required) VALUES ('720p Quality Tier 5', 'Chotab', 'release_group', 'all', 0, 0);
INSERT OR REPLACE INTO condition_patterns (custom_format_name, condition_name, regular_expression_name) VALUES ('720p Quality Tier 5', 'Chotab', 'Chotab');
INSERT OR REPLACE INTO custom_format_conditions (custom_format_name, name, type, arr_type, negate, required) VALUES ('720p Quality Tier 5', 'de[42]', 'release_group', 'all', 0, 0);
INSERT OR REPLACE INTO condition_patterns (custom_format_name, condition_name, regular_expression_name) VALUES ('720p Quality Tier 5', 'de[42]', 'de[42]');
INSERT OR REPLACE INTO custom_format_conditions (custom_format_name, name, type, arr_type, negate, required) VALUES ('720p Quality Tier 5', 'EA', 'release_group', 'all', 0, 0);
INSERT OR REPLACE INTO condition_patterns (custom_format_name, condition_name, regular_expression_name) VALUES ('720p Quality Tier 5', 'EA', 'EA');
INSERT OR REPLACE INTO custom_format_conditions (custom_format_name, name, type, arr_type, negate, required) VALUES ('720p Quality Tier 5', 'EDPH', 'release_group', 'all', 0, 0);
INSERT OR REPLACE INTO condition_patterns (custom_format_name, condition_name, regular_expression_name) VALUES ('720p Quality Tier 5', 'EDPH', 'EDPH');
INSERT OR REPLACE INTO custom_format_conditions (custom_format_name, name, type, arr_type, negate, required) VALUES ('720p Quality Tier 5', 'E.N.D', 'release_group', 'all', 0, 0);
INSERT OR REPLACE INTO condition_patterns (custom_format_name, condition_name, regular_expression_name) VALUES ('720p Quality Tier 5', 'E.N.D', 'E.N.D');
INSERT OR REPLACE INTO custom_format_conditions (custom_format_name, name, type, arr_type, negate, required) VALUES ('720p Quality Tier 5', 'ESiR', 'release_group', 'all', 0, 0);
INSERT OR REPLACE INTO condition_patterns (custom_format_name, condition_name, regular_expression_name) VALUES ('720p Quality Tier 5', 'ESiR', 'ESiR');
INSERT OR REPLACE INTO custom_format_conditions (custom_format_name, name, type, arr_type, negate, required) VALUES ('720p Quality Tier 5', 'FraMeSToR', 'release_group', 'all', 0, 0);
INSERT OR REPLACE INTO condition_patterns (custom_format_name, condition_name, regular_expression_name) VALUES ('720p Quality Tier 5', 'FraMeSToR', 'FraMeSToR');
INSERT OR REPLACE INTO custom_format_conditions (custom_format_name, name, type, arr_type, negate, required) VALUES ('720p Quality Tier 5', 'GS88', 'release_group', 'all', 0, 0);
INSERT OR REPLACE INTO condition_patterns (custom_format_name, condition_name, regular_expression_name) VALUES ('720p Quality Tier 5', 'GS88', 'GS88');
INSERT OR REPLACE INTO custom_format_conditions (custom_format_name, name, type, arr_type, negate, required) VALUES ('720p Quality Tier 5', 'HDMaNiAcS', 'release_group', 'all', 0, 0);
INSERT OR REPLACE INTO condition_patterns (custom_format_name, condition_name, regular_expression_name) VALUES ('720p Quality Tier 5', 'HDMaNiAcS', 'HDMaNiAcS');
INSERT OR REPLACE INTO custom_format_conditions (custom_format_name, name, type, arr_type, negate, required) VALUES ('720p Quality Tier 5', 'HiP', 'release_group', 'all', 0, 0);
INSERT OR REPLACE INTO condition_patterns (custom_format_name, condition_name, regular_expression_name) VALUES ('720p Quality Tier 5', 'HiP', 'HiP');
INSERT OR REPLACE INTO custom_format_conditions (custom_format_name, name, type, arr_type, negate, required) VALUES ('720p Quality Tier 5', 'iFT', 'release_group', 'all', 0, 0);
INSERT OR REPLACE INTO condition_patterns (custom_format_name, condition_name, regular_expression_name) VALUES ('720p Quality Tier 5', 'iFT', 'iFT');
INSERT OR REPLACE INTO custom_format_conditions (custom_format_name, name, type, arr_type, negate, required) VALUES ('720p Quality Tier 5', 'KASHMiR', 'release_group', 'all', 0, 0);
INSERT OR REPLACE INTO condition_patterns (custom_format_name, condition_name, regular_expression_name) VALUES ('720p Quality Tier 5', 'KASHMiR', 'KASHMiR');
INSERT OR REPLACE INTO custom_format_conditions (custom_format_name, name, type, arr_type, negate, required) VALUES ('720p Quality Tier 5', 'LiNG', 'release_group', 'all', 0, 0);
INSERT OR REPLACE INTO condition_patterns (custom_format_name, condition_name, regular_expression_name) VALUES ('720p Quality Tier 5', 'LiNG', 'LiNG');
INSERT OR REPLACE INTO custom_format_conditions (custom_format_name, name, type, arr_type, negate, required) VALUES ('720p Quality Tier 5', 'LoRD', 'release_group', 'all', 0, 0);
INSERT OR REPLACE INTO condition_patterns (custom_format_name, condition_name, regular_expression_name) VALUES ('720p Quality Tier 5', 'LoRD', 'LoRD');
INSERT OR REPLACE INTO custom_format_conditions (custom_format_name, name, type, arr_type, negate, required) VALUES ('720p Quality Tier 5', 'nmd', 'release_group', 'all', 0, 0);
INSERT OR REPLACE INTO condition_patterns (custom_format_name, condition_name, regular_expression_name) VALUES ('720p Quality Tier 5', 'nmd', 'nmd');
INSERT OR REPLACE INTO custom_format_conditions (custom_format_name, name, type, arr_type, negate, required) VALUES ('720p Quality Tier 5', 'NyHD', 'release_group', 'all', 0, 0);
INSERT OR REPLACE INTO condition_patterns (custom_format_name, condition_name, regular_expression_name) VALUES ('720p Quality Tier 5', 'NyHD', 'NyHD');
INSERT OR REPLACE INTO custom_format_conditions (custom_format_name, name, type, arr_type, negate, required) VALUES ('720p Quality Tier 5', 'ORiGEN', 'release_group', 'all', 0, 0);
INSERT OR REPLACE INTO condition_patterns (custom_format_name, condition_name, regular_expression_name) VALUES ('720p Quality Tier 5', 'ORiGEN', 'ORiGEN');
INSERT OR REPLACE INTO custom_format_conditions (custom_format_name, name, type, arr_type, negate, required) VALUES ('720p Quality Tier 5', 'playHD', 'release_group', 'all', 0, 0);
INSERT OR REPLACE INTO condition_patterns (custom_format_name, condition_name, regular_expression_name) VALUES ('720p Quality Tier 5', 'playHD', 'playHD');
INSERT OR REPLACE INTO custom_format_conditions (custom_format_name, name, type, arr_type, negate, required) VALUES ('720p Quality Tier 5', 'RiCO', 'release_group', 'all', 0, 0);
INSERT OR REPLACE INTO condition_patterns (custom_format_name, condition_name, regular_expression_name) VALUES ('720p Quality Tier 5', 'RiCO', 'RiCO');
INSERT OR REPLACE INTO custom_format_conditions (custom_format_name, name, type, arr_type, negate, required) VALUES ('720p Quality Tier 5', 'RO', 'release_group', 'all', 0, 0);
INSERT OR REPLACE INTO condition_patterns (custom_format_name, condition_name, regular_expression_name) VALUES ('720p Quality Tier 5', 'RO', 'RO');
INSERT OR REPLACE INTO custom_format_conditions (custom_format_name, name, type, arr_type, negate, required) VALUES ('720p Quality Tier 5', 'rttr', 'release_group', 'all', 0, 0);
INSERT OR REPLACE INTO condition_patterns (custom_format_name, condition_name, regular_expression_name) VALUES ('720p Quality Tier 5', 'rttr', 'rttr');
INSERT OR REPLACE INTO custom_format_conditions (custom_format_name, name, type, arr_type, negate, required) VALUES ('720p Quality Tier 5', 'SaNcTi', 'release_group', 'all', 0, 0);
INSERT OR REPLACE INTO condition_patterns (custom_format_name, condition_name, regular_expression_name) VALUES ('720p Quality Tier 5', 'SaNcTi', 'SaNcTi');
INSERT OR REPLACE INTO custom_format_conditions (custom_format_name, name, type, arr_type, negate, required) VALUES ('720p Quality Tier 5', 'SPHD', 'release_group', 'all', 0, 0);
INSERT OR REPLACE INTO condition_patterns (custom_format_name, condition_name, regular_expression_name) VALUES ('720p Quality Tier 5', 'SPHD', 'SPHD');
INSERT OR REPLACE INTO custom_format_conditions (custom_format_name, name, type, arr_type, negate, required) VALUES ('720p Quality Tier 5', 'TnP', 'release_group', 'all', 0, 0);
INSERT OR REPLACE INTO condition_patterns (custom_format_name, condition_name, regular_expression_name) VALUES ('720p Quality Tier 5', 'TnP', 'TnP');
INSERT OR REPLACE INTO custom_format_conditions (custom_format_name, name, type, arr_type, negate, required) VALUES ('720p Quality Tier 5', 'W4NK3R', 'release_group', 'all', 0, 0);
INSERT OR REPLACE INTO condition_patterns (custom_format_name, condition_name, regular_expression_name) VALUES ('720p Quality Tier 5', 'W4NK3R', 'W4NK3R');
INSERT OR REPLACE INTO custom_format_conditions (custom_format_name, name, type, arr_type, negate, required) VALUES ('720p Quality Tier 5', 'WiLF', 'release_group', 'all', 0, 0);
INSERT OR REPLACE INTO condition_patterns (custom_format_name, condition_name, regular_expression_name) VALUES ('720p Quality Tier 5', 'WiLF', 'WiLF');
INSERT OR REPLACE INTO custom_format_conditions (custom_format_name, name, type, arr_type, negate, required) VALUES ('720p Quality Tier 5', 'WMING', 'release_group', 'all', 0, 0);
INSERT OR REPLACE INTO condition_patterns (custom_format_name, condition_name, regular_expression_name) VALUES ('720p Quality Tier 5', 'WMING', 'WMING');
INSERT OR REPLACE INTO custom_format_conditions (custom_format_name, name, type, arr_type, negate, required) VALUES ('720p Quality Tier 5', 'ZIMBO', 'release_group', 'all', 0, 0);
INSERT OR REPLACE INTO condition_patterns (custom_format_name, condition_name, regular_expression_name) VALUES ('720p Quality Tier 5', 'ZIMBO', 'ZIMBO');
INSERT OR REPLACE INTO custom_formats (name, description, include_in_rename) VALUES ('720p Quality Tier 6', 'Matches release groups who fall under 720p Quality Tier 6', 0);
INSERT OR IGNORE INTO custom_format_tags (custom_format_name, tag_name) VALUES ('720p Quality Tier 6', 'GPPi');
INSERT OR IGNORE INTO custom_format_tags (custom_format_name, tag_name) VALUES ('720p Quality Tier 6', 'Release Group Tier');
INSERT OR IGNORE INTO custom_format_tags (custom_format_name, tag_name) VALUES ('720p Quality Tier 6', '720p');
INSERT OR IGNORE INTO custom_format_tags (custom_format_name, tag_name) VALUES ('720p Quality Tier 6', 'Quality');
INSERT OR REPLACE INTO custom_format_conditions (custom_format_name, name, type, arr_type, negate, required) VALUES ('720p Quality Tier 6', '720p', 'resolution', 'all', 0, 1);
INSERT OR REPLACE INTO condition_resolutions (custom_format_name, condition_name, resolution) VALUES ('720p Quality Tier 6', '720p', '720p');
INSERT OR REPLACE INTO custom_format_conditions (custom_format_name, name, type, arr_type, negate, required) VALUES ('720p Quality Tier 6', 'Not Remux', 'release_title', 'all', 1, 1);
INSERT OR REPLACE INTO condition_patterns (custom_format_name, condition_name, regular_expression_name) VALUES ('720p Quality Tier 6', 'Not Remux', 'Remux');
INSERT OR REPLACE INTO custom_format_conditions (custom_format_name, name, type, arr_type, negate, required) VALUES ('720p Quality Tier 6', 'Bluray', 'source', 'all', 0, 0);
INSERT OR REPLACE INTO condition_sources (custom_format_name, condition_name, source) VALUES ('720p Quality Tier 6', 'Bluray', 'bluray');
INSERT OR REPLACE INTO custom_format_conditions (custom_format_name, name, type, arr_type, negate, required) VALUES ('720p Quality Tier 6', 'WEBRip', 'source', 'all', 0, 0);
INSERT OR REPLACE INTO condition_sources (custom_format_name, condition_name, source) VALUES ('720p Quality Tier 6', 'WEBRip', 'webrip');
INSERT OR REPLACE INTO custom_format_conditions (custom_format_name, name, type, arr_type, negate, required) VALUES ('720p Quality Tier 6', 'EuReKA', 'release_group', 'all', 0, 0);
INSERT OR REPLACE INTO condition_patterns (custom_format_name, condition_name, regular_expression_name) VALUES ('720p Quality Tier 6', 'EuReKA', 'EuReKA');
INSERT OR REPLACE INTO custom_format_conditions (custom_format_name, name, type, arr_type, negate, required) VALUES ('720p Quality Tier 6', 'HANDJOB', 'release_group', 'all', 0, 0);
INSERT OR REPLACE INTO condition_patterns (custom_format_name, condition_name, regular_expression_name) VALUES ('720p Quality Tier 6', 'HANDJOB', 'HANDJOB');
INSERT OR REPLACE INTO custom_format_conditions (custom_format_name, name, type, arr_type, negate, required) VALUES ('720p Quality Tier 6', 'Ivandro', 'release_group', 'all', 0, 0);
INSERT OR REPLACE INTO condition_patterns (custom_format_name, condition_name, regular_expression_name) VALUES ('720p Quality Tier 6', 'Ivandro', 'Ivandro');
INSERT OR REPLACE INTO custom_format_conditions (custom_format_name, name, type, arr_type, negate, required) VALUES ('720p Quality Tier 6', 'KnG', 'release_group', 'all', 0, 0);
INSERT OR REPLACE INTO condition_patterns (custom_format_name, condition_name, regular_expression_name) VALUES ('720p Quality Tier 6', 'KnG', 'KnG');
INSERT OR REPLACE INTO custom_format_conditions (custom_format_name, name, type, arr_type, negate, required) VALUES ('720p Quality Tier 6', 'LEGi0N', 'release_group', 'all', 0, 0);
INSERT OR REPLACE INTO condition_patterns (custom_format_name, condition_name, regular_expression_name) VALUES ('720p Quality Tier 6', 'LEGi0N', 'LEGi0N');
INSERT OR REPLACE INTO custom_format_conditions (custom_format_name, name, type, arr_type, negate, required) VALUES ('720p Quality Tier 6', 'Lulz', 'release_group', 'all', 0, 0);
INSERT OR REPLACE INTO condition_patterns (custom_format_name, condition_name, regular_expression_name) VALUES ('720p Quality Tier 6', 'Lulz', 'Lulz');
INSERT OR REPLACE INTO custom_format_conditions (custom_format_name, name, type, arr_type, negate, required) VALUES ('720p Quality Tier 6', 'MaG', 'release_group', 'all', 0, 0);
INSERT OR REPLACE INTO condition_patterns (custom_format_name, condition_name, regular_expression_name) VALUES ('720p Quality Tier 6', 'MaG', 'MaG');
INSERT OR REPLACE INTO custom_format_conditions (custom_format_name, name, type, arr_type, negate, required) VALUES ('720p Quality Tier 6', 'MTeam', 'release_group', 'all', 0, 0);
INSERT OR REPLACE INTO condition_patterns (custom_format_name, condition_name, regular_expression_name) VALUES ('720p Quality Tier 6', 'MTeam', 'MTeam');
INSERT OR REPLACE INTO custom_format_conditions (custom_format_name, name, type, arr_type, negate, required) VALUES ('720p Quality Tier 6', 'NiP', 'release_group', 'all', 0, 0);
INSERT OR REPLACE INTO condition_patterns (custom_format_name, condition_name, regular_expression_name) VALUES ('720p Quality Tier 6', 'NiP', 'NiP');
INSERT OR REPLACE INTO custom_format_conditions (custom_format_name, name, type, arr_type, negate, required) VALUES ('720p Quality Tier 6', 'PTP', 'release_group', 'all', 0, 0);
INSERT OR REPLACE INTO condition_patterns (custom_format_name, condition_name, regular_expression_name) VALUES ('720p Quality Tier 6', 'PTP', 'PTP');
INSERT OR REPLACE INTO custom_format_conditions (custom_format_name, name, type, arr_type, negate, required) VALUES ('720p Quality Tier 6', 'PuTao', 'release_group', 'all', 0, 0);
INSERT OR REPLACE INTO condition_patterns (custom_format_name, condition_name, regular_expression_name) VALUES ('720p Quality Tier 6', 'PuTao', 'PuTao');
INSERT OR REPLACE INTO custom_format_conditions (custom_format_name, name, type, arr_type, negate, required) VALUES ('720p Quality Tier 6', 'Slappy', 'release_group', 'all', 0, 0);
INSERT OR REPLACE INTO condition_patterns (custom_format_name, condition_name, regular_expression_name) VALUES ('720p Quality Tier 6', 'Slappy', 'Slappy');
INSERT OR REPLACE INTO custom_format_conditions (custom_format_name, name, type, arr_type, negate, required) VALUES ('720p Quality Tier 6', 'WiKi', 'release_group', 'all', 0, 0);
INSERT OR REPLACE INTO condition_patterns (custom_format_name, condition_name, regular_expression_name) VALUES ('720p Quality Tier 6', 'WiKi', 'WiKi');
INSERT OR REPLACE INTO custom_formats (name, description, include_in_rename) VALUES ('720p WEB-DL', 'Matches 720p WEB-DLs.', 0);
INSERT OR IGNORE INTO custom_format_tags (custom_format_name, tag_name) VALUES ('720p WEB-DL', 'Source');
INSERT OR REPLACE INTO custom_format_conditions (custom_format_name, name, type, arr_type, negate, required) VALUES ('720p WEB-DL', '720p', 'resolution', 'all', 0, 1);
INSERT OR REPLACE INTO condition_resolutions (custom_format_name, condition_name, resolution) VALUES ('720p WEB-DL', '720p', '720p');
INSERT OR REPLACE INTO custom_format_conditions (custom_format_name, name, type, arr_type, negate, required) VALUES ('720p WEB-DL', 'WEB-DL', 'source', 'all', 0, 1);
INSERT OR REPLACE INTO condition_sources (custom_format_name, condition_name, source) VALUES ('720p WEB-DL', 'WEB-DL', 'web_dl');
INSERT OR REPLACE INTO custom_formats (name, description, include_in_rename) VALUES ('720p WEBRip', 'Matches 720p WEBRips.', 0);
INSERT OR IGNORE INTO custom_format_tags (custom_format_name, tag_name) VALUES ('720p WEBRip', 'Source');
INSERT OR REPLACE INTO custom_format_conditions (custom_format_name, name, type, arr_type, negate, required) VALUES ('720p WEBRip', '720p', 'resolution', 'all', 0, 1);
INSERT OR REPLACE INTO condition_resolutions (custom_format_name, condition_name, resolution) VALUES ('720p WEBRip', '720p', '720p');
INSERT OR REPLACE INTO custom_format_conditions (custom_format_name, name, type, arr_type, negate, required) VALUES ('720p WEBRip', 'WEBRip', 'source', 'all', 0, 1);
INSERT OR REPLACE INTO condition_sources (custom_format_name, condition_name, source) VALUES ('720p WEBRip', 'WEBRip', 'webrip');
INSERT OR REPLACE INTO custom_formats (name, description, include_in_rename) VALUES ('AAC', 'Matches ''AAC'' Regex Pattern and negates any other audio types that might conflict.', 0);
INSERT OR IGNORE INTO custom_format_tags (custom_format_name, tag_name) VALUES ('AAC', 'Audio');
INSERT OR REPLACE INTO custom_format_conditions (custom_format_name, name, type, arr_type, negate, required) VALUES ('AAC', 'AAC', 'release_title', 'all', 0, 1);
INSERT OR REPLACE INTO condition_patterns (custom_format_name, condition_name, regular_expression_name) VALUES ('AAC', 'AAC', 'AAC');
INSERT OR REPLACE INTO custom_format_conditions (custom_format_name, name, type, arr_type, negate, required) VALUES ('AAC', 'Not Dolby Digital', 'release_title', 'all', 1, 1);
INSERT OR REPLACE INTO condition_patterns (custom_format_name, condition_name, regular_expression_name) VALUES ('AAC', 'Not Dolby Digital', 'Dolby Digital');
INSERT OR REPLACE INTO custom_format_conditions (custom_format_name, name, type, arr_type, negate, required) VALUES ('AAC', 'Not Dolby Digital +', 'release_title', 'all', 1, 1);
INSERT OR REPLACE INTO condition_patterns (custom_format_name, condition_name, regular_expression_name) VALUES ('AAC', 'Not Dolby Digital +', 'Dolby Digital +');
INSERT OR REPLACE INTO custom_format_conditions (custom_format_name, name, type, arr_type, negate, required) VALUES ('AAC', 'Not DTS', 'release_title', 'all', 1, 1);
INSERT OR REPLACE INTO condition_patterns (custom_format_name, condition_name, regular_expression_name) VALUES ('AAC', 'Not DTS', 'DTS');
INSERT OR REPLACE INTO custom_format_conditions (custom_format_name, name, type, arr_type, negate, required) VALUES ('AAC', 'Not FLAC', 'release_title', 'all', 1, 1);
INSERT OR REPLACE INTO condition_patterns (custom_format_name, condition_name, regular_expression_name) VALUES ('AAC', 'Not FLAC', 'FLAC');
INSERT OR REPLACE INTO custom_format_conditions (custom_format_name, name, type, arr_type, negate, required) VALUES ('AAC', 'Not PCM', 'release_title', 'all', 1, 1);
INSERT OR REPLACE INTO condition_patterns (custom_format_name, condition_name, regular_expression_name) VALUES ('AAC', 'Not PCM', 'PCM');
INSERT OR REPLACE INTO custom_format_conditions (custom_format_name, name, type, arr_type, negate, required) VALUES ('AAC', 'Not TrueHD', 'release_title', 'all', 1, 1);
INSERT OR REPLACE INTO condition_patterns (custom_format_name, condition_name, regular_expression_name) VALUES ('AAC', 'Not TrueHD', 'TrueHD');
INSERT OR IGNORE INTO custom_format_tests (custom_format_name, title, type, should_match, description) VALUES ('AAC', 'Un-Ex You 2025 1080p NF WEB-DL DD 5.1 H.264-FLUX', 'movie', 1, NULL);
INSERT OR IGNORE INTO custom_format_tests (custom_format_name, title, type, should_match, description) VALUES ('AAC', 'Un-Ex You 2025 1080p NF WEB-DL DD+ 5.1 H.264-FLUX', 'movie', 0, NULL);
INSERT OR REPLACE INTO custom_formats (name, description, include_in_rename) VALUES ('Amazon Enhancement', NULL, 0);
INSERT OR IGNORE INTO custom_format_tags (custom_format_name, tag_name) VALUES ('Amazon Enhancement', 'Enhancement');
INSERT OR REPLACE INTO custom_format_conditions (custom_format_name, name, type, arr_type, negate, required) VALUES ('Amazon Enhancement', 'Not 2160p', 'resolution', 'all', 1, 1);
INSERT OR REPLACE INTO condition_resolutions (custom_format_name, condition_name, resolution) VALUES ('Amazon Enhancement', 'Not 2160p', '2160p');
INSERT OR REPLACE INTO custom_format_conditions (custom_format_name, name, type, arr_type, negate, required) VALUES ('Amazon Enhancement', 'AMZN', 'release_title', 'all', 0, 1);
INSERT OR REPLACE INTO condition_patterns (custom_format_name, condition_name, regular_expression_name) VALUES ('Amazon Enhancement', 'AMZN', 'Amazon Prime');
INSERT OR REPLACE INTO custom_formats (name, description, include_in_rename) VALUES ('AMZN', 'Matches ''Amazon Prime'' WEB-DLs. Negates any encodes.', 0);
INSERT OR IGNORE INTO custom_format_tags (custom_format_name, tag_name) VALUES ('AMZN', 'Streaming Service');
INSERT OR IGNORE INTO custom_format_tags (custom_format_name, tag_name) VALUES ('AMZN', 'WEB-DL');
INSERT OR REPLACE INTO custom_format_conditions (custom_format_name, name, type, arr_type, negate, required) VALUES ('AMZN', 'AMZN Regex', 'release_title', 'all', 0, 1);
INSERT OR REPLACE INTO condition_patterns (custom_format_name, condition_name, regular_expression_name) VALUES ('AMZN', 'AMZN Regex', 'Amazon Prime');
INSERT OR REPLACE INTO custom_format_conditions (custom_format_name, name, type, arr_type, negate, required) VALUES ('AMZN', 'WEB-DL', 'source', 'all', 0, 0);
INSERT OR REPLACE INTO condition_sources (custom_format_name, condition_name, source) VALUES ('AMZN', 'WEB-DL', 'web_dl');
INSERT OR REPLACE INTO custom_format_conditions (custom_format_name, name, type, arr_type, negate, required) VALUES ('AMZN', 'WEBRip', 'source', 'all', 0, 0);
INSERT OR REPLACE INTO condition_sources (custom_format_name, condition_name, source) VALUES ('AMZN', 'WEBRip', 'webrip');
INSERT OR IGNORE INTO custom_format_tests (custom_format_name, title, type, should_match, description) VALUES ('AMZN', 'The Bad Guys (2022) (1080p AMZN Webrip x265 10bit EAC3 5 1 - ArcX)[TAoE]', 'movie', 0, NULL);
INSERT OR IGNORE INTO custom_format_tests (custom_format_name, title, type, should_match, description) VALUES ('AMZN', 'Top Gun Maverick (2022) IMAX (1080p AMZN WEB-DL x265 SDR DDP Atmos 5.1 English - Goki TAoE)', 'movie', 0, NULL);
INSERT OR REPLACE INTO custom_formats (name, description, include_in_rename) VALUES ('Anime Bluray Tier 1', 'Do not use Testing Purposes Only', 0);
INSERT OR IGNORE INTO custom_format_tags (custom_format_name, tag_name) VALUES ('Anime Bluray Tier 1', 'Anime');
INSERT OR REPLACE INTO custom_format_conditions (custom_format_name, name, type, arr_type, negate, required) VALUES ('Anime Bluray Tier 1', 'Bluray', 'source', 'all', 0, 1);
INSERT OR REPLACE INTO condition_sources (custom_format_name, condition_name, source) VALUES ('Anime Bluray Tier 1', 'Bluray', 'bluray');
INSERT OR REPLACE INTO custom_format_conditions (custom_format_name, name, type, arr_type, negate, required) VALUES ('Anime Bluray Tier 1', 'Not Remux', 'release_title', 'all', 1, 1);
INSERT OR REPLACE INTO condition_patterns (custom_format_name, condition_name, regular_expression_name) VALUES ('Anime Bluray Tier 1', 'Not Remux', 'Remux');
INSERT OR REPLACE INTO custom_format_conditions (custom_format_name, name, type, arr_type, negate, required) VALUES ('Anime Bluray Tier 1', 'LYS1TH3A', 'release_group', 'all', 0, 0);
INSERT OR REPLACE INTO condition_patterns (custom_format_name, condition_name, regular_expression_name) VALUES ('Anime Bluray Tier 1', 'LYS1TH3A', 'LYS1TH3A');
INSERT OR REPLACE INTO custom_format_conditions (custom_format_name, name, type, arr_type, negate, required) VALUES ('Anime Bluray Tier 1', 'MTBB', 'release_group', 'all', 0, 0);
INSERT OR REPLACE INTO condition_patterns (custom_format_name, condition_name, regular_expression_name) VALUES ('Anime Bluray Tier 1', 'MTBB', 'MTBB');
INSERT OR REPLACE INTO custom_format_conditions (custom_format_name, name, type, arr_type, negate, required) VALUES ('Anime Bluray Tier 1', 'OZR', 'release_group', 'all', 0, 0);
INSERT OR REPLACE INTO condition_patterns (custom_format_name, condition_name, regular_expression_name) VALUES ('Anime Bluray Tier 1', 'OZR', 'OZR');
INSERT OR REPLACE INTO custom_format_conditions (custom_format_name, name, type, arr_type, negate, required) VALUES ('Anime Bluray Tier 1', 'sam', 'release_group', 'all', 0, 0);
INSERT OR REPLACE INTO condition_patterns (custom_format_name, condition_name, regular_expression_name) VALUES ('Anime Bluray Tier 1', 'sam', 'sam');
INSERT OR REPLACE INTO custom_format_conditions (custom_format_name, name, type, arr_type, negate, required) VALUES ('Anime Bluray Tier 1', 'SCY', 'release_group', 'all', 0, 0);
INSERT OR REPLACE INTO condition_patterns (custom_format_name, condition_name, regular_expression_name) VALUES ('Anime Bluray Tier 1', 'SCY', 'SCY');
INSERT OR REPLACE INTO custom_format_conditions (custom_format_name, name, type, arr_type, negate, required) VALUES ('Anime Bluray Tier 1', 'smol', 'release_group', 'all', 0, 0);
INSERT OR REPLACE INTO condition_patterns (custom_format_name, condition_name, regular_expression_name) VALUES ('Anime Bluray Tier 1', 'smol', 'smol');
INSERT OR REPLACE INTO custom_format_conditions (custom_format_name, name, type, arr_type, negate, required) VALUES ('Anime Bluray Tier 1', 'Vodes', 'release_group', 'all', 0, 0);
INSERT OR REPLACE INTO condition_patterns (custom_format_name, condition_name, regular_expression_name) VALUES ('Anime Bluray Tier 1', 'Vodes', 'Vodes');
INSERT OR REPLACE INTO custom_formats (name, description, include_in_rename) VALUES ('Anime Bluray Tier 2', 'Do not use Testing Purposes Only', 0);
INSERT OR IGNORE INTO custom_format_tags (custom_format_name, tag_name) VALUES ('Anime Bluray Tier 2', 'Anime');
INSERT OR REPLACE INTO custom_format_conditions (custom_format_name, name, type, arr_type, negate, required) VALUES ('Anime Bluray Tier 2', 'Bluray', 'source', 'all', 0, 1);
INSERT OR REPLACE INTO condition_sources (custom_format_name, condition_name, source) VALUES ('Anime Bluray Tier 2', 'Bluray', 'bluray');
INSERT OR REPLACE INTO custom_format_conditions (custom_format_name, name, type, arr_type, negate, required) VALUES ('Anime Bluray Tier 2', 'Not Remux', 'release_title', 'all', 1, 1);
INSERT OR REPLACE INTO condition_patterns (custom_format_name, condition_name, regular_expression_name) VALUES ('Anime Bluray Tier 2', 'Not Remux', 'Remux');
INSERT OR REPLACE INTO custom_format_conditions (custom_format_name, name, type, arr_type, negate, required) VALUES ('Anime Bluray Tier 2', 'Arid', 'release_group', 'all', 0, 0);
INSERT OR REPLACE INTO condition_patterns (custom_format_name, condition_name, regular_expression_name) VALUES ('Anime Bluray Tier 2', 'Arid', 'Arid');
INSERT OR REPLACE INTO custom_format_conditions (custom_format_name, name, type, arr_type, negate, required) VALUES ('Anime Bluray Tier 2', 'Drag', 'release_group', 'all', 0, 0);
INSERT OR REPLACE INTO condition_patterns (custom_format_name, condition_name, regular_expression_name) VALUES ('Anime Bluray Tier 2', 'Drag', 'Drag');
INSERT OR REPLACE INTO custom_format_conditions (custom_format_name, name, type, arr_type, negate, required) VALUES ('Anime Bluray Tier 2', 'hydes', 'release_group', 'all', 0, 0);
INSERT OR REPLACE INTO condition_patterns (custom_format_name, condition_name, regular_expression_name) VALUES ('Anime Bluray Tier 2', 'hydes', 'hydes');
INSERT OR REPLACE INTO custom_format_conditions (custom_format_name, name, type, arr_type, negate, required) VALUES ('Anime Bluray Tier 2', 'Lulu', 'release_group', 'all', 0, 0);
INSERT OR REPLACE INTO condition_patterns (custom_format_name, condition_name, regular_expression_name) VALUES ('Anime Bluray Tier 2', 'Lulu', 'Lulu');
INSERT OR REPLACE INTO custom_format_conditions (custom_format_name, name, type, arr_type, negate, required) VALUES ('Anime Bluray Tier 2', 'Okay-Subs', 'release_group', 'all', 0, 0);
INSERT OR REPLACE INTO condition_patterns (custom_format_name, condition_name, regular_expression_name) VALUES ('Anime Bluray Tier 2', 'Okay-Subs', 'Okay-Subs');
INSERT OR REPLACE INTO custom_format_conditions (custom_format_name, name, type, arr_type, negate, required) VALUES ('Anime Bluray Tier 2', 'pog42', 'release_group', 'all', 0, 0);
INSERT OR REPLACE INTO condition_patterns (custom_format_name, condition_name, regular_expression_name) VALUES ('Anime Bluray Tier 2', 'pog42', 'pog42');
INSERT OR REPLACE INTO custom_format_conditions (custom_format_name, name, type, arr_type, negate, required) VALUES ('Anime Bluray Tier 2', 'UDF', 'release_group', 'all', 0, 0);
INSERT OR REPLACE INTO condition_patterns (custom_format_name, condition_name, regular_expression_name) VALUES ('Anime Bluray Tier 2', 'UDF', 'UDF');
INSERT OR REPLACE INTO custom_format_conditions (custom_format_name, name, type, arr_type, negate, required) VALUES ('Anime Bluray Tier 2', 'YURI', 'release_group', 'all', 0, 0);
INSERT OR REPLACE INTO condition_patterns (custom_format_name, condition_name, regular_expression_name) VALUES ('Anime Bluray Tier 2', 'YURI', 'YURI');
INSERT OR REPLACE INTO custom_format_conditions (custom_format_name, name, type, arr_type, negate, required) VALUES ('Anime Bluray Tier 2', 'ZR', 'release_group', 'all', 0, 0);
INSERT OR REPLACE INTO condition_patterns (custom_format_name, condition_name, regular_expression_name) VALUES ('Anime Bluray Tier 2', 'ZR', 'ZR');
INSERT OR REPLACE INTO custom_formats (name, description, include_in_rename) VALUES ('Anime Bluray Tier 3', 'Do not use Testing Purposes Only', 0);
INSERT OR IGNORE INTO custom_format_tags (custom_format_name, tag_name) VALUES ('Anime Bluray Tier 3', 'Anime');
INSERT OR REPLACE INTO custom_format_conditions (custom_format_name, name, type, arr_type, negate, required) VALUES ('Anime Bluray Tier 3', 'Bluray', 'source', 'all', 0, 1);
INSERT OR REPLACE INTO condition_sources (custom_format_name, condition_name, source) VALUES ('Anime Bluray Tier 3', 'Bluray', 'bluray');
INSERT OR REPLACE INTO custom_format_conditions (custom_format_name, name, type, arr_type, negate, required) VALUES ('Anime Bluray Tier 3', 'Not Remux', 'release_title', 'all', 1, 1);
INSERT OR REPLACE INTO condition_patterns (custom_format_name, condition_name, regular_expression_name) VALUES ('Anime Bluray Tier 3', 'Not Remux', 'Remux');
INSERT OR REPLACE INTO custom_format_conditions (custom_format_name, name, type, arr_type, negate, required) VALUES ('Anime Bluray Tier 3', 'CBT', 'release_group', 'all', 0, 0);
INSERT OR REPLACE INTO condition_patterns (custom_format_name, condition_name, regular_expression_name) VALUES ('Anime Bluray Tier 3', 'CBT', 'CBT');
INSERT OR REPLACE INTO custom_format_conditions (custom_format_name, name, type, arr_type, negate, required) VALUES ('Anime Bluray Tier 3', 'CTR', 'release_group', 'all', 0, 0);
INSERT OR REPLACE INTO condition_patterns (custom_format_name, condition_name, regular_expression_name) VALUES ('Anime Bluray Tier 3', 'CTR', 'CTR');
INSERT OR REPLACE INTO custom_format_conditions (custom_format_name, name, type, arr_type, negate, required) VALUES ('Anime Bluray Tier 3', 'Dekinai', 'release_group', 'all', 0, 0);
INSERT OR REPLACE INTO condition_patterns (custom_format_name, condition_name, regular_expression_name) VALUES ('Anime Bluray Tier 3', 'Dekinai', 'Dekinai');
INSERT OR REPLACE INTO custom_format_conditions (custom_format_name, name, type, arr_type, negate, required) VALUES ('Anime Bluray Tier 3', 'EXP', 'release_group', 'all', 0, 0);
INSERT OR REPLACE INTO condition_patterns (custom_format_name, condition_name, regular_expression_name) VALUES ('Anime Bluray Tier 3', 'EXP', 'EXP');
INSERT OR REPLACE INTO custom_format_conditions (custom_format_name, name, type, arr_type, negate, required) VALUES ('Anime Bluray Tier 3', 'Flugel', 'release_group', 'all', 0, 0);
INSERT OR REPLACE INTO condition_patterns (custom_format_name, condition_name, regular_expression_name) VALUES ('Anime Bluray Tier 3', 'Flugel', 'Flugel');
INSERT OR REPLACE INTO custom_format_conditions (custom_format_name, name, type, arr_type, negate, required) VALUES ('Anime Bluray Tier 3', 'Headpatter', 'release_group', 'all', 0, 0);
INSERT OR REPLACE INTO condition_patterns (custom_format_name, condition_name, regular_expression_name) VALUES ('Anime Bluray Tier 3', 'Headpatter', 'Headpatter');
INSERT OR REPLACE INTO custom_format_conditions (custom_format_name, name, type, arr_type, negate, required) VALUES ('Anime Bluray Tier 3', 'Holomux', 'release_group', 'all', 0, 0);
INSERT OR REPLACE INTO condition_patterns (custom_format_name, condition_name, regular_expression_name) VALUES ('Anime Bluray Tier 3', 'Holomux', 'Holomux');
INSERT OR REPLACE INTO custom_format_conditions (custom_format_name, name, type, arr_type, negate, required) VALUES ('Anime Bluray Tier 3', 'IK', 'release_group', 'all', 0, 0);
INSERT OR REPLACE INTO condition_patterns (custom_format_name, condition_name, regular_expression_name) VALUES ('Anime Bluray Tier 3', 'IK', 'IK');
INSERT OR REPLACE INTO custom_format_conditions (custom_format_name, name, type, arr_type, negate, required) VALUES ('Anime Bluray Tier 3', 'Kametsu', 'release_group', 'all', 0, 0);
INSERT OR REPLACE INTO condition_patterns (custom_format_name, condition_name, regular_expression_name) VALUES ('Anime Bluray Tier 3', 'Kametsu', 'Kametsu');
INSERT OR REPLACE INTO custom_format_conditions (custom_format_name, name, type, arr_type, negate, required) VALUES ('Anime Bluray Tier 3', 'KH', 'release_group', 'all', 0, 0);
INSERT OR REPLACE INTO condition_patterns (custom_format_name, condition_name, regular_expression_name) VALUES ('Anime Bluray Tier 3', 'KH', 'KH');
INSERT OR REPLACE INTO custom_format_conditions (custom_format_name, name, type, arr_type, negate, required) VALUES ('Anime Bluray Tier 3', 'kuchikirukia', 'release_group', 'all', 0, 0);
INSERT OR REPLACE INTO condition_patterns (custom_format_name, condition_name, regular_expression_name) VALUES ('Anime Bluray Tier 3', 'kuchikirukia', 'kuchikirukia');
INSERT OR REPLACE INTO custom_format_conditions (custom_format_name, name, type, arr_type, negate, required) VALUES ('Anime Bluray Tier 3', 'Mysteria', 'release_group', 'all', 0, 0);
INSERT OR REPLACE INTO condition_patterns (custom_format_name, condition_name, regular_expression_name) VALUES ('Anime Bluray Tier 3', 'Mysteria', 'Mysteria');
INSERT OR REPLACE INTO custom_format_conditions (custom_format_name, name, type, arr_type, negate, required) VALUES ('Anime Bluray Tier 3', 'Netaro', 'release_group', 'all', 0, 0);
INSERT OR REPLACE INTO condition_patterns (custom_format_name, condition_name, regular_expression_name) VALUES ('Anime Bluray Tier 3', 'Netaro', 'Netaro');
INSERT OR REPLACE INTO custom_format_conditions (custom_format_name, name, type, arr_type, negate, required) VALUES ('Anime Bluray Tier 3', 'Pookie', 'release_group', 'all', 0, 0);
INSERT OR REPLACE INTO condition_patterns (custom_format_name, condition_name, regular_expression_name) VALUES ('Anime Bluray Tier 3', 'Pookie', 'Pookie');
INSERT OR REPLACE INTO custom_format_conditions (custom_format_name, name, type, arr_type, negate, required) VALUES ('Anime Bluray Tier 3', 'Quetzal', 'release_group', 'all', 0, 0);
INSERT OR REPLACE INTO condition_patterns (custom_format_name, condition_name, regular_expression_name) VALUES ('Anime Bluray Tier 3', 'Quetzal', 'Quetzal');
INSERT OR REPLACE INTO custom_format_conditions (custom_format_name, name, type, arr_type, negate, required) VALUES ('Anime Bluray Tier 3', 'Rasetsu', 'release_group', 'all', 0, 0);
INSERT OR REPLACE INTO condition_patterns (custom_format_name, condition_name, regular_expression_name) VALUES ('Anime Bluray Tier 3', 'Rasetsu', 'Rasetsu');
INSERT OR REPLACE INTO custom_format_conditions (custom_format_name, name, type, arr_type, negate, required) VALUES ('Anime Bluray Tier 3', 'Senjou', 'release_group', 'all', 0, 0);
INSERT OR REPLACE INTO condition_patterns (custom_format_name, condition_name, regular_expression_name) VALUES ('Anime Bluray Tier 3', 'Senjou', 'Senjou');
INSERT OR REPLACE INTO custom_format_conditions (custom_format_name, name, type, arr_type, negate, required) VALUES ('Anime Bluray Tier 3', 'WBDP', 'release_group', 'all', 0, 0);
INSERT OR REPLACE INTO condition_patterns (custom_format_name, condition_name, regular_expression_name) VALUES ('Anime Bluray Tier 3', 'WBDP', 'WBDP');
INSERT OR REPLACE INTO custom_formats (name, description, include_in_rename) VALUES ('Anime Bluray Tier 4', 'Do not use Testing Purposes Only', 0);
INSERT OR IGNORE INTO custom_format_tags (custom_format_name, tag_name) VALUES ('Anime Bluray Tier 4', 'Anime');
INSERT OR REPLACE INTO custom_format_conditions (custom_format_name, name, type, arr_type, negate, required) VALUES ('Anime Bluray Tier 4', 'Bluray', 'source', 'all', 0, 1);
INSERT OR REPLACE INTO condition_sources (custom_format_name, condition_name, source) VALUES ('Anime Bluray Tier 4', 'Bluray', 'bluray');
INSERT OR REPLACE INTO custom_format_conditions (custom_format_name, name, type, arr_type, negate, required) VALUES ('Anime Bluray Tier 4', 'Not Remux', 'release_title', 'all', 1, 1);
INSERT OR REPLACE INTO condition_patterns (custom_format_name, condition_name, regular_expression_name) VALUES ('Anime Bluray Tier 4', 'Not Remux', 'Remux');
INSERT OR REPLACE INTO custom_format_conditions (custom_format_name, name, type, arr_type, negate, required) VALUES ('Anime Bluray Tier 4', '9volt', 'release_group', 'all', 0, 0);
INSERT OR REPLACE INTO condition_patterns (custom_format_name, condition_name, regular_expression_name) VALUES ('Anime Bluray Tier 4', '9volt', '9volt');
INSERT OR REPLACE INTO custom_format_conditions (custom_format_name, name, type, arr_type, negate, required) VALUES ('Anime Bluray Tier 4', 'AOmundson', 'release_group', 'all', 0, 0);
INSERT OR REPLACE INTO condition_patterns (custom_format_name, condition_name, regular_expression_name) VALUES ('Anime Bluray Tier 4', 'AOmundson', 'AOmundson');
INSERT OR REPLACE INTO custom_format_conditions (custom_format_name, name, type, arr_type, negate, required) VALUES ('Anime Bluray Tier 4', 'Asakura', 'release_group', 'all', 0, 0);
INSERT OR REPLACE INTO condition_patterns (custom_format_name, condition_name, regular_expression_name) VALUES ('Anime Bluray Tier 4', 'Asakura', 'Asakura');
INSERT OR REPLACE INTO custom_format_conditions (custom_format_name, name, type, arr_type, negate, required) VALUES ('Anime Bluray Tier 4', 'Cait-Sidhe', 'release_group', 'all', 0, 0);
INSERT OR REPLACE INTO condition_patterns (custom_format_name, condition_name, regular_expression_name) VALUES ('Anime Bluray Tier 4', 'Cait-Sidhe', 'Cait-Sidhe');
INSERT OR REPLACE INTO custom_format_conditions (custom_format_name, name, type, arr_type, negate, required) VALUES ('Anime Bluray Tier 4', 'Chihiro', 'release_group', 'all', 0, 0);
INSERT OR REPLACE INTO condition_patterns (custom_format_name, condition_name, regular_expression_name) VALUES ('Anime Bluray Tier 4', 'Chihiro', 'Chihiro');
INSERT OR REPLACE INTO custom_format_conditions (custom_format_name, name, type, arr_type, negate, required) VALUES ('Anime Bluray Tier 4', 'CoalGirls', 'release_group', 'all', 0, 0);
INSERT OR REPLACE INTO condition_patterns (custom_format_name, condition_name, regular_expression_name) VALUES ('Anime Bluray Tier 4', 'CoalGirls', 'CoalGirls');
INSERT OR REPLACE INTO custom_format_conditions (custom_format_name, name, type, arr_type, negate, required) VALUES ('Anime Bluray Tier 4', 'Commie', 'release_group', 'all', 0, 0);
INSERT OR REPLACE INTO condition_patterns (custom_format_name, condition_name, regular_expression_name) VALUES ('Anime Bluray Tier 4', 'Commie', 'Commie');
INSERT OR REPLACE INTO custom_format_conditions (custom_format_name, name, type, arr_type, negate, required) VALUES ('Anime Bluray Tier 4', 'deanzel', 'release_group', 'all', 0, 0);
INSERT OR REPLACE INTO condition_patterns (custom_format_name, condition_name, regular_expression_name) VALUES ('Anime Bluray Tier 4', 'deanzel', 'deanzel');
INSERT OR REPLACE INTO custom_format_conditions (custom_format_name, name, type, arr_type, negate, required) VALUES ('Anime Bluray Tier 4', 'Doki', 'release_group', 'all', 0, 0);
INSERT OR REPLACE INTO condition_patterns (custom_format_name, condition_name, regular_expression_name) VALUES ('Anime Bluray Tier 4', 'Doki', 'Doki');
INSERT OR REPLACE INTO custom_format_conditions (custom_format_name, name, type, arr_type, negate, required) VALUES ('Anime Bluray Tier 4', 'hchcsen', 'release_group', 'all', 0, 0);
INSERT OR REPLACE INTO condition_patterns (custom_format_name, condition_name, regular_expression_name) VALUES ('Anime Bluray Tier 4', 'hchcsen', 'hchcsen');
INSERT OR REPLACE INTO custom_format_conditions (custom_format_name, name, type, arr_type, negate, required) VALUES ('Anime Bluray Tier 4', 'Iznjie Biznjie', 'release_group', 'all', 0, 0);
INSERT OR REPLACE INTO condition_patterns (custom_format_name, condition_name, regular_expression_name) VALUES ('Anime Bluray Tier 4', 'Iznjie Biznjie', 'Iznjie Biznjie');
INSERT OR REPLACE INTO custom_format_conditions (custom_format_name, name, type, arr_type, negate, required) VALUES ('Anime Bluray Tier 4', 'Kaleido', 'release_group', 'all', 0, 0);
INSERT OR REPLACE INTO condition_patterns (custom_format_name, condition_name, regular_expression_name) VALUES ('Anime Bluray Tier 4', 'Kaleido', 'Kaleido');
INSERT OR REPLACE INTO custom_format_conditions (custom_format_name, name, type, arr_type, negate, required) VALUES ('Anime Bluray Tier 4', 'kBaraka', 'release_group', 'all', 0, 0);
INSERT OR REPLACE INTO condition_patterns (custom_format_name, condition_name, regular_expression_name) VALUES ('Anime Bluray Tier 4', 'kBaraka', 'kBaraka');
INSERT OR REPLACE INTO custom_format_conditions (custom_format_name, name, type, arr_type, negate, required) VALUES ('Anime Bluray Tier 4', 'kmplx', 'release_group', 'all', 0, 0);
INSERT OR REPLACE INTO condition_patterns (custom_format_name, condition_name, regular_expression_name) VALUES ('Anime Bluray Tier 4', 'kmplx', 'kmplx');
INSERT OR REPLACE INTO custom_format_conditions (custom_format_name, name, type, arr_type, negate, required) VALUES ('Anime Bluray Tier 4', 'Koten_Gars', 'release_group', 'all', 0, 0);
INSERT OR REPLACE INTO condition_patterns (custom_format_name, condition_name, regular_expression_name) VALUES ('Anime Bluray Tier 4', 'Koten_Gars', 'Koten_Gars');
INSERT OR REPLACE INTO custom_format_conditions (custom_format_name, name, type, arr_type, negate, required) VALUES ('Anime Bluray Tier 4', 'mottoj', 'release_group', 'all', 0, 0);
INSERT OR REPLACE INTO condition_patterns (custom_format_name, condition_name, regular_expression_name) VALUES ('Anime Bluray Tier 4', 'mottoj', 'mottoj');
INSERT OR REPLACE INTO custom_format_conditions (custom_format_name, name, type, arr_type, negate, required) VALUES ('Anime Bluray Tier 4', 'Orphan', 'release_group', 'all', 0, 0);
INSERT OR REPLACE INTO condition_patterns (custom_format_name, condition_name, regular_expression_name) VALUES ('Anime Bluray Tier 4', 'Orphan', 'Orphan');
INSERT OR REPLACE INTO custom_format_conditions (custom_format_name, name, type, arr_type, negate, required) VALUES ('Anime Bluray Tier 4', 'SallySubs', 'release_group', 'all', 0, 0);
INSERT OR REPLACE INTO condition_patterns (custom_format_name, condition_name, regular_expression_name) VALUES ('Anime Bluray Tier 4', 'SallySubs', 'SallySubs');
INSERT OR REPLACE INTO custom_format_conditions (custom_format_name, name, type, arr_type, negate, required) VALUES ('Anime Bluray Tier 4', 'THORA', 'release_group', 'all', 0, 0);
INSERT OR REPLACE INTO condition_patterns (custom_format_name, condition_name, regular_expression_name) VALUES ('Anime Bluray Tier 4', 'THORA', 'THORA');
INSERT OR REPLACE INTO custom_format_conditions (custom_format_name, name, type, arr_type, negate, required) VALUES ('Anime Bluray Tier 4', 'Tsundere', 'release_group', 'all', 0, 0);
INSERT OR REPLACE INTO condition_patterns (custom_format_name, condition_name, regular_expression_name) VALUES ('Anime Bluray Tier 4', 'Tsundere', 'Tsundere');
INSERT OR REPLACE INTO custom_formats (name, description, include_in_rename) VALUES ('Anime Bluray Tier 5', 'Do not use Testing Purposes Only', 0);
INSERT OR IGNORE INTO custom_format_tags (custom_format_name, tag_name) VALUES ('Anime Bluray Tier 5', 'Anime');
INSERT OR REPLACE INTO custom_format_conditions (custom_format_name, name, type, arr_type, negate, required) VALUES ('Anime Bluray Tier 5', 'Bluray', 'source', 'all', 0, 1);
INSERT OR REPLACE INTO condition_sources (custom_format_name, condition_name, source) VALUES ('Anime Bluray Tier 5', 'Bluray', 'bluray');
INSERT OR REPLACE INTO custom_format_conditions (custom_format_name, name, type, arr_type, negate, required) VALUES ('Anime Bluray Tier 5', 'Not Remux', 'release_title', 'all', 1, 1);
INSERT OR REPLACE INTO condition_patterns (custom_format_name, condition_name, regular_expression_name) VALUES ('Anime Bluray Tier 5', 'Not Remux', 'Remux');
INSERT OR REPLACE INTO custom_format_conditions (custom_format_name, name, type, arr_type, negate, required) VALUES ('Anime Bluray Tier 5', 'Almighty', 'release_group', 'all', 0, 0);
INSERT OR REPLACE INTO condition_patterns (custom_format_name, condition_name, regular_expression_name) VALUES ('Anime Bluray Tier 5', 'Almighty', 'Almighty');
INSERT OR REPLACE INTO custom_format_conditions (custom_format_name, name, type, arr_type, negate, required) VALUES ('Anime Bluray Tier 5', 'ANE', 'release_group', 'all', 0, 0);
INSERT OR REPLACE INTO condition_patterns (custom_format_name, condition_name, regular_expression_name) VALUES ('Anime Bluray Tier 5', 'ANE', 'ANE');
INSERT OR REPLACE INTO custom_format_conditions (custom_format_name, name, type, arr_type, negate, required) VALUES ('Anime Bluray Tier 5', 'BlurayDesuYo', 'release_group', 'all', 0, 0);
INSERT OR REPLACE INTO condition_patterns (custom_format_name, condition_name, regular_expression_name) VALUES ('Anime Bluray Tier 5', 'BlurayDesuYo', 'BlurayDesuYo');
INSERT OR REPLACE INTO custom_format_conditions (custom_format_name, name, type, arr_type, negate, required) VALUES ('Anime Bluray Tier 5', 'FFF', 'release_group', 'all', 0, 0);
INSERT OR REPLACE INTO condition_patterns (custom_format_name, condition_name, regular_expression_name) VALUES ('Anime Bluray Tier 5', 'FFF', 'FFF');
INSERT OR REPLACE INTO custom_format_conditions (custom_format_name, name, type, arr_type, negate, required) VALUES ('Anime Bluray Tier 5', 'Final8', 'release_group', 'all', 0, 0);
INSERT OR REPLACE INTO condition_patterns (custom_format_name, condition_name, regular_expression_name) VALUES ('Anime Bluray Tier 5', 'Final8', 'Final8');
INSERT OR REPLACE INTO custom_format_conditions (custom_format_name, name, type, arr_type, negate, required) VALUES ('Anime Bluray Tier 5', 'Raizel', 'release_group', 'all', 0, 0);
INSERT OR REPLACE INTO condition_patterns (custom_format_name, condition_name, regular_expression_name) VALUES ('Anime Bluray Tier 5', 'Raizel', 'Raizel');
INSERT OR REPLACE INTO custom_format_conditions (custom_format_name, name, type, arr_type, negate, required) VALUES ('Anime Bluray Tier 5', 'Saizen', 'release_group', 'all', 0, 0);
INSERT OR REPLACE INTO condition_patterns (custom_format_name, condition_name, regular_expression_name) VALUES ('Anime Bluray Tier 5', 'Saizen', 'Saizen');
INSERT OR REPLACE INTO custom_format_conditions (custom_format_name, name, type, arr_type, negate, required) VALUES ('Anime Bluray Tier 5', 'Zurako', 'release_group', 'all', 0, 0);
INSERT OR REPLACE INTO condition_patterns (custom_format_name, condition_name, regular_expression_name) VALUES ('Anime Bluray Tier 5', 'Zurako', 'Zurako');
INSERT OR REPLACE INTO custom_formats (name, description, include_in_rename) VALUES ('Anime WEB-DL Tier 1', 'Do not use Testing Purposes Only', 0);
INSERT OR IGNORE INTO custom_format_tags (custom_format_name, tag_name) VALUES ('Anime WEB-DL Tier 1', 'Anime');
INSERT OR REPLACE INTO custom_format_conditions (custom_format_name, name, type, arr_type, negate, required) VALUES ('Anime WEB-DL Tier 1', 'WEB-DL', 'source', 'all', 0, 0);
INSERT OR REPLACE INTO condition_sources (custom_format_name, condition_name, source) VALUES ('Anime WEB-DL Tier 1', 'WEB-DL', 'web_dl');
INSERT OR REPLACE INTO custom_format_conditions (custom_format_name, name, type, arr_type, negate, required) VALUES ('Anime WEB-DL Tier 1', 'WEB', 'source', 'all', 0, 0);
INSERT OR REPLACE INTO condition_sources (custom_format_name, condition_name, source) VALUES ('Anime WEB-DL Tier 1', 'WEB', 'television');
INSERT OR REPLACE INTO custom_format_conditions (custom_format_name, name, type, arr_type, negate, required) VALUES ('Anime WEB-DL Tier 1', 'Subsplease', 'release_title', 'all', 0, 0);
INSERT OR REPLACE INTO condition_patterns (custom_format_name, condition_name, regular_expression_name) VALUES ('Anime WEB-DL Tier 1', 'Subsplease', 'SubsPlease');
INSERT OR REPLACE INTO custom_formats (name, description, include_in_rename) VALUES ('Anime WEB-DL Tier 2', 'Do not use Testing Purposes Only', 0);
INSERT OR IGNORE INTO custom_format_tags (custom_format_name, tag_name) VALUES ('Anime WEB-DL Tier 2', 'Anime');
INSERT OR REPLACE INTO custom_format_conditions (custom_format_name, name, type, arr_type, negate, required) VALUES ('Anime WEB-DL Tier 2', 'WEB-DL', 'source', 'all', 0, 0);
INSERT OR REPLACE INTO condition_sources (custom_format_name, condition_name, source) VALUES ('Anime WEB-DL Tier 2', 'WEB-DL', 'web_dl');
INSERT OR REPLACE INTO custom_format_conditions (custom_format_name, name, type, arr_type, negate, required) VALUES ('Anime WEB-DL Tier 2', 'WEB', 'source', 'all', 0, 0);
INSERT OR REPLACE INTO condition_sources (custom_format_name, condition_name, source) VALUES ('Anime WEB-DL Tier 2', 'WEB', 'television');
INSERT OR REPLACE INTO custom_format_conditions (custom_format_name, name, type, arr_type, negate, required) VALUES ('Anime WEB-DL Tier 2', 'Erai-Raws', 'release_title', 'all', 0, 0);
INSERT OR REPLACE INTO condition_patterns (custom_format_name, condition_name, regular_expression_name) VALUES ('Anime WEB-DL Tier 2', 'Erai-Raws', 'Erai-Raws');
INSERT OR REPLACE INTO custom_format_conditions (custom_format_name, name, type, arr_type, negate, required) VALUES ('Anime WEB-DL Tier 2', 'HorribleSubs', 'release_title', 'all', 0, 0);
INSERT OR REPLACE INTO condition_patterns (custom_format_name, condition_name, regular_expression_name) VALUES ('Anime WEB-DL Tier 2', 'HorribleSubs', 'HorribleSubs');
INSERT OR REPLACE INTO custom_format_conditions (custom_format_name, name, type, arr_type, negate, required) VALUES ('Anime WEB-DL Tier 2', 'Subsplus+', 'release_title', 'all', 0, 0);
INSERT OR REPLACE INTO condition_patterns (custom_format_name, condition_name, regular_expression_name) VALUES ('Anime WEB-DL Tier 2', 'Subsplus+', 'SubsPlus+');
INSERT OR REPLACE INTO custom_format_conditions (custom_format_name, name, type, arr_type, negate, required) VALUES ('Anime WEB-DL Tier 2', 'VARYG', 'release_title', 'all', 0, 0);
INSERT OR REPLACE INTO condition_patterns (custom_format_name, condition_name, regular_expression_name) VALUES ('Anime WEB-DL Tier 2', 'VARYG', 'VARYG');
INSERT OR REPLACE INTO custom_formats (name, description, include_in_rename) VALUES ('ASL', NULL, 0);
INSERT OR REPLACE INTO custom_format_conditions (custom_format_name, name, type, arr_type, negate, required) VALUES ('ASL', 'ASL', 'release_title', 'all', 0, 1);
INSERT OR REPLACE INTO condition_patterns (custom_format_name, condition_name, regular_expression_name) VALUES ('ASL', 'ASL', 'ASL');
INSERT OR REPLACE INTO custom_formats (name, description, include_in_rename) VALUES ('Atmos (Missing)', 'Attempts to match releases which have Atmos (TrueHD 7.1) that don''t label it correctly.', 0);
INSERT OR IGNORE INTO custom_format_tags (custom_format_name, tag_name) VALUES ('Atmos (Missing)', 'Audio');
INSERT OR IGNORE INTO custom_format_tags (custom_format_name, tag_name) VALUES ('Atmos (Missing)', 'Dolby');
INSERT OR REPLACE INTO custom_format_conditions (custom_format_name, name, type, arr_type, negate, required) VALUES ('Atmos (Missing)', 'TrueHD', 'release_title', 'all', 0, 1);
INSERT OR REPLACE INTO condition_patterns (custom_format_name, condition_name, regular_expression_name) VALUES ('Atmos (Missing)', 'TrueHD', 'TrueHD');
INSERT OR REPLACE INTO custom_format_conditions (custom_format_name, name, type, arr_type, negate, required) VALUES ('Atmos (Missing)', '7.1 Surround', 'release_title', 'all', 0, 1);
INSERT OR REPLACE INTO condition_patterns (custom_format_name, condition_name, regular_expression_name) VALUES ('Atmos (Missing)', '7.1 Surround', '7.1 Surround');
INSERT OR REPLACE INTO custom_format_conditions (custom_format_name, name, type, arr_type, negate, required) VALUES ('Atmos (Missing)', 'Not Atmos', 'release_title', 'all', 1, 1);
INSERT OR REPLACE INTO condition_patterns (custom_format_name, condition_name, regular_expression_name) VALUES ('Atmos (Missing)', 'Not Atmos', 'Atmos');
INSERT OR REPLACE INTO custom_format_conditions (custom_format_name, name, type, arr_type, negate, required) VALUES ('Atmos (Missing)', 'Not Atmos (BTN)', 'release_title', 'all', 1, 1);
INSERT OR REPLACE INTO condition_patterns (custom_format_name, condition_name, regular_expression_name) VALUES ('Atmos (Missing)', 'Not Atmos (BTN)', 'BTN Atmos');
INSERT OR IGNORE INTO custom_format_tests (custom_format_name, title, type, should_match, description) VALUES ('Atmos (Missing)', 'House.of.the.Dragon.S01.DV.2160p.BluRay.Remux.TrueHDA7.1.H.265-TekMUX', 'movie', 0, NULL);
INSERT OR IGNORE INTO custom_format_tests (custom_format_name, title, type, should_match, description) VALUES ('Atmos (Missing)', 'House of the Dragon S01 UHD BluRay 2160p TrueHD Atmos 7.1 DV HEVC REMUX-FraMeSToR', 'movie', 0, NULL);
INSERT OR IGNORE INTO custom_format_tests (custom_format_name, title, type, should_match, description) VALUES ('Atmos (Missing)', 'Loki.S01.2160p.UHD.BluRay.Remux.TrueHDA.7.1.H.265-SiCFoI', 'movie', 0, NULL);
INSERT OR REPLACE INTO custom_formats (name, description, include_in_rename) VALUES ('Atmos', 'Matches ''Atmos'' Regex Pattern', 0);
INSERT OR IGNORE INTO custom_format_tags (custom_format_name, tag_name) VALUES ('Atmos', 'Audio');
INSERT OR IGNORE INTO custom_format_tags (custom_format_name, tag_name) VALUES ('Atmos', 'Dolby');
INSERT OR REPLACE INTO custom_format_conditions (custom_format_name, name, type, arr_type, negate, required) VALUES ('Atmos', 'Atmos', 'release_title', 'all', 0, 0);
INSERT OR REPLACE INTO condition_patterns (custom_format_name, condition_name, regular_expression_name) VALUES ('Atmos', 'Atmos', 'Atmos');
INSERT OR REPLACE INTO custom_format_conditions (custom_format_name, name, type, arr_type, negate, required) VALUES ('Atmos', 'Atmos (BTN Standard)', 'release_title', 'all', 0, 0);
INSERT OR REPLACE INTO condition_patterns (custom_format_name, condition_name, regular_expression_name) VALUES ('Atmos', 'Atmos (BTN Standard)', 'BTN Atmos');
INSERT OR IGNORE INTO custom_format_tests (custom_format_name, title, type, should_match, description) VALUES ('Atmos', 'House.of.the.Dragon.S01.DV.2160p.BluRay.Remux.TrueHDA7.1.H.265-TekMUX', 'movie', 1, NULL);
INSERT OR IGNORE INTO custom_format_tests (custom_format_name, title, type, should_match, description) VALUES ('Atmos', '	 House of the Dragon S01 UHD BluRay 2160p TrueHD Atmos 7.1 DV HEVC REMUX-FraMeSToR', 'movie', 1, NULL);
INSERT OR IGNORE INTO custom_format_tests (custom_format_name, title, type, should_match, description) VALUES ('Atmos', 'Loki.S01.2160p.UHD.BluRay.Remux.TrueHDA.7.1.H.265-SiCFoI', 'movie', 1, NULL);
INSERT OR REPLACE INTO custom_formats (name, description, include_in_rename) VALUES ('ATVP', 'Matches ''Apple TV+'' WEB-DLs. Negates any encodes.', 0);
INSERT OR IGNORE INTO custom_format_tags (custom_format_name, tag_name) VALUES ('ATVP', 'Streaming Service');
INSERT OR IGNORE INTO custom_format_tags (custom_format_name, tag_name) VALUES ('ATVP', 'WEB-DL');
INSERT OR REPLACE INTO custom_format_conditions (custom_format_name, name, type, arr_type, negate, required) VALUES ('ATVP', 'ATVP Regex', 'release_title', 'all', 0, 1);
INSERT OR REPLACE INTO condition_patterns (custom_format_name, condition_name, regular_expression_name) VALUES ('ATVP', 'ATVP Regex', 'Apple TV+');
INSERT OR REPLACE INTO custom_format_conditions (custom_format_name, name, type, arr_type, negate, required) VALUES ('ATVP', 'WEB-DL', 'source', 'all', 0, 0);
INSERT OR REPLACE INTO condition_sources (custom_format_name, condition_name, source) VALUES ('ATVP', 'WEB-DL', 'web_dl');
INSERT OR REPLACE INTO custom_format_conditions (custom_format_name, name, type, arr_type, negate, required) VALUES ('ATVP', 'WEBRip', 'source', 'all', 0, 0);
INSERT OR REPLACE INTO condition_sources (custom_format_name, condition_name, source) VALUES ('ATVP', 'WEBRip', 'webrip');
INSERT OR IGNORE INTO custom_format_tests (custom_format_name, title, type, should_match, description) VALUES ('ATVP', 'Little America 2020 S01 1080p APTV Webrip x265 10bit EAC3 5 1 - Ainz', 'movie', 0, NULL);
INSERT OR REPLACE INTO custom_formats (name, description, include_in_rename) VALUES ('AV1', 'Matches the ''AV1'' Regex Pattern', 0);
INSERT OR IGNORE INTO custom_format_tags (custom_format_name, tag_name) VALUES ('AV1', 'Codec');
INSERT OR IGNORE INTO custom_format_tags (custom_format_name, tag_name) VALUES ('AV1', 'Bleeding Edge');
INSERT OR REPLACE INTO custom_format_conditions (custom_format_name, name, type, arr_type, negate, required) VALUES ('AV1', 'AV1', 'release_title', 'all', 0, 1);
INSERT OR REPLACE INTO condition_patterns (custom_format_name, condition_name, regular_expression_name) VALUES ('AV1', 'AV1', 'AV1');
INSERT OR REPLACE INTO custom_formats (name, description, include_in_rename) VALUES ('B&W', 'Matches the ''B&W'' and ''Colour'' Regex Pattern', 0);
INSERT OR IGNORE INTO custom_format_tags (custom_format_name, tag_name) VALUES ('B&W', 'Banned');
INSERT OR IGNORE INTO custom_format_tags (custom_format_name, tag_name) VALUES ('B&W', 'Colour Grade');
INSERT OR IGNORE INTO custom_format_tags (custom_format_name, tag_name) VALUES ('B&W', 'Enhancement');
INSERT OR REPLACE INTO custom_format_conditions (custom_format_name, name, type, arr_type, negate, required) VALUES ('B&W', 'B&W', 'release_title', 'all', 0, 1);
INSERT OR REPLACE INTO condition_patterns (custom_format_name, condition_name, regular_expression_name) VALUES ('B&W', 'B&W', 'B&W');
INSERT OR REPLACE INTO custom_format_conditions (custom_format_name, name, type, arr_type, negate, required) VALUES ('B&W', 'Not Colour', 'release_title', 'all', 1, 1);
INSERT OR REPLACE INTO condition_patterns (custom_format_name, condition_name, regular_expression_name) VALUES ('B&W', 'Not Colour', 'Colourisation');
INSERT OR IGNORE INTO custom_format_tests (custom_format_name, title, type, should_match, description) VALUES ('B&W', 'Dracula (1931) B&W (Colourized Version)', 'movie', 0, NULL);
INSERT OR REPLACE INTO custom_formats (name, description, include_in_rename) VALUES ('Banned Groups (Efficient)', 'Matches Release Groups that are Banned', 0);
INSERT OR IGNORE INTO custom_format_tags (custom_format_name, tag_name) VALUES ('Banned Groups (Efficient)', 'Banned');
INSERT OR IGNORE INTO custom_format_tags (custom_format_name, tag_name) VALUES ('Banned Groups (Efficient)', 'Release Group');
INSERT OR REPLACE INTO custom_format_conditions (custom_format_name, name, type, arr_type, negate, required) VALUES ('Banned Groups (Efficient)', '4K4U', 'release_group', 'all', 0, 0);
INSERT OR REPLACE INTO condition_patterns (custom_format_name, condition_name, regular_expression_name) VALUES ('Banned Groups (Efficient)', '4K4U', '4K4U');
INSERT OR REPLACE INTO custom_format_conditions (custom_format_name, name, type, arr_type, negate, required) VALUES ('Banned Groups (Efficient)', 'AOC', 'release_group', 'all', 0, 0);
INSERT OR REPLACE INTO condition_patterns (custom_format_name, condition_name, regular_expression_name) VALUES ('Banned Groups (Efficient)', 'AOC', 'AOC');
INSERT OR REPLACE INTO custom_format_conditions (custom_format_name, name, type, arr_type, negate, required) VALUES ('Banned Groups (Efficient)', 'AROMA', 'release_group', 'all', 0, 0);
INSERT OR REPLACE INTO condition_patterns (custom_format_name, condition_name, regular_expression_name) VALUES ('Banned Groups (Efficient)', 'AROMA', 'AROMA');
INSERT OR REPLACE INTO custom_format_conditions (custom_format_name, name, type, arr_type, negate, required) VALUES ('Banned Groups (Efficient)', 'BeyondHD', 'release_group', 'all', 0, 0);
INSERT OR REPLACE INTO condition_patterns (custom_format_name, condition_name, regular_expression_name) VALUES ('Banned Groups (Efficient)', 'BeyondHD', 'BeyondHD');
INSERT OR REPLACE INTO custom_format_conditions (custom_format_name, name, type, arr_type, negate, required) VALUES ('Banned Groups (Efficient)', 'BiTOR', 'release_group', 'all', 0, 0);
INSERT OR REPLACE INTO condition_patterns (custom_format_name, condition_name, regular_expression_name) VALUES ('Banned Groups (Efficient)', 'BiTOR', 'BiTOR');
INSERT OR REPLACE INTO custom_format_conditions (custom_format_name, name, type, arr_type, negate, required) VALUES ('Banned Groups (Efficient)', 'BLASPHEMY', 'release_group', 'all', 0, 0);
INSERT OR REPLACE INTO condition_patterns (custom_format_name, condition_name, regular_expression_name) VALUES ('Banned Groups (Efficient)', 'BLASPHEMY', 'BLASPHEMY');
INSERT OR REPLACE INTO custom_format_conditions (custom_format_name, name, type, arr_type, negate, required) VALUES ('Banned Groups (Efficient)', 'BOLS', 'release_group', 'all', 0, 0);
INSERT OR REPLACE INTO condition_patterns (custom_format_name, condition_name, regular_expression_name) VALUES ('Banned Groups (Efficient)', 'BOLS', 'BOLS');
INSERT OR REPLACE INTO custom_format_conditions (custom_format_name, name, type, arr_type, negate, required) VALUES ('Banned Groups (Efficient)', 'BTM', 'release_group', 'all', 0, 0);
INSERT OR REPLACE INTO condition_patterns (custom_format_name, condition_name, regular_expression_name) VALUES ('Banned Groups (Efficient)', 'BTM', 'BTM');
INSERT OR REPLACE INTO custom_format_conditions (custom_format_name, name, type, arr_type, negate, required) VALUES ('Banned Groups (Efficient)', 'CLASSiCALHD', 'release_group', 'all', 0, 0);
INSERT OR REPLACE INTO condition_patterns (custom_format_name, condition_name, regular_expression_name) VALUES ('Banned Groups (Efficient)', 'CLASSiCALHD', 'CLASSiCALHD');
INSERT OR REPLACE INTO custom_format_conditions (custom_format_name, name, type, arr_type, negate, required) VALUES ('Banned Groups (Efficient)', 'CREATiVE24', 'release_group', 'all', 0, 0);
INSERT OR REPLACE INTO condition_patterns (custom_format_name, condition_name, regular_expression_name) VALUES ('Banned Groups (Efficient)', 'CREATiVE24', 'CREATiVE24');
INSERT OR REPLACE INTO custom_format_conditions (custom_format_name, name, type, arr_type, negate, required) VALUES ('Banned Groups (Efficient)', 'd3g', 'release_group', 'all', 0, 0);
INSERT OR REPLACE INTO condition_patterns (custom_format_name, condition_name, regular_expression_name) VALUES ('Banned Groups (Efficient)', 'd3g', 'd3g');
INSERT OR REPLACE INTO custom_format_conditions (custom_format_name, name, type, arr_type, negate, required) VALUES ('Banned Groups (Efficient)', 'DepraveD', 'release_group', 'all', 0, 0);
INSERT OR REPLACE INTO condition_patterns (custom_format_name, condition_name, regular_expression_name) VALUES ('Banned Groups (Efficient)', 'DepraveD', 'DepraveD');
INSERT OR REPLACE INTO custom_format_conditions (custom_format_name, name, type, arr_type, negate, required) VALUES ('Banned Groups (Efficient)', 'DeViSiVE', 'release_group', 'all', 0, 0);
INSERT OR REPLACE INTO condition_patterns (custom_format_name, condition_name, regular_expression_name) VALUES ('Banned Groups (Efficient)', 'DeViSiVE', 'DeViSiVE');
INSERT OR REPLACE INTO custom_format_conditions (custom_format_name, name, type, arr_type, negate, required) VALUES ('Banned Groups (Efficient)', 'DRX', 'release_group', 'all', 0, 0);
INSERT OR REPLACE INTO condition_patterns (custom_format_name, condition_name, regular_expression_name) VALUES ('Banned Groups (Efficient)', 'DRX', 'DRX');
INSERT OR REPLACE INTO custom_format_conditions (custom_format_name, name, type, arr_type, negate, required) VALUES ('Banned Groups (Efficient)', 'E', 'release_group', 'all', 0, 0);
INSERT OR REPLACE INTO condition_patterns (custom_format_name, condition_name, regular_expression_name) VALUES ('Banned Groups (Efficient)', 'E', 'E');
INSERT OR REPLACE INTO custom_format_conditions (custom_format_name, name, type, arr_type, negate, required) VALUES ('Banned Groups (Efficient)', 'FGT', 'release_group', 'all', 0, 0);
INSERT OR REPLACE INTO condition_patterns (custom_format_name, condition_name, regular_expression_name) VALUES ('Banned Groups (Efficient)', 'FGT', 'FGT');
INSERT OR REPLACE INTO custom_format_conditions (custom_format_name, name, type, arr_type, negate, required) VALUES ('Banned Groups (Efficient)', 'Flights', 'release_group', 'all', 0, 0);
INSERT OR REPLACE INTO condition_patterns (custom_format_name, condition_name, regular_expression_name) VALUES ('Banned Groups (Efficient)', 'Flights', 'Flights');
INSERT OR REPLACE INTO custom_format_conditions (custom_format_name, name, type, arr_type, negate, required) VALUES ('Banned Groups (Efficient)', 'HDS', 'release_group', 'all', 0, 0);
INSERT OR REPLACE INTO condition_patterns (custom_format_name, condition_name, regular_expression_name) VALUES ('Banned Groups (Efficient)', 'HDS', 'HDS');
INSERT OR REPLACE INTO custom_format_conditions (custom_format_name, name, type, arr_type, negate, required) VALUES ('Banned Groups (Efficient)', 'jennaortegaUHD', 'release_group', 'all', 0, 0);
INSERT OR REPLACE INTO condition_patterns (custom_format_name, condition_name, regular_expression_name) VALUES ('Banned Groups (Efficient)', 'jennaortegaUHD', 'jennaortegaUHD');
INSERT OR REPLACE INTO custom_format_conditions (custom_format_name, name, type, arr_type, negate, required) VALUES ('Banned Groups (Efficient)', 'KC', 'release_group', 'all', 0, 0);
INSERT OR REPLACE INTO condition_patterns (custom_format_name, condition_name, regular_expression_name) VALUES ('Banned Groups (Efficient)', 'KC', 'KC');
INSERT OR REPLACE INTO custom_format_conditions (custom_format_name, name, type, arr_type, negate, required) VALUES ('Banned Groups (Efficient)', 'LAMA', 'release_group', 'all', 0, 0);
INSERT OR REPLACE INTO condition_patterns (custom_format_name, condition_name, regular_expression_name) VALUES ('Banned Groups (Efficient)', 'LAMA', 'LAMA');
INSERT OR REPLACE INTO custom_format_conditions (custom_format_name, name, type, arr_type, negate, required) VALUES ('Banned Groups (Efficient)', 'MgB', 'release_group', 'all', 0, 0);
INSERT OR REPLACE INTO condition_patterns (custom_format_name, condition_name, regular_expression_name) VALUES ('Banned Groups (Efficient)', 'MgB', 'MgB');
INSERT OR REPLACE INTO custom_format_conditions (custom_format_name, name, type, arr_type, negate, required) VALUES ('Banned Groups (Efficient)', 'NAHOM', 'release_group', 'all', 0, 0);
INSERT OR REPLACE INTO condition_patterns (custom_format_name, condition_name, regular_expression_name) VALUES ('Banned Groups (Efficient)', 'NAHOM', 'NAHOM');
INSERT OR REPLACE INTO custom_format_conditions (custom_format_name, name, type, arr_type, negate, required) VALUES ('Banned Groups (Efficient)', 'NhaNc3', 'release_group', 'all', 0, 0);
INSERT OR REPLACE INTO condition_patterns (custom_format_name, condition_name, regular_expression_name) VALUES ('Banned Groups (Efficient)', 'NhaNc3', 'NhaNc3');
INSERT OR REPLACE INTO custom_format_conditions (custom_format_name, name, type, arr_type, negate, required) VALUES ('Banned Groups (Efficient)', 'OEPlus', 'release_group', 'all', 0, 0);
INSERT OR REPLACE INTO condition_patterns (custom_format_name, condition_name, regular_expression_name) VALUES ('Banned Groups (Efficient)', 'OEPlus', 'OEPlus');
INSERT OR REPLACE INTO custom_format_conditions (custom_format_name, name, type, arr_type, negate, required) VALUES ('Banned Groups (Efficient)', 'RARBG', 'release_group', 'all', 0, 0);
INSERT OR REPLACE INTO condition_patterns (custom_format_name, condition_name, regular_expression_name) VALUES ('Banned Groups (Efficient)', 'RARBG', 'RARBG');
INSERT OR REPLACE INTO custom_format_conditions (custom_format_name, name, type, arr_type, negate, required) VALUES ('Banned Groups (Efficient)', 'SasukeducK', 'release_group', 'all', 0, 0);
INSERT OR REPLACE INTO condition_patterns (custom_format_name, condition_name, regular_expression_name) VALUES ('Banned Groups (Efficient)', 'SasukeducK', 'SasukeducK');
INSERT OR REPLACE INTO custom_format_conditions (custom_format_name, name, type, arr_type, negate, required) VALUES ('Banned Groups (Efficient)', 'SHD', 'release_group', 'all', 0, 0);
INSERT OR REPLACE INTO condition_patterns (custom_format_name, condition_name, regular_expression_name) VALUES ('Banned Groups (Efficient)', 'SHD', 'SHD');
INSERT OR REPLACE INTO custom_format_conditions (custom_format_name, name, type, arr_type, negate, required) VALUES ('Banned Groups (Efficient)', 'ShieldBearer', 'release_group', 'all', 0, 0);
INSERT OR REPLACE INTO condition_patterns (custom_format_name, condition_name, regular_expression_name) VALUES ('Banned Groups (Efficient)', 'ShieldBearer', 'ShieldBearer');
INSERT OR REPLACE INTO custom_format_conditions (custom_format_name, name, type, arr_type, negate, required) VALUES ('Banned Groups (Efficient)', 'STUTTERSHIT', 'release_group', 'all', 0, 0);
INSERT OR REPLACE INTO condition_patterns (custom_format_name, condition_name, regular_expression_name) VALUES ('Banned Groups (Efficient)', 'STUTTERSHIT', 'STUTTERSHIT');
INSERT OR REPLACE INTO custom_format_conditions (custom_format_name, name, type, arr_type, negate, required) VALUES ('Banned Groups (Efficient)', 'tarunk9c', 'release_group', 'all', 0, 0);
INSERT OR REPLACE INTO condition_patterns (custom_format_name, condition_name, regular_expression_name) VALUES ('Banned Groups (Efficient)', 'tarunk9c', 'tarunk9c');
INSERT OR REPLACE INTO custom_format_conditions (custom_format_name, name, type, arr_type, negate, required) VALUES ('Banned Groups (Efficient)', 'TEKNO3D', 'release_group', 'all', 0, 0);
INSERT OR REPLACE INTO condition_patterns (custom_format_name, condition_name, regular_expression_name) VALUES ('Banned Groups (Efficient)', 'TEKNO3D', 'TEKNO3D');
INSERT OR REPLACE INTO custom_format_conditions (custom_format_name, name, type, arr_type, negate, required) VALUES ('Banned Groups (Efficient)', 'Telly', 'release_group', 'all', 0, 0);
INSERT OR REPLACE INTO condition_patterns (custom_format_name, condition_name, regular_expression_name) VALUES ('Banned Groups (Efficient)', 'Telly', 'Telly');
INSERT OR REPLACE INTO custom_format_conditions (custom_format_name, name, type, arr_type, negate, required) VALUES ('Banned Groups (Efficient)', 'TvR', 'release_group', 'all', 0, 0);
INSERT OR REPLACE INTO condition_patterns (custom_format_name, condition_name, regular_expression_name) VALUES ('Banned Groups (Efficient)', 'TvR', 'TvR');
INSERT OR REPLACE INTO custom_format_conditions (custom_format_name, name, type, arr_type, negate, required) VALUES ('Banned Groups (Efficient)', 'UnKn0wn', 'release_group', 'all', 0, 0);
INSERT OR REPLACE INTO condition_patterns (custom_format_name, condition_name, regular_expression_name) VALUES ('Banned Groups (Efficient)', 'UnKn0wn', 'UnKn0wn');
INSERT OR REPLACE INTO custom_format_conditions (custom_format_name, name, type, arr_type, negate, required) VALUES ('Banned Groups (Efficient)', 'VD0N', 'release_group', 'all', 0, 0);
INSERT OR REPLACE INTO condition_patterns (custom_format_name, condition_name, regular_expression_name) VALUES ('Banned Groups (Efficient)', 'VD0N', 'VD0N');
INSERT OR REPLACE INTO custom_format_conditions (custom_format_name, name, type, arr_type, negate, required) VALUES ('Banned Groups (Efficient)', 'VECTOR', 'release_group', 'all', 0, 0);
INSERT OR REPLACE INTO condition_patterns (custom_format_name, condition_name, regular_expression_name) VALUES ('Banned Groups (Efficient)', 'VECTOR', 'VECTOR');
INSERT OR REPLACE INTO custom_format_conditions (custom_format_name, name, type, arr_type, negate, required) VALUES ('Banned Groups (Efficient)', 'VisionXpert', 'release_group', 'all', 0, 0);
INSERT OR REPLACE INTO condition_patterns (custom_format_name, condition_name, regular_expression_name) VALUES ('Banned Groups (Efficient)', 'VisionXpert', 'VisionXpert');
INSERT OR REPLACE INTO custom_format_conditions (custom_format_name, name, type, arr_type, negate, required) VALUES ('Banned Groups (Efficient)', 'x0r', 'release_group', 'all', 0, 0);
INSERT OR REPLACE INTO condition_patterns (custom_format_name, condition_name, regular_expression_name) VALUES ('Banned Groups (Efficient)', 'x0r', 'x0r');
INSERT OR REPLACE INTO custom_format_conditions (custom_format_name, name, type, arr_type, negate, required) VALUES ('Banned Groups (Efficient)', 'YIFY', 'release_group', 'all', 0, 0);
INSERT OR REPLACE INTO condition_patterns (custom_format_name, condition_name, regular_expression_name) VALUES ('Banned Groups (Efficient)', 'YIFY', 'YIFY');
INSERT OR REPLACE INTO custom_format_conditions (custom_format_name, name, type, arr_type, negate, required) VALUES ('Banned Groups (Efficient)', 'YTS', 'release_group', 'all', 0, 0);
INSERT OR REPLACE INTO condition_patterns (custom_format_name, condition_name, regular_expression_name) VALUES ('Banned Groups (Efficient)', 'YTS', 'YTS');
INSERT OR REPLACE INTO custom_formats (name, description, include_in_rename) VALUES ('Banned Groups', 'Matches Release Groups that are Banned', 0);
INSERT OR IGNORE INTO custom_format_tags (custom_format_name, tag_name) VALUES ('Banned Groups', 'Banned');
INSERT OR IGNORE INTO custom_format_tags (custom_format_name, tag_name) VALUES ('Banned Groups', 'Release Group');
INSERT OR REPLACE INTO custom_format_conditions (custom_format_name, name, type, arr_type, negate, required) VALUES ('Banned Groups', 'Release Group (Missing)', 'release_group', 'all', 1, 0);
INSERT OR REPLACE INTO condition_patterns (custom_format_name, condition_name, regular_expression_name) VALUES ('Banned Groups', 'Release Group (Missing)', 'Release Group (Missing)');
INSERT OR REPLACE INTO custom_format_conditions (custom_format_name, name, type, arr_type, negate, required) VALUES ('Banned Groups', '4K4U', 'release_group', 'all', 0, 0);
INSERT OR REPLACE INTO condition_patterns (custom_format_name, condition_name, regular_expression_name) VALUES ('Banned Groups', '4K4U', '4K4U');
INSERT OR REPLACE INTO custom_format_conditions (custom_format_name, name, type, arr_type, negate, required) VALUES ('Banned Groups', 'AOC', 'release_group', 'all', 0, 0);
INSERT OR REPLACE INTO condition_patterns (custom_format_name, condition_name, regular_expression_name) VALUES ('Banned Groups', 'AOC', 'AOC');
INSERT OR REPLACE INTO custom_format_conditions (custom_format_name, name, type, arr_type, negate, required) VALUES ('Banned Groups', 'AROMA', 'release_group', 'all', 0, 0);
INSERT OR REPLACE INTO condition_patterns (custom_format_name, condition_name, regular_expression_name) VALUES ('Banned Groups', 'AROMA', 'AROMA');
INSERT OR REPLACE INTO custom_format_conditions (custom_format_name, name, type, arr_type, negate, required) VALUES ('Banned Groups', 'BeyondHD', 'release_group', 'all', 0, 0);
INSERT OR REPLACE INTO condition_patterns (custom_format_name, condition_name, regular_expression_name) VALUES ('Banned Groups', 'BeyondHD', 'BeyondHD');
INSERT OR REPLACE INTO custom_format_conditions (custom_format_name, name, type, arr_type, negate, required) VALUES ('Banned Groups', 'BiTOR', 'release_group', 'all', 0, 0);
INSERT OR REPLACE INTO condition_patterns (custom_format_name, condition_name, regular_expression_name) VALUES ('Banned Groups', 'BiTOR', 'BiTOR');
INSERT OR REPLACE INTO custom_format_conditions (custom_format_name, name, type, arr_type, negate, required) VALUES ('Banned Groups', 'BLASPHEMY', 'release_group', 'all', 0, 0);
INSERT OR REPLACE INTO condition_patterns (custom_format_name, condition_name, regular_expression_name) VALUES ('Banned Groups', 'BLASPHEMY', 'BLASPHEMY');
INSERT OR REPLACE INTO custom_format_conditions (custom_format_name, name, type, arr_type, negate, required) VALUES ('Banned Groups', 'BOLS', 'release_group', 'all', 0, 0);
INSERT OR REPLACE INTO condition_patterns (custom_format_name, condition_name, regular_expression_name) VALUES ('Banned Groups', 'BOLS', 'BOLS');
INSERT OR REPLACE INTO custom_format_conditions (custom_format_name, name, type, arr_type, negate, required) VALUES ('Banned Groups', 'BTM', 'release_group', 'all', 0, 0);
INSERT OR REPLACE INTO condition_patterns (custom_format_name, condition_name, regular_expression_name) VALUES ('Banned Groups', 'BTM', 'BTM');
INSERT OR REPLACE INTO custom_format_conditions (custom_format_name, name, type, arr_type, negate, required) VALUES ('Banned Groups', 'CLASSiCALHD', 'release_group', 'all', 0, 0);
INSERT OR REPLACE INTO condition_patterns (custom_format_name, condition_name, regular_expression_name) VALUES ('Banned Groups', 'CLASSiCALHD', 'CLASSiCALHD');
INSERT OR REPLACE INTO custom_format_conditions (custom_format_name, name, type, arr_type, negate, required) VALUES ('Banned Groups', 'CREATiVE24', 'release_group', 'all', 0, 0);
INSERT OR REPLACE INTO condition_patterns (custom_format_name, condition_name, regular_expression_name) VALUES ('Banned Groups', 'CREATiVE24', 'CREATiVE24');
INSERT OR REPLACE INTO custom_format_conditions (custom_format_name, name, type, arr_type, negate, required) VALUES ('Banned Groups', 'd3g', 'release_group', 'all', 0, 0);
INSERT OR REPLACE INTO condition_patterns (custom_format_name, condition_name, regular_expression_name) VALUES ('Banned Groups', 'd3g', 'd3g');
INSERT OR REPLACE INTO custom_format_conditions (custom_format_name, name, type, arr_type, negate, required) VALUES ('Banned Groups', 'DepraveD', 'release_group', 'all', 0, 0);
INSERT OR REPLACE INTO condition_patterns (custom_format_name, condition_name, regular_expression_name) VALUES ('Banned Groups', 'DepraveD', 'DepraveD');
INSERT OR REPLACE INTO custom_format_conditions (custom_format_name, name, type, arr_type, negate, required) VALUES ('Banned Groups', 'DeViSiVE', 'release_group', 'all', 0, 0);
INSERT OR REPLACE INTO condition_patterns (custom_format_name, condition_name, regular_expression_name) VALUES ('Banned Groups', 'DeViSiVE', 'DeViSiVE');
INSERT OR REPLACE INTO custom_format_conditions (custom_format_name, name, type, arr_type, negate, required) VALUES ('Banned Groups', 'DRX', 'release_group', 'all', 0, 0);
INSERT OR REPLACE INTO condition_patterns (custom_format_name, condition_name, regular_expression_name) VALUES ('Banned Groups', 'DRX', 'DRX');
INSERT OR REPLACE INTO custom_format_conditions (custom_format_name, name, type, arr_type, negate, required) VALUES ('Banned Groups', 'E', 'release_group', 'all', 0, 0);
INSERT OR REPLACE INTO condition_patterns (custom_format_name, condition_name, regular_expression_name) VALUES ('Banned Groups', 'E', 'E');
INSERT OR REPLACE INTO custom_format_conditions (custom_format_name, name, type, arr_type, negate, required) VALUES ('Banned Groups', 'FGT', 'release_group', 'all', 0, 0);
INSERT OR REPLACE INTO condition_patterns (custom_format_name, condition_name, regular_expression_name) VALUES ('Banned Groups', 'FGT', 'FGT');
INSERT OR REPLACE INTO custom_format_conditions (custom_format_name, name, type, arr_type, negate, required) VALUES ('Banned Groups', 'Flights', 'release_group', 'all', 0, 0);
INSERT OR REPLACE INTO condition_patterns (custom_format_name, condition_name, regular_expression_name) VALUES ('Banned Groups', 'Flights', 'Flights');
INSERT OR REPLACE INTO custom_format_conditions (custom_format_name, name, type, arr_type, negate, required) VALUES ('Banned Groups', 'HDS', 'release_group', 'all', 0, 0);
INSERT OR REPLACE INTO condition_patterns (custom_format_name, condition_name, regular_expression_name) VALUES ('Banned Groups', 'HDS', 'HDS');
INSERT OR REPLACE INTO custom_format_conditions (custom_format_name, name, type, arr_type, negate, required) VALUES ('Banned Groups', 'iVy', 'release_group', 'all', 0, 0);
INSERT OR REPLACE INTO condition_patterns (custom_format_name, condition_name, regular_expression_name) VALUES ('Banned Groups', 'iVy', 'iVy');
INSERT OR REPLACE INTO custom_format_conditions (custom_format_name, name, type, arr_type, negate, required) VALUES ('Banned Groups', 'jennaortegaUHD', 'release_group', 'all', 0, 0);
INSERT OR REPLACE INTO condition_patterns (custom_format_name, condition_name, regular_expression_name) VALUES ('Banned Groups', 'jennaortegaUHD', 'jennaortegaUHD');
INSERT OR REPLACE INTO custom_format_conditions (custom_format_name, name, type, arr_type, negate, required) VALUES ('Banned Groups', 'KC', 'release_group', 'all', 0, 0);
INSERT OR REPLACE INTO condition_patterns (custom_format_name, condition_name, regular_expression_name) VALUES ('Banned Groups', 'KC', 'KC');
INSERT OR REPLACE INTO custom_format_conditions (custom_format_name, name, type, arr_type, negate, required) VALUES ('Banned Groups', 'LAMA', 'release_group', 'all', 0, 0);
INSERT OR REPLACE INTO condition_patterns (custom_format_name, condition_name, regular_expression_name) VALUES ('Banned Groups', 'LAMA', 'LAMA');
INSERT OR REPLACE INTO custom_format_conditions (custom_format_name, name, type, arr_type, negate, required) VALUES ('Banned Groups', 'MeGusta', 'release_group', 'all', 0, 0);
INSERT OR REPLACE INTO condition_patterns (custom_format_name, condition_name, regular_expression_name) VALUES ('Banned Groups', 'MeGusta', 'MeGusta');
INSERT OR REPLACE INTO custom_format_conditions (custom_format_name, name, type, arr_type, negate, required) VALUES ('Banned Groups', 'MgB', 'release_group', 'all', 0, 0);
INSERT OR REPLACE INTO condition_patterns (custom_format_name, condition_name, regular_expression_name) VALUES ('Banned Groups', 'MgB', 'MgB');
INSERT OR REPLACE INTO custom_format_conditions (custom_format_name, name, type, arr_type, negate, required) VALUES ('Banned Groups', 'NAHOM', 'release_group', 'all', 0, 0);
INSERT OR REPLACE INTO condition_patterns (custom_format_name, condition_name, regular_expression_name) VALUES ('Banned Groups', 'NAHOM', 'NAHOM');
INSERT OR REPLACE INTO custom_format_conditions (custom_format_name, name, type, arr_type, negate, required) VALUES ('Banned Groups', 'NhaNc3', 'release_group', 'all', 0, 0);
INSERT OR REPLACE INTO condition_patterns (custom_format_name, condition_name, regular_expression_name) VALUES ('Banned Groups', 'NhaNc3', 'NhaNc3');
INSERT OR REPLACE INTO custom_format_conditions (custom_format_name, name, type, arr_type, negate, required) VALUES ('Banned Groups', 'NoGroup', 'release_group', 'all', 0, 0);
INSERT OR REPLACE INTO condition_patterns (custom_format_name, condition_name, regular_expression_name) VALUES ('Banned Groups', 'NoGroup', 'NoGroup');
INSERT OR REPLACE INTO custom_format_conditions (custom_format_name, name, type, arr_type, negate, required) VALUES ('Banned Groups', 'OEPlus', 'release_group', 'all', 0, 0);
INSERT OR REPLACE INTO condition_patterns (custom_format_name, condition_name, regular_expression_name) VALUES ('Banned Groups', 'OEPlus', 'OEPlus');
INSERT OR REPLACE INTO custom_format_conditions (custom_format_name, name, type, arr_type, negate, required) VALUES ('Banned Groups', 'PSA', 'release_group', 'all', 0, 0);
INSERT OR REPLACE INTO condition_patterns (custom_format_name, condition_name, regular_expression_name) VALUES ('Banned Groups', 'PSA', 'PSA');
INSERT OR REPLACE INTO custom_format_conditions (custom_format_name, name, type, arr_type, negate, required) VALUES ('Banned Groups', 'RARBG', 'release_group', 'all', 0, 0);
INSERT OR REPLACE INTO condition_patterns (custom_format_name, condition_name, regular_expression_name) VALUES ('Banned Groups', 'RARBG', 'RARBG');
INSERT OR REPLACE INTO custom_format_conditions (custom_format_name, name, type, arr_type, negate, required) VALUES ('Banned Groups', 'SasukeducK', 'release_group', 'all', 0, 0);
INSERT OR REPLACE INTO condition_patterns (custom_format_name, condition_name, regular_expression_name) VALUES ('Banned Groups', 'SasukeducK', 'SasukeducK');
INSERT OR REPLACE INTO custom_format_conditions (custom_format_name, name, type, arr_type, negate, required) VALUES ('Banned Groups', 'SHD', 'release_group', 'all', 0, 0);
INSERT OR REPLACE INTO condition_patterns (custom_format_name, condition_name, regular_expression_name) VALUES ('Banned Groups', 'SHD', 'SHD');
INSERT OR REPLACE INTO custom_format_conditions (custom_format_name, name, type, arr_type, negate, required) VALUES ('Banned Groups', 'ShieldBearer', 'release_group', 'all', 0, 0);
INSERT OR REPLACE INTO condition_patterns (custom_format_name, condition_name, regular_expression_name) VALUES ('Banned Groups', 'ShieldBearer', 'ShieldBearer');
INSERT OR REPLACE INTO custom_format_conditions (custom_format_name, name, type, arr_type, negate, required) VALUES ('Banned Groups', 'STUTTERSHIT', 'release_group', 'all', 0, 0);
INSERT OR REPLACE INTO condition_patterns (custom_format_name, condition_name, regular_expression_name) VALUES ('Banned Groups', 'STUTTERSHIT', 'STUTTERSHIT');
INSERT OR REPLACE INTO custom_format_conditions (custom_format_name, name, type, arr_type, negate, required) VALUES ('Banned Groups', 'tarunk9c', 'release_group', 'all', 0, 0);
INSERT OR REPLACE INTO condition_patterns (custom_format_name, condition_name, regular_expression_name) VALUES ('Banned Groups', 'tarunk9c', 'tarunk9c');
INSERT OR REPLACE INTO custom_format_conditions (custom_format_name, name, type, arr_type, negate, required) VALUES ('Banned Groups', 'TEKNO3D', 'release_group', 'all', 0, 0);
INSERT OR REPLACE INTO condition_patterns (custom_format_name, condition_name, regular_expression_name) VALUES ('Banned Groups', 'TEKNO3D', 'TEKNO3D');
INSERT OR REPLACE INTO custom_format_conditions (custom_format_name, name, type, arr_type, negate, required) VALUES ('Banned Groups', 'Telly', 'release_group', 'all', 0, 0);
INSERT OR REPLACE INTO condition_patterns (custom_format_name, condition_name, regular_expression_name) VALUES ('Banned Groups', 'Telly', 'Telly');
INSERT OR REPLACE INTO custom_format_conditions (custom_format_name, name, type, arr_type, negate, required) VALUES ('Banned Groups', 'TvR', 'release_group', 'all', 0, 0);
INSERT OR REPLACE INTO condition_patterns (custom_format_name, condition_name, regular_expression_name) VALUES ('Banned Groups', 'TvR', 'TvR');
INSERT OR REPLACE INTO custom_format_conditions (custom_format_name, name, type, arr_type, negate, required) VALUES ('Banned Groups', 'UnKn0wn', 'release_group', 'all', 0, 0);
INSERT OR REPLACE INTO condition_patterns (custom_format_name, condition_name, regular_expression_name) VALUES ('Banned Groups', 'UnKn0wn', 'UnKn0wn');
INSERT OR REPLACE INTO custom_format_conditions (custom_format_name, name, type, arr_type, negate, required) VALUES ('Banned Groups', 'VD0N', 'release_group', 'all', 0, 0);
INSERT OR REPLACE INTO condition_patterns (custom_format_name, condition_name, regular_expression_name) VALUES ('Banned Groups', 'VD0N', 'VD0N');
INSERT OR REPLACE INTO custom_format_conditions (custom_format_name, name, type, arr_type, negate, required) VALUES ('Banned Groups', 'VECTOR', 'release_group', 'all', 0, 0);
INSERT OR REPLACE INTO condition_patterns (custom_format_name, condition_name, regular_expression_name) VALUES ('Banned Groups', 'VECTOR', 'VECTOR');
INSERT OR REPLACE INTO custom_format_conditions (custom_format_name, name, type, arr_type, negate, required) VALUES ('Banned Groups', 'VisionXpert', 'release_group', 'all', 0, 0);
INSERT OR REPLACE INTO condition_patterns (custom_format_name, condition_name, regular_expression_name) VALUES ('Banned Groups', 'VisionXpert', 'VisionXpert');
INSERT OR REPLACE INTO custom_format_conditions (custom_format_name, name, type, arr_type, negate, required) VALUES ('Banned Groups', 'x0r', 'release_group', 'all', 0, 0);
INSERT OR REPLACE INTO condition_patterns (custom_format_name, condition_name, regular_expression_name) VALUES ('Banned Groups', 'x0r', 'x0r');
INSERT OR REPLACE INTO custom_format_conditions (custom_format_name, name, type, arr_type, negate, required) VALUES ('Banned Groups', 'YIFY', 'release_group', 'all', 0, 0);
INSERT OR REPLACE INTO condition_patterns (custom_format_name, condition_name, regular_expression_name) VALUES ('Banned Groups', 'YIFY', 'YIFY');
INSERT OR REPLACE INTO custom_format_conditions (custom_format_name, name, type, arr_type, negate, required) VALUES ('Banned Groups', 'YTS', 'release_group', 'all', 0, 0);
INSERT OR REPLACE INTO condition_patterns (custom_format_name, condition_name, regular_expression_name) VALUES ('Banned Groups', 'YTS', 'YTS');
INSERT OR REPLACE INTO custom_formats (name, description, include_in_rename) VALUES ('Banned Remux', 'Matches otherwise unfavourable remux groups - bloated audio tracks, fake HDR, etc.', 0);
INSERT OR IGNORE INTO custom_format_tags (custom_format_name, tag_name) VALUES ('Banned Remux', 'Banned');
INSERT OR IGNORE INTO custom_format_tags (custom_format_name, tag_name) VALUES ('Banned Remux', 'Release Group');
INSERT OR REPLACE INTO custom_format_conditions (custom_format_name, name, type, arr_type, negate, required) VALUES ('Banned Remux', 'Remux', 'release_title', 'all', 0, 1);
INSERT OR REPLACE INTO condition_patterns (custom_format_name, condition_name, regular_expression_name) VALUES ('Banned Remux', 'Remux', 'Remux');
INSERT OR REPLACE INTO custom_format_conditions (custom_format_name, name, type, arr_type, negate, required) VALUES ('Banned Remux', 'Not DVD', 'source', 'all', 1, 1);
INSERT OR REPLACE INTO condition_sources (custom_format_name, condition_name, source) VALUES ('Banned Remux', 'Not DVD', 'dvd');
INSERT OR REPLACE INTO custom_format_conditions (custom_format_name, name, type, arr_type, negate, required) VALUES ('Banned Remux', 'LEGi0N', 'release_group', 'all', 0, 0);
INSERT OR REPLACE INTO condition_patterns (custom_format_name, condition_name, regular_expression_name) VALUES ('Banned Remux', 'LEGi0N', 'LEGi0N');
INSERT OR REPLACE INTO custom_formats (name, description, include_in_rename) VALUES ('Banned UHD Bluray', 'Matches UHD Bluray releases that are not from a quality tier', 0);
INSERT OR IGNORE INTO custom_format_tags (custom_format_name, tag_name) VALUES ('Banned UHD Bluray', 'Banned');
INSERT OR IGNORE INTO custom_format_tags (custom_format_name, tag_name) VALUES ('Banned UHD Bluray', 'Release Group');
INSERT OR REPLACE INTO custom_format_conditions (custom_format_name, name, type, arr_type, negate, required) VALUES ('Banned UHD Bluray', 'UHD Bluray', 'release_title', 'all', 0, 1);
INSERT OR REPLACE INTO condition_patterns (custom_format_name, condition_name, regular_expression_name) VALUES ('Banned UHD Bluray', 'UHD Bluray', 'UHD Bluray');
INSERT OR REPLACE INTO custom_format_conditions (custom_format_name, name, type, arr_type, negate, required) VALUES ('Banned UHD Bluray', 'Not 2160p', 'resolution', 'all', 1, 1);
INSERT OR REPLACE INTO condition_resolutions (custom_format_name, condition_name, resolution) VALUES ('Banned UHD Bluray', 'Not 2160p', '2160p');
INSERT OR REPLACE INTO custom_format_conditions (custom_format_name, name, type, arr_type, negate, required) VALUES ('Banned UHD Bluray', 'Release Groups', 'release_group', 'all', 1, 1);
INSERT OR REPLACE INTO condition_patterns (custom_format_name, condition_name, regular_expression_name) VALUES ('Banned UHD Bluray', 'Release Groups', 'UHD Bluray Release Groups');
INSERT OR REPLACE INTO custom_formats (name, description, include_in_rename) VALUES ('Banned WEBRip (Efficient)', 'Matches WEBRip releases that are not from a quality tier', 0);
INSERT OR IGNORE INTO custom_format_tags (custom_format_name, tag_name) VALUES ('Banned WEBRip (Efficient)', 'Banned');
INSERT OR IGNORE INTO custom_format_tags (custom_format_name, tag_name) VALUES ('Banned WEBRip (Efficient)', 'Release Group');
INSERT OR REPLACE INTO custom_format_conditions (custom_format_name, name, type, arr_type, negate, required) VALUES ('Banned WEBRip (Efficient)', 'WEBRip', 'source', 'all', 0, 1);
INSERT OR REPLACE INTO condition_sources (custom_format_name, condition_name, source) VALUES ('Banned WEBRip (Efficient)', 'WEBRip', 'webrip');
INSERT OR REPLACE INTO custom_format_conditions (custom_format_name, name, type, arr_type, negate, required) VALUES ('Banned WEBRip (Efficient)', 'Not 2160p', 'resolution', 'all', 1, 1);
INSERT OR REPLACE INTO condition_resolutions (custom_format_name, condition_name, resolution) VALUES ('Banned WEBRip (Efficient)', 'Not 2160p', '2160p');
INSERT OR REPLACE INTO custom_format_conditions (custom_format_name, name, type, arr_type, negate, required) VALUES ('Banned WEBRip (Efficient)', 'Not 1080p', 'resolution', 'all', 1, 1);
INSERT OR REPLACE INTO condition_resolutions (custom_format_name, condition_name, resolution) VALUES ('Banned WEBRip (Efficient)', 'Not 1080p', '1080p');
INSERT OR REPLACE INTO custom_format_conditions (custom_format_name, name, type, arr_type, negate, required) VALUES ('Banned WEBRip (Efficient)', 'Release Groups', 'release_group', 'all', 1, 1);
INSERT OR REPLACE INTO condition_patterns (custom_format_name, condition_name, regular_expression_name) VALUES ('Banned WEBRip (Efficient)', 'Release Groups', 'UHD WEBRip Release Groups');
INSERT OR REPLACE INTO custom_formats (name, description, include_in_rename) VALUES ('Banned WEBRip', 'Matches WEBRip releases that are not from a quality tier', 0);
INSERT OR IGNORE INTO custom_format_tags (custom_format_name, tag_name) VALUES ('Banned WEBRip', 'Banned');
INSERT OR IGNORE INTO custom_format_tags (custom_format_name, tag_name) VALUES ('Banned WEBRip', 'Release Group');
INSERT OR REPLACE INTO custom_format_conditions (custom_format_name, name, type, arr_type, negate, required) VALUES ('Banned WEBRip', 'WEBRip', 'source', 'all', 0, 1);
INSERT OR REPLACE INTO condition_sources (custom_format_name, condition_name, source) VALUES ('Banned WEBRip', 'WEBRip', 'webrip');
INSERT OR REPLACE INTO custom_format_conditions (custom_format_name, name, type, arr_type, negate, required) VALUES ('Banned WEBRip', 'Release Groups', 'release_group', 'all', 1, 1);
INSERT OR REPLACE INTO condition_patterns (custom_format_name, condition_name, regular_expression_name) VALUES ('Banned WEBRip', 'Release Groups', 'UHD WEBRip Release Groups');
INSERT OR REPLACE INTO custom_formats (name, description, include_in_rename) VALUES ('BCORE', 'Matches ''Bravia Core'' WEB-DLs. Negates any encodes.', 0);
INSERT OR IGNORE INTO custom_format_tags (custom_format_name, tag_name) VALUES ('BCORE', 'Streaming Service');
INSERT OR IGNORE INTO custom_format_tags (custom_format_name, tag_name) VALUES ('BCORE', 'WEB-DL');
INSERT OR REPLACE INTO custom_format_conditions (custom_format_name, name, type, arr_type, negate, required) VALUES ('BCORE', 'BCORE Regex', 'release_title', 'all', 0, 1);
INSERT OR REPLACE INTO condition_patterns (custom_format_name, condition_name, regular_expression_name) VALUES ('BCORE', 'BCORE Regex', 'Bravia Core');
INSERT OR REPLACE INTO custom_format_conditions (custom_format_name, name, type, arr_type, negate, required) VALUES ('BCORE', 'WEB-DL', 'source', 'all', 0, 0);
INSERT OR REPLACE INTO condition_sources (custom_format_name, condition_name, source) VALUES ('BCORE', 'WEB-DL', 'web_dl');
INSERT OR REPLACE INTO custom_format_conditions (custom_format_name, name, type, arr_type, negate, required) VALUES ('BCORE', 'WEBRip', 'source', 'all', 0, 0);
INSERT OR REPLACE INTO condition_sources (custom_format_name, condition_name, source) VALUES ('BCORE', 'WEBRip', 'webrip');
INSERT OR REPLACE INTO custom_formats (name, description, include_in_rename) VALUES ('Better Theatricals', 'Matches movies where the `Theatrical` cut is considered the better version. Subjectively chosen, based on TK Profiles curated preferences and major opinion. Needed to override the default special edition preference. Matches:
- Terminator 2: Judgement Day (1991)
- Alien (1979)
- Star Wars OT (1977-1983)
- Apocalypse Now (1979)
- The Exorcist (1973)
- Donnie Darko (2001)
- Amadeus (1984)
- Payback (1999)
- Almost Famous (2000)', 0);
INSERT OR IGNORE INTO custom_format_tags (custom_format_name, tag_name) VALUES ('Better Theatricals', 'Edition');
INSERT OR REPLACE INTO custom_format_conditions (custom_format_name, name, type, arr_type, negate, required) VALUES ('Better Theatricals', 'Better Theatricals', 'release_title', 'all', 0, 1);
INSERT OR REPLACE INTO condition_patterns (custom_format_name, condition_name, regular_expression_name) VALUES ('Better Theatricals', 'Better Theatricals', 'Better Theatricals');
INSERT OR REPLACE INTO custom_format_conditions (custom_format_name, name, type, arr_type, negate, required) VALUES ('Better Theatricals', 'Theatrical', 'release_title', 'all', 0, 1);
INSERT OR REPLACE INTO condition_patterns (custom_format_name, condition_name, regular_expression_name) VALUES ('Better Theatricals', 'Theatrical', 'Theatrical Edition');
INSERT OR REPLACE INTO custom_format_conditions (custom_format_name, name, type, arr_type, negate, required) VALUES ('Better Theatricals', 'Not Extended Clip', 'release_title', 'all', 1, 1);
INSERT OR REPLACE INTO condition_patterns (custom_format_name, condition_name, regular_expression_name) VALUES ('Better Theatricals', 'Not Extended Clip', 'Extended Clip');
INSERT OR REPLACE INTO custom_format_conditions (custom_format_name, name, type, arr_type, negate, required) VALUES ('Better Theatricals', 'Not IMAX', 'release_title', 'all', 1, 1);
INSERT OR REPLACE INTO condition_patterns (custom_format_name, condition_name, regular_expression_name) VALUES ('Better Theatricals', 'Not IMAX', 'IMAX');
INSERT OR REPLACE INTO custom_format_conditions (custom_format_name, name, type, arr_type, negate, required) VALUES ('Better Theatricals', 'Not Open Matte', 'release_title', 'all', 1, 1);
INSERT OR REPLACE INTO condition_patterns (custom_format_name, condition_name, regular_expression_name) VALUES ('Better Theatricals', 'Not Open Matte', 'Open Matte');
INSERT OR REPLACE INTO custom_format_conditions (custom_format_name, name, type, arr_type, negate, required) VALUES ('Better Theatricals', 'Not Sing Along', 'release_title', 'all', 1, 1);
INSERT OR REPLACE INTO condition_patterns (custom_format_name, condition_name, regular_expression_name) VALUES ('Better Theatricals', 'Not Sing Along', 'Sing Along');
INSERT OR REPLACE INTO custom_format_conditions (custom_format_name, name, type, arr_type, negate, required) VALUES ('Better Theatricals', 'Not Special Edition', 'release_title', 'all', 1, 1);
INSERT OR REPLACE INTO condition_patterns (custom_format_name, condition_name, regular_expression_name) VALUES ('Better Theatricals', 'Not Special Edition', 'Special Edition');
INSERT OR IGNORE INTO custom_format_tests (custom_format_name, title, type, should_match, description) VALUES ('Better Theatricals', 'Blade.Runner.The.Final.Cut.1982.BluRay.CEE.1080p.VC-1.TrueHD.5.1-Gazdi', 'movie', 1, NULL);
INSERT OR IGNORE INTO custom_format_tests (custom_format_name, title, type, should_match, description) VALUES ('Better Theatricals', 'Wicked 2024 Sing-Along Version 720p MA WEB-DL DDP 5.1 H.264-FLUX', 'movie', 0, NULL);
INSERT OR IGNORE INTO custom_format_tests (custom_format_name, title, type, should_match, description) VALUES ('Better Theatricals', 'Alien 1979 Directors Cut HYBRID 2160p BluRay REMUX HEVC DV-HDR10Plus DTS-HD MA 5 1-Flights', 'movie', 0, NULL);
INSERT OR REPLACE INTO custom_formats (name, description, include_in_rename) VALUES ('CR', 'Matches ''Crunchyroll'' WEB-DLs. Negates any encodes.', 0);
INSERT OR IGNORE INTO custom_format_tags (custom_format_name, tag_name) VALUES ('CR', 'Streaming Service');
INSERT OR IGNORE INTO custom_format_tags (custom_format_name, tag_name) VALUES ('CR', 'WEB-DL');
INSERT OR REPLACE INTO custom_format_conditions (custom_format_name, name, type, arr_type, negate, required) VALUES ('CR', 'CR Regex', 'release_title', 'all', 0, 1);
INSERT OR REPLACE INTO condition_patterns (custom_format_name, condition_name, regular_expression_name) VALUES ('CR', 'CR Regex', 'Crunchyroll');
INSERT OR REPLACE INTO custom_format_conditions (custom_format_name, name, type, arr_type, negate, required) VALUES ('CR', 'WEB-DL', 'source', 'all', 0, 0);
INSERT OR REPLACE INTO condition_sources (custom_format_name, condition_name, source) VALUES ('CR', 'WEB-DL', 'web_dl');
INSERT OR REPLACE INTO custom_format_conditions (custom_format_name, name, type, arr_type, negate, required) VALUES ('CR', 'WEBRip', 'source', 'all', 0, 0);
INSERT OR REPLACE INTO condition_sources (custom_format_name, condition_name, source) VALUES ('CR', 'WEBRip', 'webrip');
INSERT OR IGNORE INTO custom_format_tests (custom_format_name, title, type, should_match, description) VALUES ('CR', 'The Bad Guys (2022) (1080p AMZN Webrip x265 10bit EAC3 5 1 - ArcX)[TAoE]', 'movie', 0, NULL);
INSERT OR IGNORE INTO custom_format_tests (custom_format_name, title, type, should_match, description) VALUES ('CR', 'Top Gun Maverick (2022) IMAX (1080p AMZN WEB-DL x265 SDR DDP Atmos 5.1 English - Goki TAoE)', 'movie', 0, NULL);
INSERT OR REPLACE INTO custom_formats (name, description, include_in_rename) VALUES ('CRAV', 'Matches ''Crave'' WEB-DLs. Negates any encodes.', 0);
INSERT OR IGNORE INTO custom_format_tags (custom_format_name, tag_name) VALUES ('CRAV', 'Streaming Service');
INSERT OR IGNORE INTO custom_format_tags (custom_format_name, tag_name) VALUES ('CRAV', 'WEB-DL');
INSERT OR REPLACE INTO custom_format_conditions (custom_format_name, name, type, arr_type, negate, required) VALUES ('CRAV', 'CRAV Regex', 'release_title', 'all', 0, 1);
INSERT OR REPLACE INTO condition_patterns (custom_format_name, condition_name, regular_expression_name) VALUES ('CRAV', 'CRAV Regex', 'Crave');
INSERT OR REPLACE INTO custom_format_conditions (custom_format_name, name, type, arr_type, negate, required) VALUES ('CRAV', 'WEB-DL', 'source', 'all', 0, 0);
INSERT OR REPLACE INTO condition_sources (custom_format_name, condition_name, source) VALUES ('CRAV', 'WEB-DL', 'web_dl');
INSERT OR REPLACE INTO custom_format_conditions (custom_format_name, name, type, arr_type, negate, required) VALUES ('CRAV', 'WEBRip', 'source', 'all', 0, 0);
INSERT OR REPLACE INTO condition_sources (custom_format_name, condition_name, source) VALUES ('CRAV', 'WEBRip', 'webrip');
INSERT OR IGNORE INTO custom_format_tests (custom_format_name, title, type, should_match, description) VALUES ('CRAV', 'The Bad Guys (2022) (1080p AMZN Webrip x265 10bit EAC3 5 1 - ArcX)[TAoE]', 'movie', 0, NULL);
INSERT OR IGNORE INTO custom_format_tests (custom_format_name, title, type, should_match, description) VALUES ('CRAV', 'Top Gun Maverick (2022) IMAX (1080p AMZN WEB-DL x265 SDR DDP Atmos 5.1 English - Goki TAoE)', 'movie', 0, NULL);
INSERT OR REPLACE INTO custom_formats (name, description, include_in_rename) VALUES ('CRIT', 'Matches ''Criterion Channel'' WEB-DLs. Negates any encodes.', 0);
INSERT OR IGNORE INTO custom_format_tags (custom_format_name, tag_name) VALUES ('CRIT', 'Streaming Service');
INSERT OR IGNORE INTO custom_format_tags (custom_format_name, tag_name) VALUES ('CRIT', 'WEB-DL');
INSERT OR REPLACE INTO custom_format_conditions (custom_format_name, name, type, arr_type, negate, required) VALUES ('CRIT', 'CRiT Regex', 'release_title', 'all', 0, 1);
INSERT OR REPLACE INTO condition_patterns (custom_format_name, condition_name, regular_expression_name) VALUES ('CRIT', 'CRiT Regex', 'Criterion Channel');
INSERT OR REPLACE INTO custom_format_conditions (custom_format_name, name, type, arr_type, negate, required) VALUES ('CRIT', 'WEB-DL', 'source', 'all', 0, 0);
INSERT OR REPLACE INTO condition_sources (custom_format_name, condition_name, source) VALUES ('CRIT', 'WEB-DL', 'web_dl');
INSERT OR REPLACE INTO custom_format_conditions (custom_format_name, name, type, arr_type, negate, required) VALUES ('CRIT', 'WEBRip', 'source', 'all', 0, 0);
INSERT OR REPLACE INTO condition_sources (custom_format_name, condition_name, source) VALUES ('CRIT', 'WEBRip', 'webrip');
INSERT OR REPLACE INTO custom_formats (name, description, include_in_rename) VALUES ('Disney+ Enhancement', NULL, 0);
INSERT OR IGNORE INTO custom_format_tags (custom_format_name, tag_name) VALUES ('Disney+ Enhancement', 'Enhancement');
INSERT OR REPLACE INTO custom_format_conditions (custom_format_name, name, type, arr_type, negate, required) VALUES ('Disney+ Enhancement', 'Not 2160p', 'resolution', 'all', 1, 1);
INSERT OR REPLACE INTO condition_resolutions (custom_format_name, condition_name, resolution) VALUES ('Disney+ Enhancement', 'Not 2160p', '2160p');
INSERT OR REPLACE INTO custom_format_conditions (custom_format_name, name, type, arr_type, negate, required) VALUES ('Disney+ Enhancement', 'DSNP', 'release_title', 'all', 0, 1);
INSERT OR REPLACE INTO condition_patterns (custom_format_name, condition_name, regular_expression_name) VALUES ('Disney+ Enhancement', 'DSNP', 'Disney+');
INSERT OR REPLACE INTO custom_formats (name, description, include_in_rename) VALUES ('Dolby Atmos', 'Matches ''Atmos'' Regex Pattern', 0);
INSERT OR IGNORE INTO custom_format_tags (custom_format_name, tag_name) VALUES ('Dolby Atmos', 'Audio');
INSERT OR IGNORE INTO custom_format_tags (custom_format_name, tag_name) VALUES ('Dolby Atmos', 'Dolby');
INSERT OR REPLACE INTO custom_format_conditions (custom_format_name, name, type, arr_type, negate, required) VALUES ('Dolby Atmos', 'Atmos', 'release_title', 'all', 0, 1);
INSERT OR REPLACE INTO condition_patterns (custom_format_name, condition_name, regular_expression_name) VALUES ('Dolby Atmos', 'Atmos', 'Atmos');
INSERT OR REPLACE INTO custom_format_conditions (custom_format_name, name, type, arr_type, negate, required) VALUES ('Dolby Atmos', 'Not TrueHD', 'release_title', 'all', 1, 1);
INSERT OR REPLACE INTO condition_patterns (custom_format_name, condition_name, regular_expression_name) VALUES ('Dolby Atmos', 'Not TrueHD', 'TrueHD');
INSERT OR REPLACE INTO custom_formats (name, description, include_in_rename) VALUES ('Dolby Digital +', 'Matches ''Dolby Digital +'' Regex Pattern and negates any other audio types that might conflict.', 0);
INSERT OR IGNORE INTO custom_format_tags (custom_format_name, tag_name) VALUES ('Dolby Digital +', 'Audio');
INSERT OR REPLACE INTO custom_format_conditions (custom_format_name, name, type, arr_type, negate, required) VALUES ('Dolby Digital +', 'Dolby Digital +', 'release_title', 'all', 0, 1);
INSERT OR REPLACE INTO condition_patterns (custom_format_name, condition_name, regular_expression_name) VALUES ('Dolby Digital +', 'Dolby Digital +', 'Dolby Digital +');
INSERT OR REPLACE INTO custom_format_conditions (custom_format_name, name, type, arr_type, negate, required) VALUES ('Dolby Digital +', 'Not AAC', 'release_title', 'all', 1, 1);
INSERT OR REPLACE INTO condition_patterns (custom_format_name, condition_name, regular_expression_name) VALUES ('Dolby Digital +', 'Not AAC', 'AAC');
INSERT OR REPLACE INTO custom_format_conditions (custom_format_name, name, type, arr_type, negate, required) VALUES ('Dolby Digital +', 'Not DTS', 'release_title', 'all', 1, 1);
INSERT OR REPLACE INTO condition_patterns (custom_format_name, condition_name, regular_expression_name) VALUES ('Dolby Digital +', 'Not DTS', 'DTS');
INSERT OR REPLACE INTO custom_format_conditions (custom_format_name, name, type, arr_type, negate, required) VALUES ('Dolby Digital +', 'Not FLAC', 'release_title', 'all', 1, 1);
INSERT OR REPLACE INTO condition_patterns (custom_format_name, condition_name, regular_expression_name) VALUES ('Dolby Digital +', 'Not FLAC', 'FLAC');
INSERT OR REPLACE INTO custom_format_conditions (custom_format_name, name, type, arr_type, negate, required) VALUES ('Dolby Digital +', 'Not PCM', 'release_title', 'all', 1, 1);
INSERT OR REPLACE INTO condition_patterns (custom_format_name, condition_name, regular_expression_name) VALUES ('Dolby Digital +', 'Not PCM', 'PCM');
INSERT OR REPLACE INTO custom_format_conditions (custom_format_name, name, type, arr_type, negate, required) VALUES ('Dolby Digital +', 'Not TrueHD', 'release_title', 'all', 1, 1);
INSERT OR REPLACE INTO condition_patterns (custom_format_name, condition_name, regular_expression_name) VALUES ('Dolby Digital +', 'Not TrueHD', 'TrueHD');
INSERT OR IGNORE INTO custom_format_tests (custom_format_name, title, type, should_match, description) VALUES ('Dolby Digital +', 'Un-Ex You 2025 1080p NF WEB-DL DD 5.1 H.264-FLUX', 'movie', 0, NULL);
INSERT OR IGNORE INTO custom_format_tests (custom_format_name, title, type, should_match, description) VALUES ('Dolby Digital +', 'Un-Ex You 2025 1080p NF WEB-DL DD+ 5.1 H.264-FLUX', 'movie', 1, NULL);
INSERT OR REPLACE INTO custom_formats (name, description, include_in_rename) VALUES ('Dolby Digital', 'Matches ''Dolby Digital'' Regex Pattern and negates any other audio types that might conflict.', 0);
INSERT OR IGNORE INTO custom_format_tags (custom_format_name, tag_name) VALUES ('Dolby Digital', 'Audio');
INSERT OR REPLACE INTO custom_format_conditions (custom_format_name, name, type, arr_type, negate, required) VALUES ('Dolby Digital', 'Dolby Digital', 'release_title', 'all', 0, 1);
INSERT OR REPLACE INTO condition_patterns (custom_format_name, condition_name, regular_expression_name) VALUES ('Dolby Digital', 'Dolby Digital', 'Dolby Digital');
INSERT OR REPLACE INTO custom_format_conditions (custom_format_name, name, type, arr_type, negate, required) VALUES ('Dolby Digital', 'Not AAC', 'release_title', 'all', 1, 1);
INSERT OR REPLACE INTO condition_patterns (custom_format_name, condition_name, regular_expression_name) VALUES ('Dolby Digital', 'Not AAC', 'AAC');
INSERT OR REPLACE INTO custom_format_conditions (custom_format_name, name, type, arr_type, negate, required) VALUES ('Dolby Digital', 'Not Dolby Digital +', 'release_title', 'all', 1, 1);
INSERT OR REPLACE INTO condition_patterns (custom_format_name, condition_name, regular_expression_name) VALUES ('Dolby Digital', 'Not Dolby Digital +', 'Dolby Digital +');
INSERT OR REPLACE INTO custom_format_conditions (custom_format_name, name, type, arr_type, negate, required) VALUES ('Dolby Digital', 'Not DTS', 'release_title', 'all', 1, 1);
INSERT OR REPLACE INTO condition_patterns (custom_format_name, condition_name, regular_expression_name) VALUES ('Dolby Digital', 'Not DTS', 'DTS');
INSERT OR REPLACE INTO custom_format_conditions (custom_format_name, name, type, arr_type, negate, required) VALUES ('Dolby Digital', 'Not FLAC', 'release_title', 'all', 1, 1);
INSERT OR REPLACE INTO condition_patterns (custom_format_name, condition_name, regular_expression_name) VALUES ('Dolby Digital', 'Not FLAC', 'FLAC');
INSERT OR REPLACE INTO custom_format_conditions (custom_format_name, name, type, arr_type, negate, required) VALUES ('Dolby Digital', 'Not PCM', 'release_title', 'all', 1, 1);
INSERT OR REPLACE INTO condition_patterns (custom_format_name, condition_name, regular_expression_name) VALUES ('Dolby Digital', 'Not PCM', 'PCM');
INSERT OR REPLACE INTO custom_format_conditions (custom_format_name, name, type, arr_type, negate, required) VALUES ('Dolby Digital', 'Not TrueHD', 'release_title', 'all', 1, 1);
INSERT OR REPLACE INTO condition_patterns (custom_format_name, condition_name, regular_expression_name) VALUES ('Dolby Digital', 'Not TrueHD', 'TrueHD');
INSERT OR IGNORE INTO custom_format_tests (custom_format_name, title, type, should_match, description) VALUES ('Dolby Digital', 'Un-Ex You 2025 1080p NF WEB-DL DD 5.1 H.264-FLUX', 'movie', 1, NULL);
INSERT OR IGNORE INTO custom_format_tests (custom_format_name, title, type, should_match, description) VALUES ('Dolby Digital', 'Un-Ex You 2025 1080p NF WEB-DL DD+ 5.1 H.264-FLUX', 'movie', 0, NULL);
INSERT OR REPLACE INTO custom_formats (name, description, include_in_rename) VALUES ('Dolby Vision (Without Fallback)', 'Matches the ''Dolby Vision (Without Fallback) Regex Pattern', 0);
INSERT OR IGNORE INTO custom_format_tags (custom_format_name, tag_name) VALUES ('Dolby Vision (Without Fallback)', 'Colour Grade');
INSERT OR IGNORE INTO custom_format_tags (custom_format_name, tag_name) VALUES ('Dolby Vision (Without Fallback)', 'HDR');
INSERT OR REPLACE INTO custom_format_conditions (custom_format_name, name, type, arr_type, negate, required) VALUES ('Dolby Vision (Without Fallback)', 'Dolby Vision (Without Fallback)', 'release_title', 'all', 0, 1);
INSERT OR REPLACE INTO condition_patterns (custom_format_name, condition_name, regular_expression_name) VALUES ('Dolby Vision (Without Fallback)', 'Dolby Vision (Without Fallback)', 'Dolby Vision (Without Fallback)');
INSERT OR REPLACE INTO custom_formats (name, description, include_in_rename) VALUES ('Dolby Vision', 'Matches the ''Dolby Vision'' Regex Pattern', 0);
INSERT OR IGNORE INTO custom_format_tags (custom_format_name, tag_name) VALUES ('Dolby Vision', 'Colour Grade');
INSERT OR IGNORE INTO custom_format_tags (custom_format_name, tag_name) VALUES ('Dolby Vision', 'HDR');
INSERT OR REPLACE INTO custom_format_conditions (custom_format_name, name, type, arr_type, negate, required) VALUES ('Dolby Vision', 'Dolby Vision', 'release_title', 'all', 0, 1);
INSERT OR REPLACE INTO condition_patterns (custom_format_name, condition_name, regular_expression_name) VALUES ('Dolby Vision', 'Dolby Vision', 'Dolby Vision');
INSERT OR REPLACE INTO custom_formats (name, description, include_in_rename) VALUES ('DRPO', 'Matches ''Dropout TV'' WEB-DLs. Negates any encodes.', 0);
INSERT OR IGNORE INTO custom_format_tags (custom_format_name, tag_name) VALUES ('DRPO', 'Streaming Service');
INSERT OR IGNORE INTO custom_format_tags (custom_format_name, tag_name) VALUES ('DRPO', 'WEB-DL');
INSERT OR REPLACE INTO custom_format_conditions (custom_format_name, name, type, arr_type, negate, required) VALUES ('DRPO', 'DRPO Regex', 'release_title', 'all', 0, 1);
INSERT OR REPLACE INTO condition_patterns (custom_format_name, condition_name, regular_expression_name) VALUES ('DRPO', 'DRPO Regex', 'Dropout TV');
INSERT OR REPLACE INTO custom_format_conditions (custom_format_name, name, type, arr_type, negate, required) VALUES ('DRPO', 'WEB-DL', 'source', 'all', 0, 0);
INSERT OR REPLACE INTO condition_sources (custom_format_name, condition_name, source) VALUES ('DRPO', 'WEB-DL', 'web_dl');
INSERT OR REPLACE INTO custom_format_conditions (custom_format_name, name, type, arr_type, negate, required) VALUES ('DRPO', 'WEBRip', 'source', 'all', 0, 0);
INSERT OR REPLACE INTO condition_sources (custom_format_name, condition_name, source) VALUES ('DRPO', 'WEBRip', 'webrip');
INSERT OR REPLACE INTO custom_formats (name, description, include_in_rename) VALUES ('DS4K', NULL, 0);
INSERT OR REPLACE INTO custom_format_conditions (custom_format_name, name, type, arr_type, negate, required) VALUES ('DS4K', 'DS4K', 'release_title', 'all', 0, 1);
INSERT OR REPLACE INTO condition_patterns (custom_format_name, condition_name, regular_expression_name) VALUES ('DS4K', 'DS4K', 'DS4K');
INSERT OR REPLACE INTO custom_formats (name, description, include_in_rename) VALUES ('DSNP', 'Matches ''Disney+'' WEB-DLs. Negates any encodes.', 0);
INSERT OR IGNORE INTO custom_format_tags (custom_format_name, tag_name) VALUES ('DSNP', 'Streaming Service');
INSERT OR IGNORE INTO custom_format_tags (custom_format_name, tag_name) VALUES ('DSNP', 'WEB-DL');
INSERT OR REPLACE INTO custom_format_conditions (custom_format_name, name, type, arr_type, negate, required) VALUES ('DSNP', 'DNSP Regex', 'release_title', 'all', 0, 1);
INSERT OR REPLACE INTO condition_patterns (custom_format_name, condition_name, regular_expression_name) VALUES ('DSNP', 'DNSP Regex', 'Disney+');
INSERT OR REPLACE INTO custom_format_conditions (custom_format_name, name, type, arr_type, negate, required) VALUES ('DSNP', 'WEB-DL', 'source', 'all', 0, 0);
INSERT OR REPLACE INTO condition_sources (custom_format_name, condition_name, source) VALUES ('DSNP', 'WEB-DL', 'web_dl');
INSERT OR REPLACE INTO custom_format_conditions (custom_format_name, name, type, arr_type, negate, required) VALUES ('DSNP', 'WEBRip', 'source', 'all', 0, 0);
INSERT OR REPLACE INTO condition_sources (custom_format_name, condition_name, source) VALUES ('DSNP', 'WEBRip', 'webrip');
INSERT OR IGNORE INTO custom_format_tests (custom_format_name, title, type, should_match, description) VALUES ('DSNP', 'The Simpsons (1989) S36E05 Treehouse of Horror XXXV (1080p DSNP Webrip x265 10bit EAC3 5 1 - Goki)[TAoE]', 'movie', 0, NULL);
INSERT OR REPLACE INTO custom_formats (name, description, include_in_rename) VALUES ('DTS-ES', 'Matches ''DTS-ES'' Regex Pattern and negates any other audio types that might conflict.', 0);
INSERT OR IGNORE INTO custom_format_tags (custom_format_name, tag_name) VALUES ('DTS-ES', 'Audio');
INSERT OR REPLACE INTO custom_format_conditions (custom_format_name, name, type, arr_type, negate, required) VALUES ('DTS-ES', 'DTS-ES', 'release_title', 'all', 0, 1);
INSERT OR REPLACE INTO condition_patterns (custom_format_name, condition_name, regular_expression_name) VALUES ('DTS-ES', 'DTS-ES', 'DTS-ES');
INSERT OR REPLACE INTO custom_format_conditions (custom_format_name, name, type, arr_type, negate, required) VALUES ('DTS-ES', 'Not AAC', 'release_title', 'all', 1, 1);
INSERT OR REPLACE INTO condition_patterns (custom_format_name, condition_name, regular_expression_name) VALUES ('DTS-ES', 'Not AAC', 'AAC');
INSERT OR REPLACE INTO custom_format_conditions (custom_format_name, name, type, arr_type, negate, required) VALUES ('DTS-ES', 'Not Dolby Digital', 'release_title', 'all', 1, 1);
INSERT OR REPLACE INTO condition_patterns (custom_format_name, condition_name, regular_expression_name) VALUES ('DTS-ES', 'Not Dolby Digital', 'Dolby Digital');
INSERT OR REPLACE INTO custom_format_conditions (custom_format_name, name, type, arr_type, negate, required) VALUES ('DTS-ES', 'Not Dolby Digital +', 'release_title', 'all', 1, 1);
INSERT OR REPLACE INTO condition_patterns (custom_format_name, condition_name, regular_expression_name) VALUES ('DTS-ES', 'Not Dolby Digital +', 'Dolby Digital +');
INSERT OR REPLACE INTO custom_format_conditions (custom_format_name, name, type, arr_type, negate, required) VALUES ('DTS-ES', 'Not DTS', 'release_title', 'all', 1, 1);
INSERT OR REPLACE INTO condition_patterns (custom_format_name, condition_name, regular_expression_name) VALUES ('DTS-ES', 'Not DTS', 'DTS Basic');
INSERT OR REPLACE INTO custom_format_conditions (custom_format_name, name, type, arr_type, negate, required) VALUES ('DTS-ES', 'Not DTS-X', 'release_title', 'all', 1, 1);
INSERT OR REPLACE INTO condition_patterns (custom_format_name, condition_name, regular_expression_name) VALUES ('DTS-ES', 'Not DTS-X', 'DTS-X');
INSERT OR REPLACE INTO custom_format_conditions (custom_format_name, name, type, arr_type, negate, required) VALUES ('DTS-ES', 'Not FLAC', 'release_title', 'all', 1, 1);
INSERT OR REPLACE INTO condition_patterns (custom_format_name, condition_name, regular_expression_name) VALUES ('DTS-ES', 'Not FLAC', 'FLAC');
INSERT OR REPLACE INTO custom_format_conditions (custom_format_name, name, type, arr_type, negate, required) VALUES ('DTS-ES', 'Not PCM', 'release_title', 'all', 1, 1);
INSERT OR REPLACE INTO condition_patterns (custom_format_name, condition_name, regular_expression_name) VALUES ('DTS-ES', 'Not PCM', 'PCM');
INSERT OR REPLACE INTO custom_format_conditions (custom_format_name, name, type, arr_type, negate, required) VALUES ('DTS-ES', 'Not TrueHD', 'release_title', 'all', 1, 1);
INSERT OR REPLACE INTO condition_patterns (custom_format_name, condition_name, regular_expression_name) VALUES ('DTS-ES', 'Not TrueHD', 'TrueHD');
INSERT OR IGNORE INTO custom_format_tests (custom_format_name, title, type, should_match, description) VALUES ('DTS-ES', '8 Mile 2002 Open Matte 1080p WEB-DL DTS-HD MA 7.1 H.264-TiTTE', 'movie', 0, NULL);
INSERT OR IGNORE INTO custom_format_tests (custom_format_name, title, type, should_match, description) VALUES ('DTS-ES', '8 Mile 2002 Open Matte 1080p WEB-DL DTS-HD HRA 7.1 H.264-TiTTE', 'movie', 0, NULL);
INSERT OR IGNORE INTO custom_format_tests (custom_format_name, title, type, should_match, description) VALUES ('DTS-ES', '8 Mile 2002 Open Matte 1080p WEB-DL DTS:X 7.1 H.264-TiTTE', 'movie', 0, NULL);
INSERT OR IGNORE INTO custom_format_tests (custom_format_name, title, type, should_match, description) VALUES ('DTS-ES', '8 Mile 2002 Open Matte 1080p WEB-DL DTS 7.1 H.264-TiTTE', 'movie', 0, NULL);
INSERT OR IGNORE INTO custom_format_tests (custom_format_name, title, type, should_match, description) VALUES ('DTS-ES', '8 Mile 2002 Open Matte 1080p WEB-DL DTS-ES 7.1 H.264-TiTTE', 'movie', 1, NULL);
INSERT OR REPLACE INTO custom_formats (name, description, include_in_rename) VALUES ('DTS-HD HRA', 'Matches ''DTS-HD HRA'' Regex Pattern and negates any other audio types that might conflict.', 0);
INSERT OR IGNORE INTO custom_format_tags (custom_format_name, tag_name) VALUES ('DTS-HD HRA', 'Audio');
INSERT OR REPLACE INTO custom_format_conditions (custom_format_name, name, type, arr_type, negate, required) VALUES ('DTS-HD HRA', 'DTS-HD HRA', 'release_title', 'all', 0, 1);
INSERT OR REPLACE INTO condition_patterns (custom_format_name, condition_name, regular_expression_name) VALUES ('DTS-HD HRA', 'DTS-HD HRA', 'DTS-HD HRA');
INSERT OR REPLACE INTO custom_format_conditions (custom_format_name, name, type, arr_type, negate, required) VALUES ('DTS-HD HRA', 'Not AAC', 'release_title', 'all', 1, 1);
INSERT OR REPLACE INTO condition_patterns (custom_format_name, condition_name, regular_expression_name) VALUES ('DTS-HD HRA', 'Not AAC', 'AAC');
INSERT OR REPLACE INTO custom_format_conditions (custom_format_name, name, type, arr_type, negate, required) VALUES ('DTS-HD HRA', 'Not Dolby Digital', 'release_title', 'all', 1, 1);
INSERT OR REPLACE INTO condition_patterns (custom_format_name, condition_name, regular_expression_name) VALUES ('DTS-HD HRA', 'Not Dolby Digital', 'Dolby Digital');
INSERT OR REPLACE INTO custom_format_conditions (custom_format_name, name, type, arr_type, negate, required) VALUES ('DTS-HD HRA', 'Not Dolby Digital +', 'release_title', 'all', 1, 1);
INSERT OR REPLACE INTO condition_patterns (custom_format_name, condition_name, regular_expression_name) VALUES ('DTS-HD HRA', 'Not Dolby Digital +', 'Dolby Digital +');
INSERT OR REPLACE INTO custom_format_conditions (custom_format_name, name, type, arr_type, negate, required) VALUES ('DTS-HD HRA', 'Not DTS', 'release_title', 'all', 1, 1);
INSERT OR REPLACE INTO condition_patterns (custom_format_name, condition_name, regular_expression_name) VALUES ('DTS-HD HRA', 'Not DTS', 'DTS Basic');
INSERT OR REPLACE INTO custom_format_conditions (custom_format_name, name, type, arr_type, negate, required) VALUES ('DTS-HD HRA', 'Not DTS-ES', 'release_title', 'all', 1, 1);
INSERT OR REPLACE INTO condition_patterns (custom_format_name, condition_name, regular_expression_name) VALUES ('DTS-HD HRA', 'Not DTS-ES', 'DTS-ES');
INSERT OR REPLACE INTO custom_format_conditions (custom_format_name, name, type, arr_type, negate, required) VALUES ('DTS-HD HRA', 'Not DTS-X', 'release_title', 'all', 1, 1);
INSERT OR REPLACE INTO condition_patterns (custom_format_name, condition_name, regular_expression_name) VALUES ('DTS-HD HRA', 'Not DTS-X', 'DTS-X');
INSERT OR REPLACE INTO custom_format_conditions (custom_format_name, name, type, arr_type, negate, required) VALUES ('DTS-HD HRA', 'Not FLAC', 'release_title', 'all', 1, 1);
INSERT OR REPLACE INTO condition_patterns (custom_format_name, condition_name, regular_expression_name) VALUES ('DTS-HD HRA', 'Not FLAC', 'FLAC');
INSERT OR REPLACE INTO custom_format_conditions (custom_format_name, name, type, arr_type, negate, required) VALUES ('DTS-HD HRA', 'Not PCM', 'release_title', 'all', 1, 1);
INSERT OR REPLACE INTO condition_patterns (custom_format_name, condition_name, regular_expression_name) VALUES ('DTS-HD HRA', 'Not PCM', 'PCM');
INSERT OR REPLACE INTO custom_format_conditions (custom_format_name, name, type, arr_type, negate, required) VALUES ('DTS-HD HRA', 'Not TrueHD', 'release_title', 'all', 1, 1);
INSERT OR REPLACE INTO condition_patterns (custom_format_name, condition_name, regular_expression_name) VALUES ('DTS-HD HRA', 'Not TrueHD', 'TrueHD');
INSERT OR REPLACE INTO custom_formats (name, description, include_in_rename) VALUES ('DTS-HD MA', 'Matches ''DTS-HD MA'' Regex Pattern and negates any other audio types that might conflict.', 0);
INSERT OR IGNORE INTO custom_format_tags (custom_format_name, tag_name) VALUES ('DTS-HD MA', 'Audio');
INSERT OR REPLACE INTO custom_format_conditions (custom_format_name, name, type, arr_type, negate, required) VALUES ('DTS-HD MA', 'DTS-HD MA', 'release_title', 'all', 0, 1);
INSERT OR REPLACE INTO condition_patterns (custom_format_name, condition_name, regular_expression_name) VALUES ('DTS-HD MA', 'DTS-HD MA', 'DTS-HD MA');
INSERT OR REPLACE INTO custom_format_conditions (custom_format_name, name, type, arr_type, negate, required) VALUES ('DTS-HD MA', 'Not AAC', 'release_title', 'all', 1, 1);
INSERT OR REPLACE INTO condition_patterns (custom_format_name, condition_name, regular_expression_name) VALUES ('DTS-HD MA', 'Not AAC', 'AAC');
INSERT OR REPLACE INTO custom_format_conditions (custom_format_name, name, type, arr_type, negate, required) VALUES ('DTS-HD MA', 'Not Dolby Digital', 'release_title', 'all', 1, 1);
INSERT OR REPLACE INTO condition_patterns (custom_format_name, condition_name, regular_expression_name) VALUES ('DTS-HD MA', 'Not Dolby Digital', 'Dolby Digital');
INSERT OR REPLACE INTO custom_format_conditions (custom_format_name, name, type, arr_type, negate, required) VALUES ('DTS-HD MA', 'Not Dolby Digital +', 'release_title', 'all', 1, 1);
INSERT OR REPLACE INTO condition_patterns (custom_format_name, condition_name, regular_expression_name) VALUES ('DTS-HD MA', 'Not Dolby Digital +', 'Dolby Digital +');
INSERT OR REPLACE INTO custom_format_conditions (custom_format_name, name, type, arr_type, negate, required) VALUES ('DTS-HD MA', 'Not DTS-HD HRA ES', 'release_title', 'all', 1, 1);
INSERT OR REPLACE INTO condition_patterns (custom_format_name, condition_name, regular_expression_name) VALUES ('DTS-HD MA', 'Not DTS-HD HRA ES', 'DTS-HD HRA ES');
INSERT OR REPLACE INTO custom_format_conditions (custom_format_name, name, type, arr_type, negate, required) VALUES ('DTS-HD MA', 'Not DTS-X', 'release_title', 'all', 1, 1);
INSERT OR REPLACE INTO condition_patterns (custom_format_name, condition_name, regular_expression_name) VALUES ('DTS-HD MA', 'Not DTS-X', 'DTS-X');
INSERT OR REPLACE INTO custom_format_conditions (custom_format_name, name, type, arr_type, negate, required) VALUES ('DTS-HD MA', 'Not FLAC', 'release_title', 'all', 1, 1);
INSERT OR REPLACE INTO condition_patterns (custom_format_name, condition_name, regular_expression_name) VALUES ('DTS-HD MA', 'Not FLAC', 'FLAC');
INSERT OR REPLACE INTO custom_format_conditions (custom_format_name, name, type, arr_type, negate, required) VALUES ('DTS-HD MA', 'Not PCM', 'release_title', 'all', 1, 1);
INSERT OR REPLACE INTO condition_patterns (custom_format_name, condition_name, regular_expression_name) VALUES ('DTS-HD MA', 'Not PCM', 'PCM');
INSERT OR REPLACE INTO custom_format_conditions (custom_format_name, name, type, arr_type, negate, required) VALUES ('DTS-HD MA', 'Not TrueHD', 'release_title', 'all', 1, 1);
INSERT OR REPLACE INTO condition_patterns (custom_format_name, condition_name, regular_expression_name) VALUES ('DTS-HD MA', 'Not TrueHD', 'TrueHD');
INSERT OR IGNORE INTO custom_format_tests (custom_format_name, title, type, should_match, description) VALUES ('DTS-HD MA', '8 Mile 2002 Open Matte 1080p WEB-DL DTS 7.1 H.264-TiTTE', 'movie', 0, NULL);
INSERT OR IGNORE INTO custom_format_tests (custom_format_name, title, type, should_match, description) VALUES ('DTS-HD MA', '8 Mile 2002 Open Matte 1080p WEB-DL DTS-ES 7.1 H.264-TiTTE', 'movie', 0, NULL);
INSERT OR IGNORE INTO custom_format_tests (custom_format_name, title, type, should_match, description) VALUES ('DTS-HD MA', '8 Mile 2002 Open Matte 1080p WEB-DL DTS-HD HRA 7.1 H.264-TiTTE', 'movie', 0, NULL);
INSERT OR IGNORE INTO custom_format_tests (custom_format_name, title, type, should_match, description) VALUES ('DTS-HD MA', '8 Mile 2002 Open Matte 1080p WEB-DL DTS:X 7.1 H.264-TiTTE', 'movie', 0, NULL);
INSERT OR REPLACE INTO custom_formats (name, description, include_in_rename) VALUES ('DTS-X', 'Matches ''DTS-X'' Regex Pattern and negates any other audio types that might conflict.', 0);
INSERT OR IGNORE INTO custom_format_tags (custom_format_name, tag_name) VALUES ('DTS-X', 'Audio');
INSERT OR REPLACE INTO custom_format_conditions (custom_format_name, name, type, arr_type, negate, required) VALUES ('DTS-X', 'DTS-X', 'release_title', 'all', 0, 1);
INSERT OR REPLACE INTO condition_patterns (custom_format_name, condition_name, regular_expression_name) VALUES ('DTS-X', 'DTS-X', 'DTS-X');
INSERT OR REPLACE INTO custom_format_conditions (custom_format_name, name, type, arr_type, negate, required) VALUES ('DTS-X', 'Not AAC', 'release_title', 'all', 1, 1);
INSERT OR REPLACE INTO condition_patterns (custom_format_name, condition_name, regular_expression_name) VALUES ('DTS-X', 'Not AAC', 'AAC');
INSERT OR REPLACE INTO custom_format_conditions (custom_format_name, name, type, arr_type, negate, required) VALUES ('DTS-X', 'Not Dolby Digital', 'release_title', 'all', 1, 1);
INSERT OR REPLACE INTO condition_patterns (custom_format_name, condition_name, regular_expression_name) VALUES ('DTS-X', 'Not Dolby Digital', 'Dolby Digital');
INSERT OR REPLACE INTO custom_format_conditions (custom_format_name, name, type, arr_type, negate, required) VALUES ('DTS-X', 'Not Dolby Digital +', 'release_title', 'all', 1, 1);
INSERT OR REPLACE INTO condition_patterns (custom_format_name, condition_name, regular_expression_name) VALUES ('DTS-X', 'Not Dolby Digital +', 'Dolby Digital +');
INSERT OR REPLACE INTO custom_format_conditions (custom_format_name, name, type, arr_type, negate, required) VALUES ('DTS-X', 'Not DTS', 'release_title', 'all', 1, 1);
INSERT OR REPLACE INTO condition_patterns (custom_format_name, condition_name, regular_expression_name) VALUES ('DTS-X', 'Not DTS', 'DTS Basic');
INSERT OR REPLACE INTO custom_format_conditions (custom_format_name, name, type, arr_type, negate, required) VALUES ('DTS-X', 'Not FLAC', 'release_title', 'all', 1, 1);
INSERT OR REPLACE INTO condition_patterns (custom_format_name, condition_name, regular_expression_name) VALUES ('DTS-X', 'Not FLAC', 'FLAC');
INSERT OR REPLACE INTO custom_format_conditions (custom_format_name, name, type, arr_type, negate, required) VALUES ('DTS-X', 'Not PCM', 'release_title', 'all', 1, 1);
INSERT OR REPLACE INTO condition_patterns (custom_format_name, condition_name, regular_expression_name) VALUES ('DTS-X', 'Not PCM', 'PCM');
INSERT OR REPLACE INTO custom_format_conditions (custom_format_name, name, type, arr_type, negate, required) VALUES ('DTS-X', 'Not TrueHD', 'release_title', 'all', 1, 1);
INSERT OR REPLACE INTO condition_patterns (custom_format_name, condition_name, regular_expression_name) VALUES ('DTS-X', 'Not TrueHD', 'TrueHD');
INSERT OR IGNORE INTO custom_format_tests (custom_format_name, title, type, should_match, description) VALUES ('DTS-X', '8 Mile 2002 Open Matte 1080p WEB-DL DTS 7.1 H.264-TiTTE', 'movie', 0, NULL);
INSERT OR IGNORE INTO custom_format_tests (custom_format_name, title, type, should_match, description) VALUES ('DTS-X', '8 Mile 2002 Open Matte 1080p WEB-DL DTS-HD MA 7.1 H.264-TiTTE', 'movie', 0, NULL);
INSERT OR IGNORE INTO custom_format_tests (custom_format_name, title, type, should_match, description) VALUES ('DTS-X', '8 Mile 2002 Open Matte 1080p WEB-DL DTS-ES 7.1 H.264-TiTTE', 'movie', 0, NULL);
INSERT OR IGNORE INTO custom_format_tests (custom_format_name, title, type, should_match, description) VALUES ('DTS-X', '8 Mile 2002 Open Matte 1080p WEB-DL DTS-HD HRA 7.1 H.264-TiTTE', 'movie', 0, NULL);
INSERT OR IGNORE INTO custom_format_tests (custom_format_name, title, type, should_match, description) VALUES ('DTS-X', '8 Mile 2002 Open Matte 1080p WEB-DL DTS:X 7.1 H.264-TiTTE', 'movie', 1, NULL);
INSERT OR REPLACE INTO custom_formats (name, description, include_in_rename) VALUES ('DTS', 'Matches ''DTS'' Regex Pattern and negates any other audio types that might conflict.', 0);
INSERT OR IGNORE INTO custom_format_tags (custom_format_name, tag_name) VALUES ('DTS', 'Audio');
INSERT OR REPLACE INTO custom_format_conditions (custom_format_name, name, type, arr_type, negate, required) VALUES ('DTS', 'DTS', 'release_title', 'all', 0, 1);
INSERT OR REPLACE INTO condition_patterns (custom_format_name, condition_name, regular_expression_name) VALUES ('DTS', 'DTS', 'DTS');
INSERT OR REPLACE INTO custom_format_conditions (custom_format_name, name, type, arr_type, negate, required) VALUES ('DTS', 'Not AAC', 'release_title', 'all', 1, 1);
INSERT OR REPLACE INTO condition_patterns (custom_format_name, condition_name, regular_expression_name) VALUES ('DTS', 'Not AAC', 'AAC');
INSERT OR REPLACE INTO custom_format_conditions (custom_format_name, name, type, arr_type, negate, required) VALUES ('DTS', 'Not Dolby Digital', 'release_title', 'all', 1, 1);
INSERT OR REPLACE INTO condition_patterns (custom_format_name, condition_name, regular_expression_name) VALUES ('DTS', 'Not Dolby Digital', 'Dolby Digital');
INSERT OR REPLACE INTO custom_format_conditions (custom_format_name, name, type, arr_type, negate, required) VALUES ('DTS', 'Not Dolby Digital +', 'release_title', 'all', 1, 1);
INSERT OR REPLACE INTO condition_patterns (custom_format_name, condition_name, regular_expression_name) VALUES ('DTS', 'Not Dolby Digital +', 'Dolby Digital +');
INSERT OR REPLACE INTO custom_format_conditions (custom_format_name, name, type, arr_type, negate, required) VALUES ('DTS', 'Not DTS-HD', 'release_title', 'all', 1, 1);
INSERT OR REPLACE INTO condition_patterns (custom_format_name, condition_name, regular_expression_name) VALUES ('DTS', 'Not DTS-HD', 'DTS-HD MA');
INSERT OR REPLACE INTO custom_format_conditions (custom_format_name, name, type, arr_type, negate, required) VALUES ('DTS', 'Not DTS-HD HRA ES', 'release_title', 'all', 1, 1);
INSERT OR REPLACE INTO condition_patterns (custom_format_name, condition_name, regular_expression_name) VALUES ('DTS', 'Not DTS-HD HRA ES', 'DTS-HD HRA ES');
INSERT OR REPLACE INTO custom_format_conditions (custom_format_name, name, type, arr_type, negate, required) VALUES ('DTS', 'Not DTS-X', 'release_title', 'all', 1, 1);
INSERT OR REPLACE INTO condition_patterns (custom_format_name, condition_name, regular_expression_name) VALUES ('DTS', 'Not DTS-X', 'DTS-X');
INSERT OR REPLACE INTO custom_format_conditions (custom_format_name, name, type, arr_type, negate, required) VALUES ('DTS', 'Not FLAC', 'release_title', 'all', 1, 1);
INSERT OR REPLACE INTO condition_patterns (custom_format_name, condition_name, regular_expression_name) VALUES ('DTS', 'Not FLAC', 'FLAC');
INSERT OR REPLACE INTO custom_format_conditions (custom_format_name, name, type, arr_type, negate, required) VALUES ('DTS', 'Not PCM', 'release_title', 'all', 1, 1);
INSERT OR REPLACE INTO condition_patterns (custom_format_name, condition_name, regular_expression_name) VALUES ('DTS', 'Not PCM', 'PCM');
INSERT OR REPLACE INTO custom_format_conditions (custom_format_name, name, type, arr_type, negate, required) VALUES ('DTS', 'Not TrueHD', 'release_title', 'all', 1, 1);
INSERT OR REPLACE INTO condition_patterns (custom_format_name, condition_name, regular_expression_name) VALUES ('DTS', 'Not TrueHD', 'TrueHD');
INSERT OR IGNORE INTO custom_format_tests (custom_format_name, title, type, should_match, description) VALUES ('DTS', '8 Mile 2002 Open Matte 1080p WEB-DL DTS-HD MA 7.1 H.264-TiTTE', 'movie', 0, NULL);
INSERT OR IGNORE INTO custom_format_tests (custom_format_name, title, type, should_match, description) VALUES ('DTS', '8 Mile 2002 Open Matte 1080p WEB-DL DTS-ES MA 7.1 H.264-TiTTE', 'movie', 0, NULL);
INSERT OR IGNORE INTO custom_format_tests (custom_format_name, title, type, should_match, description) VALUES ('DTS', '8 Mile 2002 Open Matte 1080p WEB-DL DTS-HD HRA 7.1 H.264-TiTTE', 'movie', 0, NULL);
INSERT OR IGNORE INTO custom_format_tests (custom_format_name, title, type, should_match, description) VALUES ('DTS', '8 Mile 2002 Open Matte 1080p WEB-DL DTS:X 7.1 H.264-TiTTE', 'movie', 0, NULL);
INSERT OR REPLACE INTO custom_formats (name, description, include_in_rename) VALUES ('DVD Remux', 'A DVD Remux is a direct rip of a DVD''s content without any re-encoding, preserving the original video, audio, and subtitle quality. It retains the exact resolution, bitrate, and format of the DVD, ensuring no loss in fidelity compared to the source.', 0);
INSERT OR IGNORE INTO custom_format_tags (custom_format_name, tag_name) VALUES ('DVD Remux', 'Source');
INSERT OR IGNORE INTO custom_format_tags (custom_format_name, tag_name) VALUES ('DVD Remux', 'SD');
INSERT OR IGNORE INTO custom_format_tags (custom_format_name, tag_name) VALUES ('DVD Remux', 'Lossless');
INSERT OR REPLACE INTO custom_format_conditions (custom_format_name, name, type, arr_type, negate, required) VALUES ('DVD Remux', 'DVD', 'source', 'all', 0, 1);
INSERT OR REPLACE INTO condition_sources (custom_format_name, condition_name, source) VALUES ('DVD Remux', 'DVD', 'dvd');
INSERT OR REPLACE INTO custom_format_conditions (custom_format_name, name, type, arr_type, negate, required) VALUES ('DVD Remux', 'Remux', 'release_title', 'all', 0, 1);
INSERT OR REPLACE INTO condition_patterns (custom_format_name, condition_name, regular_expression_name) VALUES ('DVD Remux', 'Remux', 'Remux');
INSERT OR IGNORE INTO custom_format_tests (custom_format_name, title, type, should_match, description) VALUES ('DVD Remux', 'Æon Flux AKA Aeon Flux S01 NTSC DVD DD5.1 MPEG-2 REMUX-GF', 'movie', 1, NULL);
INSERT OR REPLACE INTO custom_formats (name, description, include_in_rename) VALUES ('DVD', 'The DVD format, or Digital Versatile Disc, is an optical disc storage medium widely used for video, audio, and data storage. It offers a standard capacity of 4.7 GB for single-layer discs and up to 8.5 GB for dual-layer discs, making it suitable for movies, software, and backups. DVDs provide a resolution of 720x480 (NTSC) or 720x576 (PAL) for video and support Dolby Digital or DTS audio for high-quality sound. They are compatible with standalone DVD players, computer drives, and gaming consoles, offering broad accessibility while requiring a physical disc for playback.', 0);
INSERT OR IGNORE INTO custom_format_tags (custom_format_name, tag_name) VALUES ('DVD', 'Source');
INSERT OR IGNORE INTO custom_format_tags (custom_format_name, tag_name) VALUES ('DVD', 'SD');
INSERT OR REPLACE INTO custom_format_conditions (custom_format_name, name, type, arr_type, negate, required) VALUES ('DVD', 'DVD', 'source', 'all', 0, 1);
INSERT OR REPLACE INTO condition_sources (custom_format_name, condition_name, source) VALUES ('DVD', 'DVD', 'dvd');
INSERT OR REPLACE INTO custom_formats (name, description, include_in_rename) VALUES ('Extras', 'Matches the ''Extras'' Regex Pattern', 0);
INSERT OR IGNORE INTO custom_format_tags (custom_format_name, tag_name) VALUES ('Extras', 'Banned');
INSERT OR IGNORE INTO custom_format_tags (custom_format_name, tag_name) VALUES ('Extras', 'Enhancement');
INSERT OR REPLACE INTO custom_format_conditions (custom_format_name, name, type, arr_type, negate, required) VALUES ('Extras', 'Extras', 'release_title', 'all', 0, 1);
INSERT OR REPLACE INTO condition_patterns (custom_format_name, condition_name, regular_expression_name) VALUES ('Extras', 'Extras', 'Extras');
INSERT OR REPLACE INTO custom_formats (name, description, include_in_rename) VALUES ('FLAC', 'Matches ''FLAC'' Regex Pattern and negates any other audio types that might conflict.', 0);
INSERT OR IGNORE INTO custom_format_tags (custom_format_name, tag_name) VALUES ('FLAC', 'Audio');
INSERT OR REPLACE INTO custom_format_conditions (custom_format_name, name, type, arr_type, negate, required) VALUES ('FLAC', 'FLAC', 'release_title', 'all', 0, 1);
INSERT OR REPLACE INTO condition_patterns (custom_format_name, condition_name, regular_expression_name) VALUES ('FLAC', 'FLAC', 'FLAC');
INSERT OR REPLACE INTO custom_format_conditions (custom_format_name, name, type, arr_type, negate, required) VALUES ('FLAC', 'Not AAC', 'release_title', 'all', 1, 1);
INSERT OR REPLACE INTO condition_patterns (custom_format_name, condition_name, regular_expression_name) VALUES ('FLAC', 'Not AAC', 'AAC');
INSERT OR REPLACE INTO custom_format_conditions (custom_format_name, name, type, arr_type, negate, required) VALUES ('FLAC', 'Not Dolby Digital', 'release_title', 'all', 1, 1);
INSERT OR REPLACE INTO condition_patterns (custom_format_name, condition_name, regular_expression_name) VALUES ('FLAC', 'Not Dolby Digital', 'Dolby Digital');
INSERT OR REPLACE INTO custom_format_conditions (custom_format_name, name, type, arr_type, negate, required) VALUES ('FLAC', 'Not Dolby Digital +', 'release_title', 'all', 1, 1);
INSERT OR REPLACE INTO condition_patterns (custom_format_name, condition_name, regular_expression_name) VALUES ('FLAC', 'Not Dolby Digital +', 'Dolby Digital +');
INSERT OR REPLACE INTO custom_format_conditions (custom_format_name, name, type, arr_type, negate, required) VALUES ('FLAC', 'Not DTS', 'release_title', 'all', 1, 1);
INSERT OR REPLACE INTO condition_patterns (custom_format_name, condition_name, regular_expression_name) VALUES ('FLAC', 'Not DTS', 'DTS');
INSERT OR REPLACE INTO custom_format_conditions (custom_format_name, name, type, arr_type, negate, required) VALUES ('FLAC', 'Not PCM', 'release_title', 'all', 1, 1);
INSERT OR REPLACE INTO condition_patterns (custom_format_name, condition_name, regular_expression_name) VALUES ('FLAC', 'Not PCM', 'PCM');
INSERT OR REPLACE INTO custom_format_conditions (custom_format_name, name, type, arr_type, negate, required) VALUES ('FLAC', 'Not TrueHD', 'release_title', 'all', 1, 1);
INSERT OR REPLACE INTO condition_patterns (custom_format_name, condition_name, regular_expression_name) VALUES ('FLAC', 'Not TrueHD', 'TrueHD');
INSERT OR REPLACE INTO custom_formats (name, description, include_in_rename) VALUES ('Freeleech 100%', '100% Freeleech Indexer Flag', 0);
INSERT OR IGNORE INTO custom_format_tags (custom_format_name, tag_name) VALUES ('Freeleech 100%', 'Flag');
INSERT OR IGNORE INTO custom_format_tags (custom_format_name, tag_name) VALUES ('Freeleech 100%', 'Freeleech');
INSERT OR REPLACE INTO custom_format_conditions (custom_format_name, name, type, arr_type, negate, required) VALUES ('Freeleech 100%', '100% Freeleech', 'indexer_flag', 'all', 0, 1);
INSERT OR REPLACE INTO condition_indexer_flags (custom_format_name, condition_name, flag) VALUES ('Freeleech 100%', '100% Freeleech', 'freeleech');
INSERT OR REPLACE INTO custom_formats (name, description, include_in_rename) VALUES ('Freeleech 25%', '25% Freeleech Indexer Flag', 0);
INSERT OR IGNORE INTO custom_format_tags (custom_format_name, tag_name) VALUES ('Freeleech 25%', 'Flag');
INSERT OR IGNORE INTO custom_format_tags (custom_format_name, tag_name) VALUES ('Freeleech 25%', 'Freeleech');
INSERT OR REPLACE INTO custom_format_conditions (custom_format_name, name, type, arr_type, negate, required) VALUES ('Freeleech 25%', '25% Freeleech', 'indexer_flag', 'all', 0, 1);
INSERT OR REPLACE INTO condition_indexer_flags (custom_format_name, condition_name, flag) VALUES ('Freeleech 25%', '25% Freeleech', 'freeleech_25');
INSERT OR REPLACE INTO custom_formats (name, description, include_in_rename) VALUES ('Freeleech 50%', '50% Freeleech Indexer Flag', 0);
INSERT OR IGNORE INTO custom_format_tags (custom_format_name, tag_name) VALUES ('Freeleech 50%', 'Flag');
INSERT OR IGNORE INTO custom_format_tags (custom_format_name, tag_name) VALUES ('Freeleech 50%', 'Freeleech');
INSERT OR REPLACE INTO custom_format_conditions (custom_format_name, name, type, arr_type, negate, required) VALUES ('Freeleech 50%', '50% Freeleech', 'indexer_flag', 'all', 0, 1);
INSERT OR REPLACE INTO condition_indexer_flags (custom_format_name, condition_name, flag) VALUES ('Freeleech 50%', '50% Freeleech', 'halfleech');
INSERT OR REPLACE INTO custom_formats (name, description, include_in_rename) VALUES ('Freeleech 75%', '75% Freeleech Indexer Flag', 0);
INSERT OR IGNORE INTO custom_format_tags (custom_format_name, tag_name) VALUES ('Freeleech 75%', 'Flag');
INSERT OR IGNORE INTO custom_format_tags (custom_format_name, tag_name) VALUES ('Freeleech 75%', 'Freeleech');
INSERT OR REPLACE INTO custom_format_conditions (custom_format_name, name, type, arr_type, negate, required) VALUES ('Freeleech 75%', '75% Freeleech', 'indexer_flag', 'all', 0, 1);
INSERT OR REPLACE INTO condition_indexer_flags (custom_format_name, condition_name, flag) VALUES ('Freeleech 75%', '75% Freeleech', 'freeleech_75');
INSERT OR REPLACE INTO custom_formats (name, description, include_in_rename) VALUES ('Full Disc (Quality Match)', 'Matches Full Discs using a Radarr Quality Match', 0);
INSERT OR IGNORE INTO custom_format_tags (custom_format_name, tag_name) VALUES ('Full Disc (Quality Match)', 'Storage');
INSERT OR REPLACE INTO custom_format_conditions (custom_format_name, name, type, arr_type, negate, required) VALUES ('Full Disc (Quality Match)', 'BRDISK', 'quality_modifier', 'all', 0, 1);
INSERT OR REPLACE INTO condition_quality_modifiers (custom_format_name, condition_name, quality_modifier) VALUES ('Full Disc (Quality Match)', 'BRDISK', 'brdisk');
INSERT OR REPLACE INTO custom_formats (name, description, include_in_rename) VALUES ('Full Disc', 'Matches the ''Full Disc'' regex pattern and negates any remuxes / encodes. ', 0);
INSERT OR IGNORE INTO custom_format_tags (custom_format_name, tag_name) VALUES ('Full Disc', 'Storage');
INSERT OR REPLACE INTO custom_format_conditions (custom_format_name, name, type, arr_type, negate, required) VALUES ('Full Disc', 'Full Disc', 'release_title', 'all', 0, 1);
INSERT OR REPLACE INTO condition_patterns (custom_format_name, condition_name, regular_expression_name) VALUES ('Full Disc', 'Full Disc', 'Full Disc');
INSERT OR REPLACE INTO custom_format_conditions (custom_format_name, name, type, arr_type, negate, required) VALUES ('Full Disc', 'Not WEB-DL', 'source', 'all', 1, 1);
INSERT OR REPLACE INTO condition_sources (custom_format_name, condition_name, source) VALUES ('Full Disc', 'Not WEB-DL', 'web_dl');
INSERT OR REPLACE INTO custom_format_conditions (custom_format_name, name, type, arr_type, negate, required) VALUES ('Full Disc', 'Not WEBRip', 'source', 'all', 1, 1);
INSERT OR REPLACE INTO condition_sources (custom_format_name, condition_name, source) VALUES ('Full Disc', 'Not WEBRip', 'webrip');
INSERT OR REPLACE INTO custom_format_conditions (custom_format_name, name, type, arr_type, negate, required) VALUES ('Full Disc', 'Not Remux', 'release_title', 'all', 1, 1);
INSERT OR REPLACE INTO condition_patterns (custom_format_name, condition_name, regular_expression_name) VALUES ('Full Disc', 'Not Remux', 'Remux');
INSERT OR REPLACE INTO custom_format_conditions (custom_format_name, name, type, arr_type, negate, required) VALUES ('Full Disc', 'Not x264', 'release_title', 'all', 1, 1);
INSERT OR REPLACE INTO condition_patterns (custom_format_name, condition_name, regular_expression_name) VALUES ('Full Disc', 'Not x264', 'x264');
INSERT OR REPLACE INTO custom_format_conditions (custom_format_name, name, type, arr_type, negate, required) VALUES ('Full Disc', 'Not x265', 'release_title', 'all', 1, 1);
INSERT OR REPLACE INTO condition_patterns (custom_format_name, condition_name, regular_expression_name) VALUES ('Full Disc', 'Not x265', 'x265');
INSERT OR IGNORE INTO custom_format_tests (custom_format_name, title, type, should_match, description) VALUES ('Full Disc', 'Isolani 2017 1080p BluRay REMUX AVC DTS-HD MA 5.1-Parapluie', 'movie', 0, NULL);
INSERT OR REPLACE INTO custom_formats (name, description, include_in_rename) VALUES ('German DL', NULL, 0);
INSERT OR IGNORE INTO custom_format_tags (custom_format_name, tag_name) VALUES ('German DL', 'Language');
INSERT OR REPLACE INTO custom_format_conditions (custom_format_name, name, type, arr_type, negate, required) VALUES ('German DL', 'German DL', 'release_title', 'all', 0, 1);
INSERT OR REPLACE INTO condition_patterns (custom_format_name, condition_name, regular_expression_name) VALUES ('German DL', 'German DL', 'German DL');
INSERT OR REPLACE INTO custom_formats (name, description, include_in_rename) VALUES ('h265 (Efficient)', 'Matches ''h265'' regex pattern.', 0);
INSERT OR IGNORE INTO custom_format_tags (custom_format_name, tag_name) VALUES ('h265 (Efficient)', 'Codec');
INSERT OR REPLACE INTO custom_format_conditions (custom_format_name, name, type, arr_type, negate, required) VALUES ('h265 (Efficient)', 'h265', 'release_title', 'all', 0, 1);
INSERT OR REPLACE INTO condition_patterns (custom_format_name, condition_name, regular_expression_name) VALUES ('h265 (Efficient)', 'h265', 'h265');
INSERT OR REPLACE INTO custom_format_conditions (custom_format_name, name, type, arr_type, negate, required) VALUES ('h265 (Efficient)', 'Not 2160p', 'resolution', 'all', 1, 1);
INSERT OR REPLACE INTO condition_resolutions (custom_format_name, condition_name, resolution) VALUES ('h265 (Efficient)', 'Not 2160p', '2160p');
INSERT OR REPLACE INTO custom_format_conditions (custom_format_name, name, type, arr_type, negate, required) VALUES ('h265 (Efficient)', 'Not 1080p', 'resolution', 'all', 1, 1);
INSERT OR REPLACE INTO condition_resolutions (custom_format_name, condition_name, resolution) VALUES ('h265 (Efficient)', 'Not 1080p', '1080p');
INSERT OR REPLACE INTO custom_formats (name, description, include_in_rename) VALUES ('h265', 'Matches ''h265'' regex pattern.', 0);
INSERT OR IGNORE INTO custom_format_tags (custom_format_name, tag_name) VALUES ('h265', 'Codec');
INSERT OR REPLACE INTO custom_format_conditions (custom_format_name, name, type, arr_type, negate, required) VALUES ('h265', 'h265', 'release_title', 'all', 0, 1);
INSERT OR REPLACE INTO condition_patterns (custom_format_name, condition_name, regular_expression_name) VALUES ('h265', 'h265', 'h265');
INSERT OR REPLACE INTO custom_format_conditions (custom_format_name, name, type, arr_type, negate, required) VALUES ('h265', 'Not 2160p', 'resolution', 'all', 1, 1);
INSERT OR REPLACE INTO condition_resolutions (custom_format_name, condition_name, resolution) VALUES ('h265', 'Not 2160p', '2160p');
INSERT OR REPLACE INTO custom_formats (name, description, include_in_rename) VALUES ('HBO Max Enhancement', NULL, 0);
INSERT OR IGNORE INTO custom_format_tags (custom_format_name, tag_name) VALUES ('HBO Max Enhancement', 'Enhancement');
INSERT OR REPLACE INTO custom_format_conditions (custom_format_name, name, type, arr_type, negate, required) VALUES ('HBO Max Enhancement', 'Not 2160p', 'resolution', 'all', 1, 1);
INSERT OR REPLACE INTO condition_resolutions (custom_format_name, condition_name, resolution) VALUES ('HBO Max Enhancement', 'Not 2160p', '2160p');
INSERT OR REPLACE INTO custom_format_conditions (custom_format_name, name, type, arr_type, negate, required) VALUES ('HBO Max Enhancement', 'HMAX', 'release_title', 'all', 0, 0);
INSERT OR REPLACE INTO condition_patterns (custom_format_name, condition_name, regular_expression_name) VALUES ('HBO Max Enhancement', 'HMAX', 'HBO Max');
INSERT OR REPLACE INTO custom_format_conditions (custom_format_name, name, type, arr_type, negate, required) VALUES ('HBO Max Enhancement', 'MAX', 'release_title', 'all', 0, 0);
INSERT OR REPLACE INTO condition_patterns (custom_format_name, condition_name, regular_expression_name) VALUES ('HBO Max Enhancement', 'MAX', 'Max');
INSERT OR REPLACE INTO custom_formats (name, description, include_in_rename) VALUES ('HDR (Missing)', 'Attempts to match HDR in 1080p x265 Encodes labelled with x265', 0);
INSERT OR IGNORE INTO custom_format_tags (custom_format_name, tag_name) VALUES ('HDR (Missing)', 'Colour Grade');
INSERT OR IGNORE INTO custom_format_tags (custom_format_name, tag_name) VALUES ('HDR (Missing)', 'HDR');
INSERT OR REPLACE INTO custom_format_conditions (custom_format_name, name, type, arr_type, negate, required) VALUES ('HDR (Missing)', '1080p', 'resolution', 'all', 0, 1);
INSERT OR REPLACE INTO condition_resolutions (custom_format_name, condition_name, resolution) VALUES ('HDR (Missing)', '1080p', '1080p');
INSERT OR REPLACE INTO custom_format_conditions (custom_format_name, name, type, arr_type, negate, required) VALUES ('HDR (Missing)', 'Bluray', 'source', 'all', 0, 1);
INSERT OR REPLACE INTO condition_sources (custom_format_name, condition_name, source) VALUES ('HDR (Missing)', 'Bluray', 'bluray');
INSERT OR REPLACE INTO custom_format_conditions (custom_format_name, name, type, arr_type, negate, required) VALUES ('HDR (Missing)', 'Dolby Vision', 'release_title', 'all', 0, 1);
INSERT OR REPLACE INTO condition_patterns (custom_format_name, condition_name, regular_expression_name) VALUES ('HDR (Missing)', 'Dolby Vision', 'Dolby Vision');
INSERT OR REPLACE INTO custom_format_conditions (custom_format_name, name, type, arr_type, negate, required) VALUES ('HDR (Missing)', 'x265', 'release_title', 'all', 0, 1);
INSERT OR REPLACE INTO condition_patterns (custom_format_name, condition_name, regular_expression_name) VALUES ('HDR (Missing)', 'x265', 'x265');
INSERT OR REPLACE INTO custom_format_conditions (custom_format_name, name, type, arr_type, negate, required) VALUES ('HDR (Missing)', 'Not SDR', 'release_title', 'all', 1, 1);
INSERT OR REPLACE INTO condition_patterns (custom_format_name, condition_name, regular_expression_name) VALUES ('HDR (Missing)', 'Not SDR', 'SDR');
INSERT OR REPLACE INTO custom_format_conditions (custom_format_name, name, type, arr_type, negate, required) VALUES ('HDR (Missing)', 'Not PQ', 'release_title', 'all', 1, 1);
INSERT OR REPLACE INTO condition_patterns (custom_format_name, condition_name, regular_expression_name) VALUES ('HDR (Missing)', 'Not PQ', 'PQ');
INSERT OR REPLACE INTO custom_format_conditions (custom_format_name, name, type, arr_type, negate, required) VALUES ('HDR (Missing)', 'Not HLG', 'release_title', 'all', 1, 1);
INSERT OR REPLACE INTO condition_patterns (custom_format_name, condition_name, regular_expression_name) VALUES ('HDR (Missing)', 'Not HLG', 'HLG');
INSERT OR REPLACE INTO custom_format_conditions (custom_format_name, name, type, arr_type, negate, required) VALUES ('HDR (Missing)', 'Not HDR', 'release_title', 'all', 1, 1);
INSERT OR REPLACE INTO condition_patterns (custom_format_name, condition_name, regular_expression_name) VALUES ('HDR (Missing)', 'Not HDR', 'HDR');
INSERT OR REPLACE INTO custom_format_conditions (custom_format_name, name, type, arr_type, negate, required) VALUES ('HDR (Missing)', 'Not HDR10', 'release_title', 'all', 1, 1);
INSERT OR REPLACE INTO condition_patterns (custom_format_name, condition_name, regular_expression_name) VALUES ('HDR (Missing)', 'Not HDR10', 'HDR10');
INSERT OR REPLACE INTO custom_format_conditions (custom_format_name, name, type, arr_type, negate, required) VALUES ('HDR (Missing)', 'Not HDR10+', 'release_title', 'all', 1, 1);
INSERT OR REPLACE INTO condition_patterns (custom_format_name, condition_name, regular_expression_name) VALUES ('HDR (Missing)', 'Not HDR10+', 'HDR10+');
INSERT OR REPLACE INTO custom_formats (name, description, include_in_rename) VALUES ('HDR', 'Matches the ''HDR'' Regex Pattern', 0);
INSERT OR IGNORE INTO custom_format_tags (custom_format_name, tag_name) VALUES ('HDR', 'Colour Grade');
INSERT OR IGNORE INTO custom_format_tags (custom_format_name, tag_name) VALUES ('HDR', 'HDR');
INSERT OR REPLACE INTO custom_format_conditions (custom_format_name, name, type, arr_type, negate, required) VALUES ('HDR', 'HDR', 'release_title', 'all', 0, 1);
INSERT OR REPLACE INTO condition_patterns (custom_format_name, condition_name, regular_expression_name) VALUES ('HDR', 'HDR', 'HDR');
INSERT OR REPLACE INTO custom_format_conditions (custom_format_name, name, type, arr_type, negate, required) VALUES ('HDR', 'Not SDR', 'release_title', 'all', 1, 1);
INSERT OR REPLACE INTO condition_patterns (custom_format_name, condition_name, regular_expression_name) VALUES ('HDR', 'Not SDR', 'SDR');
INSERT OR REPLACE INTO custom_format_conditions (custom_format_name, name, type, arr_type, negate, required) VALUES ('HDR', 'Not PQ', 'release_title', 'all', 1, 1);
INSERT OR REPLACE INTO condition_patterns (custom_format_name, condition_name, regular_expression_name) VALUES ('HDR', 'Not PQ', 'PQ');
INSERT OR REPLACE INTO custom_format_conditions (custom_format_name, name, type, arr_type, negate, required) VALUES ('HDR', 'Not HLG', 'release_title', 'all', 1, 1);
INSERT OR REPLACE INTO condition_patterns (custom_format_name, condition_name, regular_expression_name) VALUES ('HDR', 'Not HLG', 'HLG');
INSERT OR REPLACE INTO custom_format_conditions (custom_format_name, name, type, arr_type, negate, required) VALUES ('HDR', 'Not HDR10', 'release_title', 'all', 1, 1);
INSERT OR REPLACE INTO condition_patterns (custom_format_name, condition_name, regular_expression_name) VALUES ('HDR', 'Not HDR10', 'HDR10');
INSERT OR REPLACE INTO custom_format_conditions (custom_format_name, name, type, arr_type, negate, required) VALUES ('HDR', 'Not HDR10+', 'release_title', 'all', 1, 1);
INSERT OR REPLACE INTO condition_patterns (custom_format_name, condition_name, regular_expression_name) VALUES ('HDR', 'Not HDR10+', 'HDR10+');
INSERT OR REPLACE INTO custom_formats (name, description, include_in_rename) VALUES ('HDR10 (Missing)', 'Attempts to match HDR10 to groups that mislabel their releases. *This does not work properly in sonarr.*', 0);
INSERT OR IGNORE INTO custom_format_tags (custom_format_name, tag_name) VALUES ('HDR10 (Missing)', 'Colour Grade');
INSERT OR IGNORE INTO custom_format_tags (custom_format_name, tag_name) VALUES ('HDR10 (Missing)', 'HDR');
INSERT OR REPLACE INTO custom_format_conditions (custom_format_name, name, type, arr_type, negate, required) VALUES ('HDR10 (Missing)', '2160p', 'resolution', 'all', 0, 1);
INSERT OR REPLACE INTO condition_resolutions (custom_format_name, condition_name, resolution) VALUES ('HDR10 (Missing)', '2160p', '2160p');
INSERT OR REPLACE INTO custom_format_conditions (custom_format_name, name, type, arr_type, negate, required) VALUES ('HDR10 (Missing)', 'Bluray', 'source', 'all', 0, 1);
INSERT OR REPLACE INTO condition_sources (custom_format_name, condition_name, source) VALUES ('HDR10 (Missing)', 'Bluray', 'bluray');
INSERT OR REPLACE INTO custom_format_conditions (custom_format_name, name, type, arr_type, negate, required) VALUES ('HDR10 (Missing)', 'Release Groups', 'release_group', 'all', 1, 1);
INSERT OR REPLACE INTO condition_patterns (custom_format_name, condition_name, regular_expression_name) VALUES ('HDR10 (Missing)', 'Release Groups', 'HDR10 (Negation)');
INSERT OR REPLACE INTO custom_format_conditions (custom_format_name, name, type, arr_type, negate, required) VALUES ('HDR10 (Missing)', 'Not SDR', 'release_title', 'all', 1, 1);
INSERT OR REPLACE INTO condition_patterns (custom_format_name, condition_name, regular_expression_name) VALUES ('HDR10 (Missing)', 'Not SDR', 'SDR');
INSERT OR REPLACE INTO custom_format_conditions (custom_format_name, name, type, arr_type, negate, required) VALUES ('HDR10 (Missing)', 'Not PQ', 'release_title', 'all', 1, 1);
INSERT OR REPLACE INTO condition_patterns (custom_format_name, condition_name, regular_expression_name) VALUES ('HDR10 (Missing)', 'Not PQ', 'PQ');
INSERT OR REPLACE INTO custom_format_conditions (custom_format_name, name, type, arr_type, negate, required) VALUES ('HDR10 (Missing)', 'Not HLG', 'release_title', 'all', 1, 1);
INSERT OR REPLACE INTO condition_patterns (custom_format_name, condition_name, regular_expression_name) VALUES ('HDR10 (Missing)', 'Not HLG', 'HLG');
INSERT OR REPLACE INTO custom_format_conditions (custom_format_name, name, type, arr_type, negate, required) VALUES ('HDR10 (Missing)', 'Not HDR', 'release_title', 'all', 1, 1);
INSERT OR REPLACE INTO condition_patterns (custom_format_name, condition_name, regular_expression_name) VALUES ('HDR10 (Missing)', 'Not HDR', 'HDR');
INSERT OR REPLACE INTO custom_format_conditions (custom_format_name, name, type, arr_type, negate, required) VALUES ('HDR10 (Missing)', 'Not HDR10', 'release_title', 'all', 1, 1);
INSERT OR REPLACE INTO condition_patterns (custom_format_name, condition_name, regular_expression_name) VALUES ('HDR10 (Missing)', 'Not HDR10', 'HDR10');
INSERT OR REPLACE INTO custom_format_conditions (custom_format_name, name, type, arr_type, negate, required) VALUES ('HDR10 (Missing)', 'Not HDR10+', 'release_title', 'all', 1, 1);
INSERT OR REPLACE INTO condition_patterns (custom_format_name, condition_name, regular_expression_name) VALUES ('HDR10 (Missing)', 'Not HDR10+', 'HDR10+');
INSERT OR IGNORE INTO custom_format_tests (custom_format_name, title, type, should_match, description) VALUES ('HDR10 (Missing)', 'Barbie 2023 UHD BluRay 2160p TrueHD Atmos 7.1 DV HEVC HYBRID REMUX-FraMeSToR', 'movie', 1, NULL);
INSERT OR IGNORE INTO custom_format_tests (custom_format_name, title, type, should_match, description) VALUES ('HDR10 (Missing)', 'Barbie (2023) 2160p UHD BluRay Hybrid REMUX HEVC DV HDR TrueHD Atmos 7.1 English-FraMeSToR', 'movie', 0, NULL);
INSERT OR IGNORE INTO custom_format_tests (custom_format_name, title, type, should_match, description) VALUES ('HDR10 (Missing)', 'For a Few Dollars More aka Per qualche dollaro in più 1965 UHD BluRay 2160p DTS-HD MA 5.1 SDR HEVC REMUX-FraMeSToR', 'movie', 0, NULL);
INSERT OR REPLACE INTO custom_formats (name, description, include_in_rename) VALUES ('HDR10', 'Matches the ''HDR10'' Regex Pattern', 0);
INSERT OR IGNORE INTO custom_format_tags (custom_format_name, tag_name) VALUES ('HDR10', 'Colour Grade');
INSERT OR IGNORE INTO custom_format_tags (custom_format_name, tag_name) VALUES ('HDR10', 'HDR');
INSERT OR REPLACE INTO custom_format_conditions (custom_format_name, name, type, arr_type, negate, required) VALUES ('HDR10', 'HDR10', 'release_title', 'all', 0, 1);
INSERT OR REPLACE INTO condition_patterns (custom_format_name, condition_name, regular_expression_name) VALUES ('HDR10', 'HDR10', 'HDR10');
INSERT OR REPLACE INTO custom_format_conditions (custom_format_name, name, type, arr_type, negate, required) VALUES ('HDR10', 'Not SDR', 'release_title', 'all', 1, 1);
INSERT OR REPLACE INTO condition_patterns (custom_format_name, condition_name, regular_expression_name) VALUES ('HDR10', 'Not SDR', 'SDR');
INSERT OR REPLACE INTO custom_format_conditions (custom_format_name, name, type, arr_type, negate, required) VALUES ('HDR10', 'Not PQ', 'release_title', 'all', 1, 1);
INSERT OR REPLACE INTO condition_patterns (custom_format_name, condition_name, regular_expression_name) VALUES ('HDR10', 'Not PQ', 'PQ');
INSERT OR REPLACE INTO custom_format_conditions (custom_format_name, name, type, arr_type, negate, required) VALUES ('HDR10', 'Not HLG', 'release_title', 'all', 1, 1);
INSERT OR REPLACE INTO condition_patterns (custom_format_name, condition_name, regular_expression_name) VALUES ('HDR10', 'Not HLG', 'HLG');
INSERT OR REPLACE INTO custom_format_conditions (custom_format_name, name, type, arr_type, negate, required) VALUES ('HDR10', 'Not HDR10+', 'release_title', 'all', 1, 1);
INSERT OR REPLACE INTO condition_patterns (custom_format_name, condition_name, regular_expression_name) VALUES ('HDR10', 'Not HDR10+', 'HDR10+');
INSERT OR REPLACE INTO custom_formats (name, description, include_in_rename) VALUES ('HDR10+', 'Matches the ''HDR10+'' Regex Pattern', 0);
INSERT OR IGNORE INTO custom_format_tags (custom_format_name, tag_name) VALUES ('HDR10+', 'Colour Grade');
INSERT OR IGNORE INTO custom_format_tags (custom_format_name, tag_name) VALUES ('HDR10+', 'HDR');
INSERT OR REPLACE INTO custom_format_conditions (custom_format_name, name, type, arr_type, negate, required) VALUES ('HDR10+', 'HDR10+', 'release_title', 'all', 0, 1);
INSERT OR REPLACE INTO condition_patterns (custom_format_name, condition_name, regular_expression_name) VALUES ('HDR10+', 'HDR10+', 'HDR10+');
INSERT OR REPLACE INTO custom_format_conditions (custom_format_name, name, type, arr_type, negate, required) VALUES ('HDR10+', 'Not SDR', 'release_title', 'all', 1, 1);
INSERT OR REPLACE INTO condition_patterns (custom_format_name, condition_name, regular_expression_name) VALUES ('HDR10+', 'Not SDR', 'SDR');
INSERT OR REPLACE INTO custom_format_conditions (custom_format_name, name, type, arr_type, negate, required) VALUES ('HDR10+', 'Not PQ', 'release_title', 'all', 1, 1);
INSERT OR REPLACE INTO condition_patterns (custom_format_name, condition_name, regular_expression_name) VALUES ('HDR10+', 'Not PQ', 'PQ');
INSERT OR REPLACE INTO custom_format_conditions (custom_format_name, name, type, arr_type, negate, required) VALUES ('HDR10+', 'Not HLG', 'release_title', 'all', 1, 1);
INSERT OR REPLACE INTO condition_patterns (custom_format_name, condition_name, regular_expression_name) VALUES ('HDR10+', 'Not HLG', 'HLG');
INSERT OR REPLACE INTO custom_formats (name, description, include_in_rename) VALUES ('HLG', 'Matches the ''HLG'' Regex Pattern', 0);
INSERT OR IGNORE INTO custom_format_tags (custom_format_name, tag_name) VALUES ('HLG', 'Colour Grade');
INSERT OR IGNORE INTO custom_format_tags (custom_format_name, tag_name) VALUES ('HLG', 'HDR');
INSERT OR REPLACE INTO custom_format_conditions (custom_format_name, name, type, arr_type, negate, required) VALUES ('HLG', 'HLG', 'release_title', 'all', 0, 1);
INSERT OR REPLACE INTO condition_patterns (custom_format_name, condition_name, regular_expression_name) VALUES ('HLG', 'HLG', 'HLG');
INSERT OR REPLACE INTO custom_format_conditions (custom_format_name, name, type, arr_type, negate, required) VALUES ('HLG', 'Not SDR', 'release_title', 'all', 1, 1);
INSERT OR REPLACE INTO condition_patterns (custom_format_name, condition_name, regular_expression_name) VALUES ('HLG', 'Not SDR', 'SDR');
INSERT OR REPLACE INTO custom_format_conditions (custom_format_name, name, type, arr_type, negate, required) VALUES ('HLG', 'Not PQ', 'release_title', 'all', 1, 1);
INSERT OR REPLACE INTO condition_patterns (custom_format_name, condition_name, regular_expression_name) VALUES ('HLG', 'Not PQ', 'PQ');
INSERT OR REPLACE INTO custom_format_conditions (custom_format_name, name, type, arr_type, negate, required) VALUES ('HLG', 'Not HDR', 'release_title', 'all', 1, 1);
INSERT OR REPLACE INTO condition_patterns (custom_format_name, condition_name, regular_expression_name) VALUES ('HLG', 'Not HDR', 'HDR');
INSERT OR REPLACE INTO custom_format_conditions (custom_format_name, name, type, arr_type, negate, required) VALUES ('HLG', 'Not HDR10', 'release_title', 'all', 1, 1);
INSERT OR REPLACE INTO condition_patterns (custom_format_name, condition_name, regular_expression_name) VALUES ('HLG', 'Not HDR10', 'HDR10');
INSERT OR REPLACE INTO custom_format_conditions (custom_format_name, name, type, arr_type, negate, required) VALUES ('HLG', 'Not HDR10+', 'release_title', 'all', 1, 1);
INSERT OR REPLACE INTO condition_patterns (custom_format_name, condition_name, regular_expression_name) VALUES ('HLG', 'Not HDR10+', 'HDR10+');
INSERT OR REPLACE INTO custom_formats (name, description, include_in_rename) VALUES ('HMAX', 'Matches ''HBO Max'' WEB-DLs. Negates any encodes.', 0);
INSERT OR IGNORE INTO custom_format_tags (custom_format_name, tag_name) VALUES ('HMAX', 'Streaming Service');
INSERT OR IGNORE INTO custom_format_tags (custom_format_name, tag_name) VALUES ('HMAX', 'WEB-DL');
INSERT OR REPLACE INTO custom_format_conditions (custom_format_name, name, type, arr_type, negate, required) VALUES ('HMAX', 'HMAX Regex', 'release_title', 'all', 0, 1);
INSERT OR REPLACE INTO condition_patterns (custom_format_name, condition_name, regular_expression_name) VALUES ('HMAX', 'HMAX Regex', 'HBO Max');
INSERT OR REPLACE INTO custom_format_conditions (custom_format_name, name, type, arr_type, negate, required) VALUES ('HMAX', 'WEB-DL', 'source', 'all', 0, 0);
INSERT OR REPLACE INTO condition_sources (custom_format_name, condition_name, source) VALUES ('HMAX', 'WEB-DL', 'web_dl');
INSERT OR REPLACE INTO custom_format_conditions (custom_format_name, name, type, arr_type, negate, required) VALUES ('HMAX', 'WEBRip', 'source', 'all', 0, 0);
INSERT OR REPLACE INTO condition_sources (custom_format_name, condition_name, source) VALUES ('HMAX', 'WEBRip', 'webrip');
INSERT OR IGNORE INTO custom_format_tests (custom_format_name, title, type, should_match, description) VALUES ('HMAX', 'Young Justice S04 1080p HMAX WEBRip DD 5 1 x265-edge2020', 'movie', 0, NULL);
INSERT OR REPLACE INTO custom_formats (name, description, include_in_rename) VALUES ('HONE Bluray', NULL, 0);
INSERT OR REPLACE INTO custom_format_conditions (custom_format_name, name, type, arr_type, negate, required) VALUES ('HONE Bluray', '1080p', 'resolution', 'all', 0, 1);
INSERT OR REPLACE INTO condition_resolutions (custom_format_name, condition_name, resolution) VALUES ('HONE Bluray', '1080p', '1080p');
INSERT OR REPLACE INTO custom_format_conditions (custom_format_name, name, type, arr_type, negate, required) VALUES ('HONE Bluray', 'Bluray', 'source', 'all', 0, 1);
INSERT OR REPLACE INTO condition_sources (custom_format_name, condition_name, source) VALUES ('HONE Bluray', 'Bluray', 'bluray');
INSERT OR REPLACE INTO custom_format_conditions (custom_format_name, name, type, arr_type, negate, required) VALUES ('HONE Bluray', 'x265', 'release_title', 'all', 0, 1);
INSERT OR REPLACE INTO condition_patterns (custom_format_name, condition_name, regular_expression_name) VALUES ('HONE Bluray', 'x265', 'x265 (Efficient)');
INSERT OR REPLACE INTO custom_format_conditions (custom_format_name, name, type, arr_type, negate, required) VALUES ('HONE Bluray', 'HONE', 'release_title', 'all', 0, 1);
INSERT OR REPLACE INTO condition_patterns (custom_format_name, condition_name, regular_expression_name) VALUES ('HONE Bluray', 'HONE', 'HONE');
INSERT OR REPLACE INTO custom_format_conditions (custom_format_name, name, type, arr_type, negate, required) VALUES ('HONE Bluray', 'Release Group', 'release_group', 'all', 1, 1);
INSERT OR REPLACE INTO condition_patterns (custom_format_name, condition_name, regular_expression_name) VALUES ('HONE Bluray', 'Release Group', 'HONE');
INSERT OR REPLACE INTO custom_formats (name, description, include_in_rename) VALUES ('HONE Blurays', NULL, 0);
INSERT OR REPLACE INTO custom_format_conditions (custom_format_name, name, type, arr_type, negate, required) VALUES ('HONE Blurays', '2160p', 'resolution', 'all', 0, 1);
INSERT OR REPLACE INTO condition_resolutions (custom_format_name, condition_name, resolution) VALUES ('HONE Blurays', '2160p', '2160p');
INSERT OR REPLACE INTO custom_format_conditions (custom_format_name, name, type, arr_type, negate, required) VALUES ('HONE Blurays', 'Bluray', 'source', 'all', 0, 1);
INSERT OR REPLACE INTO condition_sources (custom_format_name, condition_name, source) VALUES ('HONE Blurays', 'Bluray', 'bluray');
INSERT OR REPLACE INTO custom_format_conditions (custom_format_name, name, type, arr_type, negate, required) VALUES ('HONE Blurays', 'x265', 'release_title', 'all', 0, 1);
INSERT OR REPLACE INTO condition_patterns (custom_format_name, condition_name, regular_expression_name) VALUES ('HONE Blurays', 'x265', 'x265 (Efficient)');
INSERT OR REPLACE INTO custom_format_conditions (custom_format_name, name, type, arr_type, negate, required) VALUES ('HONE Blurays', 'HONE', 'release_title', 'all', 0, 1);
INSERT OR REPLACE INTO condition_patterns (custom_format_name, condition_name, regular_expression_name) VALUES ('HONE Blurays', 'HONE', 'HONE');
INSERT OR REPLACE INTO custom_format_conditions (custom_format_name, name, type, arr_type, negate, required) VALUES ('HONE Blurays', 'Release Group', 'release_group', 'all', 1, 1);
INSERT OR REPLACE INTO condition_patterns (custom_format_name, condition_name, regular_expression_name) VALUES ('HONE Blurays', 'Release Group', 'HONE');
INSERT OR REPLACE INTO custom_formats (name, description, include_in_rename) VALUES ('HONE WEB', NULL, 0);
INSERT OR REPLACE INTO custom_format_conditions (custom_format_name, name, type, arr_type, negate, required) VALUES ('HONE WEB', '1080p', 'resolution', 'all', 0, 1);
INSERT OR REPLACE INTO condition_resolutions (custom_format_name, condition_name, resolution) VALUES ('HONE WEB', '1080p', '1080p');
INSERT OR REPLACE INTO custom_format_conditions (custom_format_name, name, type, arr_type, negate, required) VALUES ('HONE WEB', 'WEB-DL', 'source', 'all', 0, 1);
INSERT OR REPLACE INTO condition_sources (custom_format_name, condition_name, source) VALUES ('HONE WEB', 'WEB-DL', 'web_dl');
INSERT OR REPLACE INTO custom_format_conditions (custom_format_name, name, type, arr_type, negate, required) VALUES ('HONE WEB', 'x265', 'release_title', 'all', 0, 1);
INSERT OR REPLACE INTO condition_patterns (custom_format_name, condition_name, regular_expression_name) VALUES ('HONE WEB', 'x265', 'x265 (Efficient)');
INSERT OR REPLACE INTO custom_format_conditions (custom_format_name, name, type, arr_type, negate, required) VALUES ('HONE WEB', 'HONE', 'release_title', 'all', 0, 1);
INSERT OR REPLACE INTO condition_patterns (custom_format_name, condition_name, regular_expression_name) VALUES ('HONE WEB', 'HONE', 'HONE');
INSERT OR REPLACE INTO custom_format_conditions (custom_format_name, name, type, arr_type, negate, required) VALUES ('HONE WEB', 'Not Weasley', 'release_title', 'all', 1, 1);
INSERT OR REPLACE INTO condition_patterns (custom_format_name, condition_name, regular_expression_name) VALUES ('HONE WEB', 'Not Weasley', 'Weasley');
INSERT OR REPLACE INTO custom_format_conditions (custom_format_name, name, type, arr_type, negate, required) VALUES ('HONE WEB', 'Release Group', 'release_group', 'all', 1, 1);
INSERT OR REPLACE INTO condition_patterns (custom_format_name, condition_name, regular_expression_name) VALUES ('HONE WEB', 'Release Group', 'HONE');
INSERT OR REPLACE INTO custom_formats (name, description, include_in_rename) VALUES ('HTSR', 'Matches ''Hotstar'' WEB-DLs. Negates any encodes.', 0);
INSERT OR IGNORE INTO custom_format_tags (custom_format_name, tag_name) VALUES ('HTSR', 'Streaming Service');
INSERT OR IGNORE INTO custom_format_tags (custom_format_name, tag_name) VALUES ('HTSR', 'WEB-DL');
INSERT OR REPLACE INTO custom_format_conditions (custom_format_name, name, type, arr_type, negate, required) VALUES ('HTSR', 'HTSR Regex', 'release_title', 'all', 0, 1);
INSERT OR REPLACE INTO condition_patterns (custom_format_name, condition_name, regular_expression_name) VALUES ('HTSR', 'HTSR Regex', 'Hotstar');
INSERT OR REPLACE INTO custom_format_conditions (custom_format_name, name, type, arr_type, negate, required) VALUES ('HTSR', 'WEB-DL', 'source', 'all', 0, 0);
INSERT OR REPLACE INTO condition_sources (custom_format_name, condition_name, source) VALUES ('HTSR', 'WEB-DL', 'web_dl');
INSERT OR REPLACE INTO custom_format_conditions (custom_format_name, name, type, arr_type, negate, required) VALUES ('HTSR', 'WEBRip', 'source', 'all', 0, 0);
INSERT OR REPLACE INTO condition_sources (custom_format_name, condition_name, source) VALUES ('HTSR', 'WEBRip', 'webrip');
INSERT OR IGNORE INTO custom_format_tests (custom_format_name, title, type, should_match, description) VALUES ('HTSR', 'Bheeshma Parvam 2022 2160p HTSR WEB-DL DD+ 5.1 H.265-NOSiViD', 'movie', 1, NULL);
INSERT OR REPLACE INTO custom_formats (name, description, include_in_rename) VALUES ('HULU', 'Matches ''Hulu'' WEB-DLs. Negates any encodes.', 0);
INSERT OR IGNORE INTO custom_format_tags (custom_format_name, tag_name) VALUES ('HULU', 'Streaming Service');
INSERT OR IGNORE INTO custom_format_tags (custom_format_name, tag_name) VALUES ('HULU', 'WEB-DL');
INSERT OR REPLACE INTO custom_format_conditions (custom_format_name, name, type, arr_type, negate, required) VALUES ('HULU', 'HULU Regex', 'release_title', 'all', 0, 1);
INSERT OR REPLACE INTO condition_patterns (custom_format_name, condition_name, regular_expression_name) VALUES ('HULU', 'HULU Regex', 'Hulu');
INSERT OR REPLACE INTO custom_format_conditions (custom_format_name, name, type, arr_type, negate, required) VALUES ('HULU', 'WEB-DL', 'source', 'all', 0, 0);
INSERT OR REPLACE INTO condition_sources (custom_format_name, condition_name, source) VALUES ('HULU', 'WEB-DL', 'web_dl');
INSERT OR REPLACE INTO custom_format_conditions (custom_format_name, name, type, arr_type, negate, required) VALUES ('HULU', 'WEBRip', 'source', 'all', 0, 0);
INSERT OR REPLACE INTO condition_sources (custom_format_name, condition_name, source) VALUES ('HULU', 'WEBRip', 'webrip');
INSERT OR IGNORE INTO custom_format_tests (custom_format_name, title, type, should_match, description) VALUES ('HULU', 'Beverly Hills Ninja (1996) 1080p HULU WEB-DL x265 HEVC DDP 5.1-PHOCiS', 'movie', 0, NULL);
INSERT OR REPLACE INTO custom_formats (name, description, include_in_rename) VALUES ('IMAX Enhanced', NULL, 0);
INSERT OR IGNORE INTO custom_format_tags (custom_format_name, tag_name) VALUES ('IMAX Enhanced', 'Edition');
INSERT OR REPLACE INTO custom_format_conditions (custom_format_name, name, type, arr_type, negate, required) VALUES ('IMAX Enhanced', 'IMAX Enhanced', 'release_title', 'all', 0, 1);
INSERT OR REPLACE INTO condition_patterns (custom_format_name, condition_name, regular_expression_name) VALUES ('IMAX Enhanced', 'IMAX Enhanced', 'IMAX Enhanced');
INSERT OR REPLACE INTO custom_formats (name, description, include_in_rename) VALUES ('IMAX', NULL, 0);
INSERT OR IGNORE INTO custom_format_tags (custom_format_name, tag_name) VALUES ('IMAX', 'Edition');
INSERT OR REPLACE INTO custom_format_conditions (custom_format_name, name, type, arr_type, negate, required) VALUES ('IMAX', 'IMAX', 'release_title', 'all', 0, 1);
INSERT OR REPLACE INTO condition_patterns (custom_format_name, condition_name, regular_expression_name) VALUES ('IMAX', 'IMAX', 'IMAX');
INSERT OR REPLACE INTO custom_format_conditions (custom_format_name, name, type, arr_type, negate, required) VALUES ('IMAX', 'IMAX Enhanced', 'release_title', 'all', 1, 1);
INSERT OR REPLACE INTO condition_patterns (custom_format_name, condition_name, regular_expression_name) VALUES ('IMAX', 'IMAX Enhanced', 'IMAX Enhanced');
INSERT OR REPLACE INTO custom_formats (name, description, include_in_rename) VALUES ('Internal', 'Internal Indexer Flag', 0);
INSERT OR REPLACE INTO custom_format_conditions (custom_format_name, name, type, arr_type, negate, required) VALUES ('Internal', 'Internal', 'indexer_flag', 'all', 0, 1);
INSERT OR REPLACE INTO condition_indexer_flags (custom_format_name, condition_name, flag) VALUES ('Internal', 'Internal', 'internal');
INSERT OR REPLACE INTO custom_formats (name, description, include_in_rename) VALUES ('iP', 'Matches ''BBC iPlayer'' WEB-DLs. Negates any encodes.', 0);
INSERT OR IGNORE INTO custom_format_tags (custom_format_name, tag_name) VALUES ('iP', 'Streaming Service');
INSERT OR IGNORE INTO custom_format_tags (custom_format_name, tag_name) VALUES ('iP', 'WEB-DL');
INSERT OR REPLACE INTO custom_format_conditions (custom_format_name, name, type, arr_type, negate, required) VALUES ('iP', 'iP Regex', 'release_title', 'all', 0, 1);
INSERT OR REPLACE INTO condition_patterns (custom_format_name, condition_name, regular_expression_name) VALUES ('iP', 'iP Regex', 'BBC iPlayer');
INSERT OR REPLACE INTO custom_format_conditions (custom_format_name, name, type, arr_type, negate, required) VALUES ('iP', 'WEB-DL', 'source', 'all', 0, 0);
INSERT OR REPLACE INTO condition_sources (custom_format_name, condition_name, source) VALUES ('iP', 'WEB-DL', 'web_dl');
INSERT OR REPLACE INTO custom_format_conditions (custom_format_name, name, type, arr_type, negate, required) VALUES ('iP', 'WEBRip', 'source', 'all', 0, 0);
INSERT OR REPLACE INTO condition_sources (custom_format_name, condition_name, source) VALUES ('iP', 'WEBRip', 'webrip');
INSERT OR IGNORE INTO custom_format_tests (custom_format_name, title, type, should_match, description) VALUES ('iP', 'Little America 2020 S01 1080p APTV Webrip x265 10bit EAC3 5 1 - Ainz', 'movie', 0, NULL);
INSERT OR REPLACE INTO custom_formats (name, description, include_in_rename) VALUES ('IQIYI', 'Matches ''IQIYI'' WEB-DLs. Negates any encodes.', 0);
INSERT OR IGNORE INTO custom_format_tags (custom_format_name, tag_name) VALUES ('IQIYI', 'Streaming Service');
INSERT OR IGNORE INTO custom_format_tags (custom_format_name, tag_name) VALUES ('IQIYI', 'WEB-DL');
INSERT OR REPLACE INTO custom_format_conditions (custom_format_name, name, type, arr_type, negate, required) VALUES ('IQIYI', 'IQIYI Regex', 'release_title', 'all', 0, 1);
INSERT OR REPLACE INTO condition_patterns (custom_format_name, condition_name, regular_expression_name) VALUES ('IQIYI', 'IQIYI Regex', 'iQIYI');
INSERT OR REPLACE INTO custom_format_conditions (custom_format_name, name, type, arr_type, negate, required) VALUES ('IQIYI', 'WEB-DL', 'source', 'all', 0, 0);
INSERT OR REPLACE INTO condition_sources (custom_format_name, condition_name, source) VALUES ('IQIYI', 'WEB-DL', 'web_dl');
INSERT OR REPLACE INTO custom_format_conditions (custom_format_name, name, type, arr_type, negate, required) VALUES ('IQIYI', 'WEBRip', 'source', 'all', 0, 0);
INSERT OR REPLACE INTO condition_sources (custom_format_name, condition_name, source) VALUES ('IQIYI', 'WEBRip', 'webrip');
INSERT OR IGNORE INTO custom_format_tests (custom_format_name, title, type, should_match, description) VALUES ('IQIYI', 'Billions S06 2160p SHO WEB-DL DD+ 5.1 H.265-NTb', 'movie', 1, NULL);
INSERT OR REPLACE INTO custom_formats (name, description, include_in_rename) VALUES ('iT', 'Matches ''iTunes'' WEB-DLs. Negates any encodes.', 0);
INSERT OR IGNORE INTO custom_format_tags (custom_format_name, tag_name) VALUES ('iT', 'Streaming Service');
INSERT OR IGNORE INTO custom_format_tags (custom_format_name, tag_name) VALUES ('iT', 'WEB-DL');
INSERT OR REPLACE INTO custom_format_conditions (custom_format_name, name, type, arr_type, negate, required) VALUES ('iT', 'iT Regex', 'release_title', 'all', 0, 0);
INSERT OR REPLACE INTO condition_patterns (custom_format_name, condition_name, regular_expression_name) VALUES ('iT', 'iT Regex', 'iTunes');
INSERT OR REPLACE INTO custom_format_conditions (custom_format_name, name, type, arr_type, negate, required) VALUES ('iT', 'iT Rename Regex', 'release_title', 'all', 0, 0);
INSERT OR REPLACE INTO condition_patterns (custom_format_name, condition_name, regular_expression_name) VALUES ('iT', 'iT Rename Regex', 'iTunes Rename');
INSERT OR REPLACE INTO custom_format_conditions (custom_format_name, name, type, arr_type, negate, required) VALUES ('iT', 'WEB-DL', 'source', 'all', 0, 0);
INSERT OR REPLACE INTO condition_sources (custom_format_name, condition_name, source) VALUES ('iT', 'WEB-DL', 'web_dl');
INSERT OR REPLACE INTO custom_format_conditions (custom_format_name, name, type, arr_type, negate, required) VALUES ('iT', 'WEBRip', 'source', 'all', 0, 0);
INSERT OR REPLACE INTO condition_sources (custom_format_name, condition_name, source) VALUES ('iT', 'WEBRip', 'webrip');
INSERT OR IGNORE INTO custom_format_tests (custom_format_name, title, type, should_match, description) VALUES ('iT', 'Alien Romulus (2024) (1080p DS4K iT WEBRip x265 HEVC 10bit DDP Atmos 5 1 English - KaLLuKaLia)', 'movie', 0, NULL);
INSERT OR REPLACE INTO custom_formats (name, description, include_in_rename) VALUES ('iTunes Enhancement', NULL, 0);
INSERT OR IGNORE INTO custom_format_tags (custom_format_name, tag_name) VALUES ('iTunes Enhancement', 'Enhancement');
INSERT OR REPLACE INTO custom_format_conditions (custom_format_name, name, type, arr_type, negate, required) VALUES ('iTunes Enhancement', 'Not 2160p', 'resolution', 'all', 1, 1);
INSERT OR REPLACE INTO condition_resolutions (custom_format_name, condition_name, resolution) VALUES ('iTunes Enhancement', 'Not 2160p', '2160p');
INSERT OR REPLACE INTO custom_format_conditions (custom_format_name, name, type, arr_type, negate, required) VALUES ('iTunes Enhancement', 'iT', 'release_title', 'all', 0, 1);
INSERT OR REPLACE INTO condition_patterns (custom_format_name, condition_name, regular_expression_name) VALUES ('iTunes Enhancement', 'iT', 'iTunes');
INSERT OR REPLACE INTO custom_formats (name, description, include_in_rename) VALUES ('KCW', 'Matches ''Kocowa'' WEB-DLs. Negates any encodes.', 0);
INSERT OR IGNORE INTO custom_format_tags (custom_format_name, tag_name) VALUES ('KCW', 'Streaming Service');
INSERT OR IGNORE INTO custom_format_tags (custom_format_name, tag_name) VALUES ('KCW', 'WEB-DL');
INSERT OR REPLACE INTO custom_format_conditions (custom_format_name, name, type, arr_type, negate, required) VALUES ('KCW', 'KCW Regex', 'release_title', 'all', 0, 1);
INSERT OR REPLACE INTO condition_patterns (custom_format_name, condition_name, regular_expression_name) VALUES ('KCW', 'KCW Regex', 'KCW');
INSERT OR REPLACE INTO custom_format_conditions (custom_format_name, name, type, arr_type, negate, required) VALUES ('KCW', 'WEB-DL', 'source', 'all', 0, 0);
INSERT OR REPLACE INTO condition_sources (custom_format_name, condition_name, source) VALUES ('KCW', 'WEB-DL', 'web_dl');
INSERT OR REPLACE INTO custom_format_conditions (custom_format_name, name, type, arr_type, negate, required) VALUES ('KCW', 'WEBRip', 'source', 'all', 0, 0);
INSERT OR REPLACE INTO condition_sources (custom_format_name, condition_name, source) VALUES ('KCW', 'WEBRip', 'webrip');
INSERT OR IGNORE INTO custom_format_tests (custom_format_name, title, type, should_match, description) VALUES ('KCW', 'Billions S06 2160p SHO WEB-DL DD+ 5.1 H.265-NTb', 'movie', 1, NULL);
INSERT OR REPLACE INTO custom_formats (name, description, include_in_rename) VALUES ('Lossless Audio', 'Matches any Lossless Audio Track not in a 2160p Release.', 0);
INSERT OR IGNORE INTO custom_format_tags (custom_format_name, tag_name) VALUES ('Lossless Audio', 'Audio');
INSERT OR REPLACE INTO custom_format_conditions (custom_format_name, name, type, arr_type, negate, required) VALUES ('Lossless Audio', 'Not 2160p', 'resolution', 'all', 1, 1);
INSERT OR REPLACE INTO condition_resolutions (custom_format_name, condition_name, resolution) VALUES ('Lossless Audio', 'Not 2160p', '2160p');
INSERT OR REPLACE INTO custom_format_conditions (custom_format_name, name, type, arr_type, negate, required) VALUES ('Lossless Audio', 'DTS-HD MA', 'release_title', 'all', 0, 0);
INSERT OR REPLACE INTO condition_patterns (custom_format_name, condition_name, regular_expression_name) VALUES ('Lossless Audio', 'DTS-HD MA', 'DTS-HD MA');
INSERT OR REPLACE INTO custom_format_conditions (custom_format_name, name, type, arr_type, negate, required) VALUES ('Lossless Audio', 'DTS-X', 'release_title', 'all', 0, 0);
INSERT OR REPLACE INTO condition_patterns (custom_format_name, condition_name, regular_expression_name) VALUES ('Lossless Audio', 'DTS-X', 'DTS-X');
INSERT OR REPLACE INTO custom_format_conditions (custom_format_name, name, type, arr_type, negate, required) VALUES ('Lossless Audio', 'PCM', 'release_title', 'all', 0, 0);
INSERT OR REPLACE INTO condition_patterns (custom_format_name, condition_name, regular_expression_name) VALUES ('Lossless Audio', 'PCM', 'PCM');
INSERT OR REPLACE INTO custom_format_conditions (custom_format_name, name, type, arr_type, negate, required) VALUES ('Lossless Audio', 'TrueHD', 'release_title', 'all', 0, 0);
INSERT OR REPLACE INTO condition_patterns (custom_format_name, condition_name, regular_expression_name) VALUES ('Lossless Audio', 'TrueHD', 'TrueHD');
INSERT OR REPLACE INTO custom_formats (name, description, include_in_rename) VALUES ('MA', 'Matches ''Movies Anywhere'' WEB-DLs. Negates any encodes.', 0);
INSERT OR IGNORE INTO custom_format_tags (custom_format_name, tag_name) VALUES ('MA', 'Streaming Service');
INSERT OR IGNORE INTO custom_format_tags (custom_format_name, tag_name) VALUES ('MA', 'WEB-DL');
INSERT OR REPLACE INTO custom_format_conditions (custom_format_name, name, type, arr_type, negate, required) VALUES ('MA', 'MA Regex', 'release_title', 'all', 0, 1);
INSERT OR REPLACE INTO condition_patterns (custom_format_name, condition_name, regular_expression_name) VALUES ('MA', 'MA Regex', 'Movies Anywhere');
INSERT OR REPLACE INTO custom_format_conditions (custom_format_name, name, type, arr_type, negate, required) VALUES ('MA', 'WEB-DL', 'source', 'all', 0, 0);
INSERT OR REPLACE INTO condition_sources (custom_format_name, condition_name, source) VALUES ('MA', 'WEB-DL', 'web_dl');
INSERT OR REPLACE INTO custom_format_conditions (custom_format_name, name, type, arr_type, negate, required) VALUES ('MA', 'WEBRip', 'source', 'all', 0, 0);
INSERT OR REPLACE INTO condition_sources (custom_format_name, condition_name, source) VALUES ('MA', 'WEBRip', 'webrip');
INSERT OR REPLACE INTO custom_formats (name, description, include_in_rename) VALUES ('MAX', 'Matches ''Max'' WEB-DLs. Negates any encodes.', 0);
INSERT OR IGNORE INTO custom_format_tags (custom_format_name, tag_name) VALUES ('MAX', 'Streaming Service');
INSERT OR IGNORE INTO custom_format_tags (custom_format_name, tag_name) VALUES ('MAX', 'WEB-DL');
INSERT OR REPLACE INTO custom_format_conditions (custom_format_name, name, type, arr_type, negate, required) VALUES ('MAX', 'MAX Regex', 'release_title', 'all', 0, 0);
INSERT OR REPLACE INTO condition_patterns (custom_format_name, condition_name, regular_expression_name) VALUES ('MAX', 'MAX Regex', 'Max');
INSERT OR REPLACE INTO custom_format_conditions (custom_format_name, name, type, arr_type, negate, required) VALUES ('MAX', 'MAX Rename Regex', 'release_title', 'all', 0, 0);
INSERT OR REPLACE INTO condition_patterns (custom_format_name, condition_name, regular_expression_name) VALUES ('MAX', 'MAX Rename Regex', 'Max Rename');
INSERT OR REPLACE INTO custom_format_conditions (custom_format_name, name, type, arr_type, negate, required) VALUES ('MAX', 'WEB-DL', 'source', 'all', 0, 0);
INSERT OR REPLACE INTO condition_sources (custom_format_name, condition_name, source) VALUES ('MAX', 'WEB-DL', 'web_dl');
INSERT OR REPLACE INTO custom_format_conditions (custom_format_name, name, type, arr_type, negate, required) VALUES ('MAX', 'WEBRip', 'source', 'all', 0, 0);
INSERT OR REPLACE INTO condition_sources (custom_format_name, condition_name, source) VALUES ('MAX', 'WEBRip', 'webrip');
INSERT OR IGNORE INTO custom_format_tests (custom_format_name, title, type, should_match, description) VALUES ('MAX', 'Dune Prophecy (2024) S01E02 Two Wolves (2160p HDR10 DV Hybrid MAX Webrip x265 10bit EAC3 5 1 Atmos - Goki)[TAoE]', 'movie', 0, NULL);
INSERT OR REPLACE INTO custom_formats (name, description, include_in_rename) VALUES ('Movies Anywhere Enhancement', NULL, 0);
INSERT OR IGNORE INTO custom_format_tags (custom_format_name, tag_name) VALUES ('Movies Anywhere Enhancement', 'Enhancement');
INSERT OR REPLACE INTO custom_format_conditions (custom_format_name, name, type, arr_type, negate, required) VALUES ('Movies Anywhere Enhancement', 'Not 2160p', 'resolution', 'all', 1, 1);
INSERT OR REPLACE INTO condition_resolutions (custom_format_name, condition_name, resolution) VALUES ('Movies Anywhere Enhancement', 'Not 2160p', '2160p');
INSERT OR REPLACE INTO custom_format_conditions (custom_format_name, name, type, arr_type, negate, required) VALUES ('Movies Anywhere Enhancement', 'MA', 'release_title', 'all', 0, 1);
INSERT OR REPLACE INTO condition_patterns (custom_format_name, condition_name, regular_expression_name) VALUES ('Movies Anywhere Enhancement', 'MA', 'Movies Anywhere');
INSERT OR REPLACE INTO custom_formats (name, description, include_in_rename) VALUES ('MUBI', 'Matches ''Mubi'' WEB-DLs. Negates any encodes.', 0);
INSERT OR IGNORE INTO custom_format_tags (custom_format_name, tag_name) VALUES ('MUBI', 'Streaming Service');
INSERT OR IGNORE INTO custom_format_tags (custom_format_name, tag_name) VALUES ('MUBI', 'WEB-DL');
INSERT OR REPLACE INTO custom_format_conditions (custom_format_name, name, type, arr_type, negate, required) VALUES ('MUBI', 'MUBI Regex', 'release_title', 'all', 0, 1);
INSERT OR REPLACE INTO condition_patterns (custom_format_name, condition_name, regular_expression_name) VALUES ('MUBI', 'MUBI Regex', 'Mubi');
INSERT OR REPLACE INTO custom_format_conditions (custom_format_name, name, type, arr_type, negate, required) VALUES ('MUBI', 'WEB-DL', 'source', 'all', 0, 0);
INSERT OR REPLACE INTO condition_sources (custom_format_name, condition_name, source) VALUES ('MUBI', 'WEB-DL', 'web_dl');
INSERT OR REPLACE INTO custom_format_conditions (custom_format_name, name, type, arr_type, negate, required) VALUES ('MUBI', 'WEBRip', 'source', 'all', 0, 0);
INSERT OR REPLACE INTO condition_sources (custom_format_name, condition_name, source) VALUES ('MUBI', 'WEBRip', 'webrip');
INSERT OR IGNORE INTO custom_format_tests (custom_format_name, title, type, should_match, description) VALUES ('MUBI', 'The Bad Guys (2022) (1080p AMZN Webrip x265 10bit EAC3 5 1 - ArcX)[TAoE]', 'movie', 0, NULL);
INSERT OR IGNORE INTO custom_format_tests (custom_format_name, title, type, should_match, description) VALUES ('MUBI', 'Top Gun Maverick (2022) IMAX (1080p AMZN WEB-DL x265 SDR DDP Atmos 5.1 English - Goki TAoE)', 'movie', 0, NULL);
INSERT OR REPLACE INTO custom_formats (name, description, include_in_rename) VALUES ('NF', 'Matches ''Netflix'' WEB-DLs. Negates any encodes.', 0);
INSERT OR IGNORE INTO custom_format_tags (custom_format_name, tag_name) VALUES ('NF', 'Streaming Service');
INSERT OR IGNORE INTO custom_format_tags (custom_format_name, tag_name) VALUES ('NF', 'WEB-DL');
INSERT OR REPLACE INTO custom_format_conditions (custom_format_name, name, type, arr_type, negate, required) VALUES ('NF', 'NF Regex', 'release_title', 'all', 0, 1);
INSERT OR REPLACE INTO condition_patterns (custom_format_name, condition_name, regular_expression_name) VALUES ('NF', 'NF Regex', 'Netflix');
INSERT OR REPLACE INTO custom_format_conditions (custom_format_name, name, type, arr_type, negate, required) VALUES ('NF', 'WEB-DL', 'source', 'all', 0, 0);
INSERT OR REPLACE INTO condition_sources (custom_format_name, condition_name, source) VALUES ('NF', 'WEB-DL', 'web_dl');
INSERT OR REPLACE INTO custom_format_conditions (custom_format_name, name, type, arr_type, negate, required) VALUES ('NF', 'WEBRip', 'source', 'all', 0, 0);
INSERT OR REPLACE INTO condition_sources (custom_format_name, condition_name, source) VALUES ('NF', 'WEBRip', 'webrip');
INSERT OR IGNORE INTO custom_format_tests (custom_format_name, title, type, should_match, description) VALUES ('NF', 'Arcane (2021) S02 (1080p NF WEB-DL x265 HEVC 10bit DDP 5 1 Vyndros)', 'movie', 0, NULL);
INSERT OR REPLACE INTO custom_formats (name, description, include_in_rename) VALUES ('Not English', 'Matches releases that don''t include an English language track. Dual audio is allowed.', 0);
INSERT OR IGNORE INTO custom_format_tags (custom_format_name, tag_name) VALUES ('Not English', 'Language');
INSERT OR REPLACE INTO custom_format_conditions (custom_format_name, name, type, arr_type, negate, required) VALUES ('Not English', 'Not English', 'language', 'all', 0, 1);
INSERT OR REPLACE INTO condition_languages (custom_format_name, condition_name, language_name, except_language) VALUES ('Not English', 'Not English', 'English', 1);
INSERT OR REPLACE INTO custom_format_conditions (custom_format_name, name, type, arr_type, negate, required) VALUES ('Not English', 'Includes English', 'language', 'all', 1, 1);
INSERT OR REPLACE INTO condition_languages (custom_format_name, condition_name, language_name, except_language) VALUES ('Not English', 'Includes English', 'English', 0);
INSERT OR REPLACE INTO custom_formats (name, description, include_in_rename) VALUES ('Not Only English (Missing)', 'Attempts to matches releases with mutliple audio tracks but are not parsed as "Multi Langauge". Instead, attempts to find regular expressions which imply the release has dual audio. 
 ', 0);
INSERT OR IGNORE INTO custom_format_tags (custom_format_name, tag_name) VALUES ('Not Only English (Missing)', 'Language');
INSERT OR REPLACE INTO custom_format_conditions (custom_format_name, name, type, arr_type, negate, required) VALUES ('Not Only English (Missing)', 'Includes English', 'language', 'all', 0, 1);
INSERT OR REPLACE INTO condition_languages (custom_format_name, condition_name, language_name, except_language) VALUES ('Not Only English (Missing)', 'Includes English', 'English', 0);
INSERT OR REPLACE INTO custom_format_conditions (custom_format_name, name, type, arr_type, negate, required) VALUES ('Not Only English (Missing)', 'Dual Audio Regex', 'release_title', 'all', 0, 1);
INSERT OR REPLACE INTO condition_patterns (custom_format_name, condition_name, regular_expression_name) VALUES ('Not Only English (Missing)', 'Dual Audio Regex', 'Dual Audio');
INSERT OR REPLACE INTO custom_formats (name, description, include_in_rename) VALUES ('Not Only English', 'Matches releases that don''t include an English language track. Dual audio is NOT allowed.', 0);
INSERT OR IGNORE INTO custom_format_tags (custom_format_name, tag_name) VALUES ('Not Only English', 'Language');
INSERT OR REPLACE INTO custom_format_conditions (custom_format_name, name, type, arr_type, negate, required) VALUES ('Not Only English', 'Not English', 'language', 'all', 0, 1);
INSERT OR REPLACE INTO condition_languages (custom_format_name, condition_name, language_name, except_language) VALUES ('Not Only English', 'Not English', 'English', 1);
INSERT OR REPLACE INTO custom_format_conditions (custom_format_name, name, type, arr_type, negate, required) VALUES ('Not Only English', 'Includes English', 'language', 'all', 0, 1);
INSERT OR REPLACE INTO condition_languages (custom_format_name, condition_name, language_name, except_language) VALUES ('Not Only English', 'Includes English', 'English', 0);
INSERT OR REPLACE INTO custom_formats (name, description, include_in_rename) VALUES ('NOW', 'Matches ''Now'' WEB-DLs. Negates any encodes.', 0);
INSERT OR IGNORE INTO custom_format_tags (custom_format_name, tag_name) VALUES ('NOW', 'Streaming Service');
INSERT OR IGNORE INTO custom_format_tags (custom_format_name, tag_name) VALUES ('NOW', 'WEB-DL');
INSERT OR REPLACE INTO custom_format_conditions (custom_format_name, name, type, arr_type, negate, required) VALUES ('NOW', 'NOW Regex', 'release_title', 'all', 0, 0);
INSERT OR REPLACE INTO condition_patterns (custom_format_name, condition_name, regular_expression_name) VALUES ('NOW', 'NOW Regex', 'Now');
INSERT OR REPLACE INTO custom_format_conditions (custom_format_name, name, type, arr_type, negate, required) VALUES ('NOW', 'NOW Rename Regex', 'release_title', 'all', 0, 0);
INSERT OR REPLACE INTO condition_patterns (custom_format_name, condition_name, regular_expression_name) VALUES ('NOW', 'NOW Rename Regex', 'Now Rename');
INSERT OR REPLACE INTO custom_format_conditions (custom_format_name, name, type, arr_type, negate, required) VALUES ('NOW', 'WEB-DL', 'source', 'all', 0, 0);
INSERT OR REPLACE INTO condition_sources (custom_format_name, condition_name, source) VALUES ('NOW', 'WEB-DL', 'web_dl');
INSERT OR REPLACE INTO custom_format_conditions (custom_format_name, name, type, arr_type, negate, required) VALUES ('NOW', 'WEBRip', 'source', 'all', 0, 0);
INSERT OR REPLACE INTO condition_sources (custom_format_name, condition_name, source) VALUES ('NOW', 'WEBRip', 'webrip');
INSERT OR IGNORE INTO custom_format_tests (custom_format_name, title, type, should_match, description) VALUES ('NOW', 'Aisha 2022 1080p NOW WEB-DL DD+ 5.1 H.264-SMURF', 'movie', 1, NULL);
INSERT OR REPLACE INTO custom_formats (name, description, include_in_rename) VALUES ('Opus', 'Matches ''Opus'' Regex Pattern and negates any other audio types that might conflict.', 0);
INSERT OR IGNORE INTO custom_format_tags (custom_format_name, tag_name) VALUES ('Opus', 'Audio');
INSERT OR REPLACE INTO custom_format_conditions (custom_format_name, name, type, arr_type, negate, required) VALUES ('Opus', 'Opus', 'release_title', 'all', 0, 1);
INSERT OR REPLACE INTO condition_patterns (custom_format_name, condition_name, regular_expression_name) VALUES ('Opus', 'Opus', 'Opus');
INSERT OR REPLACE INTO custom_format_conditions (custom_format_name, name, type, arr_type, negate, required) VALUES ('Opus', 'Not OPUS Release Group', 'release_group', 'all', 1, 1);
INSERT OR REPLACE INTO condition_patterns (custom_format_name, condition_name, regular_expression_name) VALUES ('Opus', 'Not OPUS Release Group', 'Opus (Negation)');
INSERT OR IGNORE INTO custom_format_tests (custom_format_name, title, type, should_match, description) VALUES ('Opus', 'The Booksellers 2020 1080p WEB-DL DD+ 2.0 H.264-OPUS', 'movie', 0, NULL);
INSERT OR IGNORE INTO custom_format_tests (custom_format_name, title, type, should_match, description) VALUES ('Opus', 'Opus 2025 Hybrid 2160p iT WEB-DL DD+ 5.1 Atmos DV HDR10+ H.265-BYNDR', 'movie', 0, NULL);
INSERT OR IGNORE INTO custom_format_tests (custom_format_name, title, type, should_match, description) VALUES ('Opus', 'Convicted 1950 1080p BluRay Opus 1.0 x264-MiRAGE', 'movie', 1, NULL);
INSERT OR IGNORE INTO custom_format_tests (custom_format_name, title, type, should_match, description) VALUES ('Opus', 'Fate/Zero 2011 S01 1080p BluRay Dual-Audio Opus 2.0 x265-LYS1TH3A', 'movie', 1, NULL);
INSERT OR REPLACE INTO custom_formats (name, description, include_in_rename) VALUES ('PCM', 'Matches ''PCM'' Regex Pattern and negates any other audio types that might conflict.', 0);
INSERT OR IGNORE INTO custom_format_tags (custom_format_name, tag_name) VALUES ('PCM', 'Audio');
INSERT OR REPLACE INTO custom_format_conditions (custom_format_name, name, type, arr_type, negate, required) VALUES ('PCM', 'PCM', 'release_title', 'all', 0, 1);
INSERT OR REPLACE INTO condition_patterns (custom_format_name, condition_name, regular_expression_name) VALUES ('PCM', 'PCM', 'PCM');
INSERT OR REPLACE INTO custom_format_conditions (custom_format_name, name, type, arr_type, negate, required) VALUES ('PCM', 'Not AAC', 'release_title', 'all', 1, 1);
INSERT OR REPLACE INTO condition_patterns (custom_format_name, condition_name, regular_expression_name) VALUES ('PCM', 'Not AAC', 'AAC');
INSERT OR REPLACE INTO custom_format_conditions (custom_format_name, name, type, arr_type, negate, required) VALUES ('PCM', 'Not Dolby Digital', 'release_title', 'all', 1, 1);
INSERT OR REPLACE INTO condition_patterns (custom_format_name, condition_name, regular_expression_name) VALUES ('PCM', 'Not Dolby Digital', 'Dolby Digital');
INSERT OR REPLACE INTO custom_format_conditions (custom_format_name, name, type, arr_type, negate, required) VALUES ('PCM', 'Not Dolby Digital +', 'release_title', 'all', 1, 1);
INSERT OR REPLACE INTO condition_patterns (custom_format_name, condition_name, regular_expression_name) VALUES ('PCM', 'Not Dolby Digital +', 'Dolby Digital +');
INSERT OR REPLACE INTO custom_format_conditions (custom_format_name, name, type, arr_type, negate, required) VALUES ('PCM', 'Not DTS', 'release_title', 'all', 1, 1);
INSERT OR REPLACE INTO condition_patterns (custom_format_name, condition_name, regular_expression_name) VALUES ('PCM', 'Not DTS', 'DTS');
INSERT OR REPLACE INTO custom_format_conditions (custom_format_name, name, type, arr_type, negate, required) VALUES ('PCM', 'Not FLAC', 'release_title', 'all', 1, 1);
INSERT OR REPLACE INTO condition_patterns (custom_format_name, condition_name, regular_expression_name) VALUES ('PCM', 'Not FLAC', 'FLAC');
INSERT OR REPLACE INTO custom_format_conditions (custom_format_name, name, type, arr_type, negate, required) VALUES ('PCM', 'Not TrueHD', 'release_title', 'all', 1, 1);
INSERT OR REPLACE INTO condition_patterns (custom_format_name, condition_name, regular_expression_name) VALUES ('PCM', 'Not TrueHD', 'TrueHD');
INSERT OR IGNORE INTO custom_format_tests (custom_format_name, title, type, should_match, description) VALUES ('PCM', 'Un-Ex You 2025 1080p NF WEB-DL DD 5.1 H.264-FLUX', 'movie', 1, NULL);
INSERT OR IGNORE INTO custom_format_tests (custom_format_name, title, type, should_match, description) VALUES ('PCM', 'Un-Ex You 2025 1080p NF WEB-DL DD+ 5.1 H.264-FLUX', 'movie', 0, NULL);
INSERT OR REPLACE INTO custom_formats (name, description, include_in_rename) VALUES ('PCOK', 'Matches ''Peacock'' WEB-DLs. Negates any encodes.', 0);
INSERT OR IGNORE INTO custom_format_tags (custom_format_name, tag_name) VALUES ('PCOK', 'Streaming Service');
INSERT OR IGNORE INTO custom_format_tags (custom_format_name, tag_name) VALUES ('PCOK', 'WEB-DL');
INSERT OR REPLACE INTO custom_format_conditions (custom_format_name, name, type, arr_type, negate, required) VALUES ('PCOK', 'PCOK Regex', 'release_title', 'all', 0, 1);
INSERT OR REPLACE INTO condition_patterns (custom_format_name, condition_name, regular_expression_name) VALUES ('PCOK', 'PCOK Regex', 'Peacock TV');
INSERT OR REPLACE INTO custom_format_conditions (custom_format_name, name, type, arr_type, negate, required) VALUES ('PCOK', 'WEB-DL', 'source', 'all', 0, 0);
INSERT OR REPLACE INTO condition_sources (custom_format_name, condition_name, source) VALUES ('PCOK', 'WEB-DL', 'web_dl');
INSERT OR REPLACE INTO custom_format_conditions (custom_format_name, name, type, arr_type, negate, required) VALUES ('PCOK', 'WEBRip', 'source', 'all', 0, 0);
INSERT OR REPLACE INTO condition_sources (custom_format_name, condition_name, source) VALUES ('PCOK', 'WEBRip', 'webrip');
INSERT OR IGNORE INTO custom_format_tests (custom_format_name, title, type, should_match, description) VALUES ('PCOK', 'Based On A True Story S02 2160p PCOK WEB-DL DDP5 1 DV HDR x265-NTb', 'movie', 0, NULL);
INSERT OR REPLACE INTO custom_formats (name, description, include_in_rename) VALUES ('PLAY', 'Matches ''Google TV'' WEB-DLs. Negates any encodes.', 0);
INSERT OR IGNORE INTO custom_format_tags (custom_format_name, tag_name) VALUES ('PLAY', 'Streaming Service');
INSERT OR IGNORE INTO custom_format_tags (custom_format_name, tag_name) VALUES ('PLAY', 'WEB-DL');
INSERT OR REPLACE INTO custom_format_conditions (custom_format_name, name, type, arr_type, negate, required) VALUES ('PLAY', 'PLAY Regex', 'release_title', 'all', 0, 0);
INSERT OR REPLACE INTO condition_patterns (custom_format_name, condition_name, regular_expression_name) VALUES ('PLAY', 'PLAY Regex', 'Google TV');
INSERT OR REPLACE INTO custom_format_conditions (custom_format_name, name, type, arr_type, negate, required) VALUES ('PLAY', 'PLAY Rename Regex', 'release_title', 'all', 0, 0);
INSERT OR REPLACE INTO condition_patterns (custom_format_name, condition_name, regular_expression_name) VALUES ('PLAY', 'PLAY Rename Regex', 'Google TV Rename');
INSERT OR REPLACE INTO custom_format_conditions (custom_format_name, name, type, arr_type, negate, required) VALUES ('PLAY', 'WEB-DL', 'source', 'all', 0, 0);
INSERT OR REPLACE INTO condition_sources (custom_format_name, condition_name, source) VALUES ('PLAY', 'WEB-DL', 'web_dl');
INSERT OR REPLACE INTO custom_format_conditions (custom_format_name, name, type, arr_type, negate, required) VALUES ('PLAY', 'WEBRip', 'source', 'all', 0, 0);
INSERT OR REPLACE INTO condition_sources (custom_format_name, condition_name, source) VALUES ('PLAY', 'WEBRip', 'webrip');
INSERT OR IGNORE INTO custom_format_tests (custom_format_name, title, type, should_match, description) VALUES ('PLAY', 'Alien Romulus (2024) (1080p DS4K iT WEBRip x265 HEVC 10bit DDP Atmos 5 1 English - KaLLuKaLia)', 'movie', 0, NULL);
INSERT OR REPLACE INTO custom_formats (name, description, include_in_rename) VALUES ('PMTP', 'Matches ''Paramount+'' WEB-DLs. Negates any encodes.', 0);
INSERT OR IGNORE INTO custom_format_tags (custom_format_name, tag_name) VALUES ('PMTP', 'Streaming Service');
INSERT OR IGNORE INTO custom_format_tags (custom_format_name, tag_name) VALUES ('PMTP', 'WEB-DL');
INSERT OR REPLACE INTO custom_format_conditions (custom_format_name, name, type, arr_type, negate, required) VALUES ('PMTP', 'PMTP Regex', 'release_title', 'all', 0, 1);
INSERT OR REPLACE INTO condition_patterns (custom_format_name, condition_name, regular_expression_name) VALUES ('PMTP', 'PMTP Regex', 'Paramount+');
INSERT OR REPLACE INTO custom_format_conditions (custom_format_name, name, type, arr_type, negate, required) VALUES ('PMTP', 'WEB-DL', 'source', 'all', 0, 0);
INSERT OR REPLACE INTO condition_sources (custom_format_name, condition_name, source) VALUES ('PMTP', 'WEB-DL', 'web_dl');
INSERT OR REPLACE INTO custom_format_conditions (custom_format_name, name, type, arr_type, negate, required) VALUES ('PMTP', 'WEBRip', 'source', 'all', 0, 0);
INSERT OR REPLACE INTO condition_sources (custom_format_name, condition_name, source) VALUES ('PMTP', 'WEBRip', 'webrip');
INSERT OR IGNORE INTO custom_format_tests (custom_format_name, title, type, should_match, description) VALUES ('PMTP', 'Evil 2019 S04 1080p PMTP WEB-DL DDP 5 1 x265 - YELLO', 'movie', 0, NULL);
INSERT OR REPLACE INTO custom_formats (name, description, include_in_rename) VALUES ('PQ', 'Matches the ''PQ'' Regex Pattern', 0);
INSERT OR IGNORE INTO custom_format_tags (custom_format_name, tag_name) VALUES ('PQ', 'Colour Grade');
INSERT OR IGNORE INTO custom_format_tags (custom_format_name, tag_name) VALUES ('PQ', 'HDR');
INSERT OR REPLACE INTO custom_format_conditions (custom_format_name, name, type, arr_type, negate, required) VALUES ('PQ', 'PQ', 'release_title', 'all', 0, 1);
INSERT OR REPLACE INTO condition_patterns (custom_format_name, condition_name, regular_expression_name) VALUES ('PQ', 'PQ', 'PQ');
INSERT OR REPLACE INTO custom_format_conditions (custom_format_name, name, type, arr_type, negate, required) VALUES ('PQ', 'Not SDR', 'release_title', 'all', 1, 1);
INSERT OR REPLACE INTO condition_patterns (custom_format_name, condition_name, regular_expression_name) VALUES ('PQ', 'Not SDR', 'SDR');
INSERT OR REPLACE INTO custom_format_conditions (custom_format_name, name, type, arr_type, negate, required) VALUES ('PQ', 'Not HLG', 'release_title', 'all', 1, 1);
INSERT OR REPLACE INTO condition_patterns (custom_format_name, condition_name, regular_expression_name) VALUES ('PQ', 'Not HLG', 'HLG');
INSERT OR REPLACE INTO custom_format_conditions (custom_format_name, name, type, arr_type, negate, required) VALUES ('PQ', 'HDR', 'release_title', 'all', 1, 1);
INSERT OR REPLACE INTO condition_patterns (custom_format_name, condition_name, regular_expression_name) VALUES ('PQ', 'HDR', 'HDR');
INSERT OR REPLACE INTO custom_format_conditions (custom_format_name, name, type, arr_type, negate, required) VALUES ('PQ', 'Not HDR10', 'release_title', 'all', 1, 1);
INSERT OR REPLACE INTO condition_patterns (custom_format_name, condition_name, regular_expression_name) VALUES ('PQ', 'Not HDR10', 'HDR10');
INSERT OR REPLACE INTO custom_format_conditions (custom_format_name, name, type, arr_type, negate, required) VALUES ('PQ', 'Not HDR10+', 'release_title', 'all', 1, 1);
INSERT OR REPLACE INTO condition_patterns (custom_format_name, condition_name, regular_expression_name) VALUES ('PQ', 'Not HDR10+', 'HDR10+');
INSERT OR REPLACE INTO custom_formats (name, description, include_in_rename) VALUES ('QxR Bluray', NULL, 0);
INSERT OR REPLACE INTO custom_format_conditions (custom_format_name, name, type, arr_type, negate, required) VALUES ('QxR Bluray', '1080p', 'resolution', 'all', 0, 1);
INSERT OR REPLACE INTO condition_resolutions (custom_format_name, condition_name, resolution) VALUES ('QxR Bluray', '1080p', '1080p');
INSERT OR REPLACE INTO custom_format_conditions (custom_format_name, name, type, arr_type, negate, required) VALUES ('QxR Bluray', 'Bluray', 'source', 'all', 0, 1);
INSERT OR REPLACE INTO condition_sources (custom_format_name, condition_name, source) VALUES ('QxR Bluray', 'Bluray', 'bluray');
INSERT OR REPLACE INTO custom_format_conditions (custom_format_name, name, type, arr_type, negate, required) VALUES ('QxR Bluray', 'QxR', 'release_title', 'all', 0, 1);
INSERT OR REPLACE INTO condition_patterns (custom_format_name, condition_name, regular_expression_name) VALUES ('QxR Bluray', 'QxR', 'QxR (Title)');
INSERT OR REPLACE INTO custom_format_conditions (custom_format_name, name, type, arr_type, negate, required) VALUES ('QxR Bluray', 'Release Group', 'release_group', 'all', 1, 1);
INSERT OR REPLACE INTO condition_patterns (custom_format_name, condition_name, regular_expression_name) VALUES ('QxR Bluray', 'Release Group', 'QxR');
INSERT OR REPLACE INTO custom_formats (name, description, include_in_rename) VALUES ('QxR Blurays', NULL, 0);
INSERT OR REPLACE INTO custom_format_conditions (custom_format_name, name, type, arr_type, negate, required) VALUES ('QxR Blurays', '2160p', 'resolution', 'all', 0, 1);
INSERT OR REPLACE INTO condition_resolutions (custom_format_name, condition_name, resolution) VALUES ('QxR Blurays', '2160p', '2160p');
INSERT OR REPLACE INTO custom_format_conditions (custom_format_name, name, type, arr_type, negate, required) VALUES ('QxR Blurays', 'Bluray', 'source', 'all', 0, 1);
INSERT OR REPLACE INTO condition_sources (custom_format_name, condition_name, source) VALUES ('QxR Blurays', 'Bluray', 'bluray');
INSERT OR REPLACE INTO custom_format_conditions (custom_format_name, name, type, arr_type, negate, required) VALUES ('QxR Blurays', 'QxR', 'release_title', 'all', 0, 1);
INSERT OR REPLACE INTO condition_patterns (custom_format_name, condition_name, regular_expression_name) VALUES ('QxR Blurays', 'QxR', 'QxR (Title)');
INSERT OR REPLACE INTO custom_format_conditions (custom_format_name, name, type, arr_type, negate, required) VALUES ('QxR Blurays', 'Release Group', 'release_group', 'all', 1, 1);
INSERT OR REPLACE INTO condition_patterns (custom_format_name, condition_name, regular_expression_name) VALUES ('QxR Blurays', 'Release Group', 'QxR');
INSERT OR REPLACE INTO custom_formats (name, description, include_in_rename) VALUES ('QxR WEB', NULL, 0);
INSERT OR REPLACE INTO custom_format_conditions (custom_format_name, name, type, arr_type, negate, required) VALUES ('QxR WEB', '1080p', 'resolution', 'all', 0, 1);
INSERT OR REPLACE INTO condition_resolutions (custom_format_name, condition_name, resolution) VALUES ('QxR WEB', '1080p', '1080p');
INSERT OR REPLACE INTO custom_format_conditions (custom_format_name, name, type, arr_type, negate, required) VALUES ('QxR WEB', 'QxR', 'release_title', 'all', 0, 1);
INSERT OR REPLACE INTO condition_patterns (custom_format_name, condition_name, regular_expression_name) VALUES ('QxR WEB', 'QxR', 'QxR (Title)');
INSERT OR REPLACE INTO custom_format_conditions (custom_format_name, name, type, arr_type, negate, required) VALUES ('QxR WEB', 'Release Group', 'release_group', 'all', 1, 1);
INSERT OR REPLACE INTO condition_patterns (custom_format_name, condition_name, regular_expression_name) VALUES ('QxR WEB', 'Release Group', 'QxR');
INSERT OR REPLACE INTO custom_format_conditions (custom_format_name, name, type, arr_type, negate, required) VALUES ('QxR WEB', 'WEB-DL', 'source', 'all', 0, 0);
INSERT OR REPLACE INTO condition_sources (custom_format_name, condition_name, source) VALUES ('QxR WEB', 'WEB-DL', 'web_dl');
INSERT OR REPLACE INTO custom_format_conditions (custom_format_name, name, type, arr_type, negate, required) VALUES ('QxR WEB', 'WEBRip', 'source', 'all', 0, 0);
INSERT OR REPLACE INTO condition_sources (custom_format_name, condition_name, source) VALUES ('QxR WEB', 'WEBRip', 'webrip');
INSERT OR REPLACE INTO custom_formats (name, description, include_in_rename) VALUES ('QxR WEBs', NULL, 0);
INSERT OR REPLACE INTO custom_format_conditions (custom_format_name, name, type, arr_type, negate, required) VALUES ('QxR WEBs', '2160p', 'resolution', 'all', 0, 1);
INSERT OR REPLACE INTO condition_resolutions (custom_format_name, condition_name, resolution) VALUES ('QxR WEBs', '2160p', '2160p');
INSERT OR REPLACE INTO custom_format_conditions (custom_format_name, name, type, arr_type, negate, required) VALUES ('QxR WEBs', 'QxR', 'release_title', 'all', 0, 1);
INSERT OR REPLACE INTO condition_patterns (custom_format_name, condition_name, regular_expression_name) VALUES ('QxR WEBs', 'QxR', 'QxR (Title)');
INSERT OR REPLACE INTO custom_format_conditions (custom_format_name, name, type, arr_type, negate, required) VALUES ('QxR WEBs', 'Release Group', 'release_group', 'all', 1, 1);
INSERT OR REPLACE INTO condition_patterns (custom_format_name, condition_name, regular_expression_name) VALUES ('QxR WEBs', 'Release Group', 'QxR');
INSERT OR REPLACE INTO custom_format_conditions (custom_format_name, name, type, arr_type, negate, required) VALUES ('QxR WEBs', 'WEB-DL', 'source', 'all', 0, 0);
INSERT OR REPLACE INTO condition_sources (custom_format_name, condition_name, source) VALUES ('QxR WEBs', 'WEB-DL', 'web_dl');
INSERT OR REPLACE INTO custom_format_conditions (custom_format_name, name, type, arr_type, negate, required) VALUES ('QxR WEBs', 'WEBRip', 'source', 'all', 0, 0);
INSERT OR REPLACE INTO condition_sources (custom_format_name, condition_name, source) VALUES ('QxR WEBs', 'WEBRip', 'webrip');
INSERT OR REPLACE INTO custom_formats (name, description, include_in_rename) VALUES ('Remux (Quality Match)', 'Matches Remux as a codec, not a source. Either h265 or h264.', 0);
INSERT OR IGNORE INTO custom_format_tags (custom_format_name, tag_name) VALUES ('Remux (Quality Match)', 'Storage');
INSERT OR REPLACE INTO custom_format_conditions (custom_format_name, name, type, arr_type, negate, required) VALUES ('Remux (Quality Match)', 'Remux', 'quality_modifier', 'all', 0, 1);
INSERT OR REPLACE INTO condition_quality_modifiers (custom_format_name, condition_name, quality_modifier) VALUES ('Remux (Quality Match)', 'Remux', 'remux');
INSERT OR REPLACE INTO custom_formats (name, description, include_in_rename) VALUES ('Remux (Source)', 'Matches Remux using a Sonarr Source', 0);
INSERT OR IGNORE INTO custom_format_tags (custom_format_name, tag_name) VALUES ('Remux (Source)', 'Storage');
INSERT OR REPLACE INTO custom_format_conditions (custom_format_name, name, type, arr_type, negate, required) VALUES ('Remux (Source)', 'Remux', 'source', 'all', 0, 1);
INSERT OR REPLACE INTO condition_sources (custom_format_name, condition_name, source) VALUES ('Remux (Source)', 'Remux', 'bluray_raw');
INSERT OR REPLACE INTO custom_formats (name, description, include_in_rename) VALUES ('Remux Tier 1', 'Matches release groups who fall under Remux Tier 1', 0);
INSERT OR IGNORE INTO custom_format_tags (custom_format_name, tag_name) VALUES ('Remux Tier 1', 'Release Group Tier');
INSERT OR IGNORE INTO custom_format_tags (custom_format_name, tag_name) VALUES ('Remux Tier 1', 'Remux');
INSERT OR REPLACE INTO custom_format_conditions (custom_format_name, name, type, arr_type, negate, required) VALUES ('Remux Tier 1', 'Remux', 'release_title', 'all', 0, 1);
INSERT OR REPLACE INTO condition_patterns (custom_format_name, condition_name, regular_expression_name) VALUES ('Remux Tier 1', 'Remux', 'Remux');
INSERT OR REPLACE INTO custom_format_conditions (custom_format_name, name, type, arr_type, negate, required) VALUES ('Remux Tier 1', 'Not DVD', 'source', 'all', 1, 1);
INSERT OR REPLACE INTO condition_sources (custom_format_name, condition_name, source) VALUES ('Remux Tier 1', 'Not DVD', 'dvd');
INSERT OR REPLACE INTO custom_format_conditions (custom_format_name, name, type, arr_type, negate, required) VALUES ('Remux Tier 1', '3L', 'release_group', 'all', 0, 0);
INSERT OR REPLACE INTO condition_patterns (custom_format_name, condition_name, regular_expression_name) VALUES ('Remux Tier 1', '3L', '3L');
INSERT OR REPLACE INTO custom_format_conditions (custom_format_name, name, type, arr_type, negate, required) VALUES ('Remux Tier 1', 'BiZKiT', 'release_group', 'all', 0, 0);
INSERT OR REPLACE INTO condition_patterns (custom_format_name, condition_name, regular_expression_name) VALUES ('Remux Tier 1', 'BiZKiT', 'BiZKiT');
INSERT OR REPLACE INTO custom_format_conditions (custom_format_name, name, type, arr_type, negate, required) VALUES ('Remux Tier 1', 'BLURANiUM', 'release_group', 'all', 0, 0);
INSERT OR REPLACE INTO condition_patterns (custom_format_name, condition_name, regular_expression_name) VALUES ('Remux Tier 1', 'BLURANiUM', 'BLURANiUM');
INSERT OR REPLACE INTO custom_format_conditions (custom_format_name, name, type, arr_type, negate, required) VALUES ('Remux Tier 1', 'CiNEPHiLES', 'release_group', 'all', 0, 0);
INSERT OR REPLACE INTO condition_patterns (custom_format_name, condition_name, regular_expression_name) VALUES ('Remux Tier 1', 'CiNEPHiLES', 'CiNEPHiLES');
INSERT OR REPLACE INTO custom_format_conditions (custom_format_name, name, type, arr_type, negate, required) VALUES ('Remux Tier 1', 'WiLDCAT', 'release_group', 'all', 0, 0);
INSERT OR REPLACE INTO condition_patterns (custom_format_name, condition_name, regular_expression_name) VALUES ('Remux Tier 1', 'WiLDCAT', 'WiLDCAT');
INSERT OR REPLACE INTO custom_formats (name, description, include_in_rename) VALUES ('Remux Tier 2', 'Matches release groups who fall under Remux Tier 2', 0);
INSERT OR IGNORE INTO custom_format_tags (custom_format_name, tag_name) VALUES ('Remux Tier 2', 'Release Group Tier');
INSERT OR IGNORE INTO custom_format_tags (custom_format_name, tag_name) VALUES ('Remux Tier 2', 'Remux');
INSERT OR REPLACE INTO custom_format_conditions (custom_format_name, name, type, arr_type, negate, required) VALUES ('Remux Tier 2', 'Remux', 'release_title', 'all', 0, 1);
INSERT OR REPLACE INTO condition_patterns (custom_format_name, condition_name, regular_expression_name) VALUES ('Remux Tier 2', 'Remux', 'Remux');
INSERT OR REPLACE INTO custom_format_conditions (custom_format_name, name, type, arr_type, negate, required) VALUES ('Remux Tier 2', 'Not DVD', 'source', 'all', 1, 1);
INSERT OR REPLACE INTO condition_sources (custom_format_name, condition_name, source) VALUES ('Remux Tier 2', 'Not DVD', 'dvd');
INSERT OR REPLACE INTO custom_format_conditions (custom_format_name, name, type, arr_type, negate, required) VALUES ('Remux Tier 2', 'BMF', 'release_group', 'all', 0, 0);
INSERT OR REPLACE INTO condition_patterns (custom_format_name, condition_name, regular_expression_name) VALUES ('Remux Tier 2', 'BMF', 'BMF');
INSERT OR REPLACE INTO custom_format_conditions (custom_format_name, name, type, arr_type, negate, required) VALUES ('Remux Tier 2', 'FraMeSToR', 'release_group', 'all', 0, 0);
INSERT OR REPLACE INTO condition_patterns (custom_format_name, condition_name, regular_expression_name) VALUES ('Remux Tier 2', 'FraMeSToR', 'FraMeSToR');
INSERT OR REPLACE INTO custom_format_conditions (custom_format_name, name, type, arr_type, negate, required) VALUES ('Remux Tier 2', 'LM', 'release_group', 'all', 0, 0);
INSERT OR REPLACE INTO condition_patterns (custom_format_name, condition_name, regular_expression_name) VALUES ('Remux Tier 2', 'LM', 'LM');
INSERT OR REPLACE INTO custom_format_conditions (custom_format_name, name, type, arr_type, negate, required) VALUES ('Remux Tier 2', 'PiRAMiDHEAD', 'release_group', 'all', 0, 0);
INSERT OR REPLACE INTO condition_patterns (custom_format_name, condition_name, regular_expression_name) VALUES ('Remux Tier 2', 'PiRAMiDHEAD', 'PiRAMiDHEAD');
INSERT OR REPLACE INTO custom_format_conditions (custom_format_name, name, type, arr_type, negate, required) VALUES ('Remux Tier 2', 'PmP', 'release_group', 'all', 0, 0);
INSERT OR REPLACE INTO condition_patterns (custom_format_name, condition_name, regular_expression_name) VALUES ('Remux Tier 2', 'PmP', 'PmP');
INSERT OR REPLACE INTO custom_format_conditions (custom_format_name, name, type, arr_type, negate, required) VALUES ('Remux Tier 2', 'PP', 'release_group', 'all', 0, 0);
INSERT OR REPLACE INTO condition_patterns (custom_format_name, condition_name, regular_expression_name) VALUES ('Remux Tier 2', 'PP', 'PP');
INSERT OR REPLACE INTO custom_format_conditions (custom_format_name, name, type, arr_type, negate, required) VALUES ('Remux Tier 2', 'ZoroSenpai', 'release_group', 'all', 0, 0);
INSERT OR REPLACE INTO condition_patterns (custom_format_name, condition_name, regular_expression_name) VALUES ('Remux Tier 2', 'ZoroSenpai', 'ZoroSenpai');
INSERT OR REPLACE INTO custom_format_conditions (custom_format_name, name, type, arr_type, negate, required) VALUES ('Remux Tier 2', 'ZQ', 'release_group', 'all', 0, 0);
INSERT OR REPLACE INTO condition_patterns (custom_format_name, condition_name, regular_expression_name) VALUES ('Remux Tier 2', 'ZQ', 'ZQ');
INSERT OR REPLACE INTO custom_formats (name, description, include_in_rename) VALUES ('Remux Tier 3', 'Matches release groups who fall under Remux Tier 3', 0);
INSERT OR IGNORE INTO custom_format_tags (custom_format_name, tag_name) VALUES ('Remux Tier 3', 'Release Group Tier');
INSERT OR IGNORE INTO custom_format_tags (custom_format_name, tag_name) VALUES ('Remux Tier 3', 'Remux');
INSERT OR REPLACE INTO custom_format_conditions (custom_format_name, name, type, arr_type, negate, required) VALUES ('Remux Tier 3', 'Remux', 'release_title', 'all', 0, 1);
INSERT OR REPLACE INTO condition_patterns (custom_format_name, condition_name, regular_expression_name) VALUES ('Remux Tier 3', 'Remux', 'Remux');
INSERT OR REPLACE INTO custom_format_conditions (custom_format_name, name, type, arr_type, negate, required) VALUES ('Remux Tier 3', 'Not DVD', 'source', 'all', 1, 1);
INSERT OR REPLACE INTO condition_sources (custom_format_name, condition_name, source) VALUES ('Remux Tier 3', 'Not DVD', 'dvd');
INSERT OR REPLACE INTO custom_format_conditions (custom_format_name, name, type, arr_type, negate, required) VALUES ('Remux Tier 3', 'ATELiER', 'release_group', 'all', 0, 0);
INSERT OR REPLACE INTO condition_patterns (custom_format_name, condition_name, regular_expression_name) VALUES ('Remux Tier 3', 'ATELiER', 'ATELiER');
INSERT OR REPLACE INTO custom_format_conditions (custom_format_name, name, type, arr_type, negate, required) VALUES ('Remux Tier 3', 'decibeL', 'release_group', 'all', 0, 0);
INSERT OR REPLACE INTO condition_patterns (custom_format_name, condition_name, regular_expression_name) VALUES ('Remux Tier 3', 'decibeL', 'decibeL');
INSERT OR REPLACE INTO custom_format_conditions (custom_format_name, name, type, arr_type, negate, required) VALUES ('Remux Tier 3', 'EPSiLON', 'release_group', 'all', 0, 0);
INSERT OR REPLACE INTO condition_patterns (custom_format_name, condition_name, regular_expression_name) VALUES ('Remux Tier 3', 'EPSiLON', 'EPSiLON');
INSERT OR REPLACE INTO custom_format_conditions (custom_format_name, name, type, arr_type, negate, required) VALUES ('Remux Tier 3', 'HiFi', 'release_group', 'all', 0, 0);
INSERT OR REPLACE INTO condition_patterns (custom_format_name, condition_name, regular_expression_name) VALUES ('Remux Tier 3', 'HiFi', 'HiFi');
INSERT OR REPLACE INTO custom_format_conditions (custom_format_name, name, type, arr_type, negate, required) VALUES ('Remux Tier 3', 'NCmt', 'release_group', 'all', 0, 0);
INSERT OR REPLACE INTO condition_patterns (custom_format_name, condition_name, regular_expression_name) VALUES ('Remux Tier 3', 'NCmt', 'NCmt');
INSERT OR REPLACE INTO custom_format_conditions (custom_format_name, name, type, arr_type, negate, required) VALUES ('Remux Tier 3', 'SiCFoI', 'release_group', 'all', 0, 0);
INSERT OR REPLACE INTO condition_patterns (custom_format_name, condition_name, regular_expression_name) VALUES ('Remux Tier 3', 'SiCFoI', 'SiCFoI');
INSERT OR REPLACE INTO custom_format_conditions (custom_format_name, name, type, arr_type, negate, required) VALUES ('Remux Tier 3', 'TEPES', 'release_group', 'all', 0, 0);
INSERT OR REPLACE INTO condition_patterns (custom_format_name, condition_name, regular_expression_name) VALUES ('Remux Tier 3', 'TEPES', 'TEPES');
INSERT OR REPLACE INTO custom_formats (name, description, include_in_rename) VALUES ('Remux Tier 4', 'Matches release groups who fall under Remux Tier 4', 0);
INSERT OR IGNORE INTO custom_format_tags (custom_format_name, tag_name) VALUES ('Remux Tier 4', 'Release Group Tier');
INSERT OR IGNORE INTO custom_format_tags (custom_format_name, tag_name) VALUES ('Remux Tier 4', 'Remux');
INSERT OR REPLACE INTO custom_format_conditions (custom_format_name, name, type, arr_type, negate, required) VALUES ('Remux Tier 4', 'Remux', 'release_title', 'all', 0, 1);
INSERT OR REPLACE INTO condition_patterns (custom_format_name, condition_name, regular_expression_name) VALUES ('Remux Tier 4', 'Remux', 'Remux');
INSERT OR REPLACE INTO custom_format_conditions (custom_format_name, name, type, arr_type, negate, required) VALUES ('Remux Tier 4', 'Not DVD', 'source', 'all', 1, 1);
INSERT OR REPLACE INTO condition_sources (custom_format_name, condition_name, source) VALUES ('Remux Tier 4', 'Not DVD', 'dvd');
INSERT OR REPLACE INTO custom_format_conditions (custom_format_name, name, type, arr_type, negate, required) VALUES ('Remux Tier 4', 'BTN', 'release_group', 'all', 0, 0);
INSERT OR REPLACE INTO condition_patterns (custom_format_name, condition_name, regular_expression_name) VALUES ('Remux Tier 4', 'BTN', 'BTN');
INSERT OR REPLACE INTO custom_format_conditions (custom_format_name, name, type, arr_type, negate, required) VALUES ('Remux Tier 4', 'iFT', 'release_group', 'all', 0, 0);
INSERT OR REPLACE INTO condition_patterns (custom_format_name, condition_name, regular_expression_name) VALUES ('Remux Tier 4', 'iFT', 'iFT');
INSERT OR REPLACE INTO custom_format_conditions (custom_format_name, name, type, arr_type, negate, required) VALUES ('Remux Tier 4', 'KRaLiMaRKo', 'release_group', 'all', 0, 0);
INSERT OR REPLACE INTO condition_patterns (custom_format_name, condition_name, regular_expression_name) VALUES ('Remux Tier 4', 'KRaLiMaRKo', 'KRaLiMaRKo');
INSERT OR REPLACE INTO custom_format_conditions (custom_format_name, name, type, arr_type, negate, required) VALUES ('Remux Tier 4', 'playBD', 'release_group', 'all', 0, 0);
INSERT OR REPLACE INTO condition_patterns (custom_format_name, condition_name, regular_expression_name) VALUES ('Remux Tier 4', 'playBD', 'playBD');
INSERT OR REPLACE INTO custom_format_conditions (custom_format_name, name, type, arr_type, negate, required) VALUES ('Remux Tier 4', 'PTP', 'release_group', 'all', 0, 0);
INSERT OR REPLACE INTO condition_patterns (custom_format_name, condition_name, regular_expression_name) VALUES ('Remux Tier 4', 'PTP', 'PTP');
INSERT OR REPLACE INTO custom_format_conditions (custom_format_name, name, type, arr_type, negate, required) VALUES ('Remux Tier 4', 'TRiToN', 'release_group', 'all', 0, 0);
INSERT OR REPLACE INTO condition_patterns (custom_format_name, condition_name, regular_expression_name) VALUES ('Remux Tier 4', 'TRiToN', 'TRiToN');
INSERT OR REPLACE INTO custom_formats (name, description, include_in_rename) VALUES ('Remux', 'Matches Remux as a codec, not a source. Either h265 or h264.', 0);
INSERT OR IGNORE INTO custom_format_tags (custom_format_name, tag_name) VALUES ('Remux', 'Storage');
INSERT OR REPLACE INTO custom_format_conditions (custom_format_name, name, type, arr_type, negate, required) VALUES ('Remux', 'Remux', 'release_title', 'all', 0, 1);
INSERT OR REPLACE INTO condition_patterns (custom_format_name, condition_name, regular_expression_name) VALUES ('Remux', 'Remux', 'Remux');
INSERT OR REPLACE INTO custom_format_conditions (custom_format_name, name, type, arr_type, negate, required) VALUES ('Remux', 'Not DVD', 'source', 'all', 1, 1);
INSERT OR REPLACE INTO condition_sources (custom_format_name, condition_name, source) VALUES ('Remux', 'Not DVD', 'dvd');
INSERT OR REPLACE INTO custom_formats (name, description, include_in_rename) VALUES ('Repack1', 'Release groups use specific terms to indicate when they''re fixing issues in releases:
In Scene releases, groups can only occupy one release slot, which leads to two different terms:
- PROPER is used when a different group fixes issues in another group''s release
- REPACK is used when a group fixes issues in their own release

P2P releases are simpler - REPACK is typically used whenever a group releases a fixed version.

REAL / RERIP indicate similar things but their specific meaning / origin is unclear.

This custom format will catch basic level fixes (no number suffixes).', 0);
INSERT OR IGNORE INTO custom_format_tags (custom_format_name, tag_name) VALUES ('Repack1', 'Flag');
INSERT OR IGNORE INTO custom_format_tags (custom_format_name, tag_name) VALUES ('Repack1', 'Repack');
INSERT OR REPLACE INTO custom_format_conditions (custom_format_name, name, type, arr_type, negate, required) VALUES ('Repack1', 'Repack1', 'release_title', 'all', 0, 1);
INSERT OR REPLACE INTO condition_patterns (custom_format_name, condition_name, regular_expression_name) VALUES ('Repack1', 'Repack1', 'Repack1');
INSERT OR REPLACE INTO custom_formats (name, description, include_in_rename) VALUES ('Repack2', 'Release groups use specific terms to indicate when they''re fixing issues in releases:
In Scene releases, groups can only occupy one release slot, which leads to two different terms:
- PROPER is used when a different group fixes issues in another group''s release
- REPACK is used when a group fixes issues in their own release

P2P releases are simpler - REPACK is typically used whenever a group releases a fixed version.

REAL / RERIP indicate similar things but their specific meaning / origin is unclear.

This custom format will catch level 2 fixes', 0);
INSERT OR IGNORE INTO custom_format_tags (custom_format_name, tag_name) VALUES ('Repack2', 'Flag');
INSERT OR IGNORE INTO custom_format_tags (custom_format_name, tag_name) VALUES ('Repack2', 'Repack');
INSERT OR REPLACE INTO custom_format_conditions (custom_format_name, name, type, arr_type, negate, required) VALUES ('Repack2', 'Repack2', 'release_title', 'all', 0, 1);
INSERT OR REPLACE INTO condition_patterns (custom_format_name, condition_name, regular_expression_name) VALUES ('Repack2', 'Repack2', 'Repack2');
INSERT OR REPLACE INTO custom_formats (name, description, include_in_rename) VALUES ('Repack3', 'Release groups use specific terms to indicate when they''re fixing issues in releases:
In Scene releases, groups can only occupy one release slot, which leads to two different terms:
- PROPER is used when a different group fixes issues in another group''s release
- REPACK is used when a group fixes issues in their own release

P2P releases are simpler - REPACK is typically used whenever a group releases a fixed version.

REAL / RERIP indicate similar things but their specific meaning / origin is unclear.

This custom format will catch level 3 fixes', 0);
INSERT OR IGNORE INTO custom_format_tags (custom_format_name, tag_name) VALUES ('Repack3', 'Flag');
INSERT OR IGNORE INTO custom_format_tags (custom_format_name, tag_name) VALUES ('Repack3', 'Repack');
INSERT OR REPLACE INTO custom_format_conditions (custom_format_name, name, type, arr_type, negate, required) VALUES ('Repack3', 'Repack3', 'release_title', 'all', 0, 1);
INSERT OR REPLACE INTO condition_patterns (custom_format_name, condition_name, regular_expression_name) VALUES ('Repack3', 'Repack3', 'Repack3');
INSERT OR REPLACE INTO custom_formats (name, description, include_in_rename) VALUES ('ROKU', 'Matches ''Roku'' WEB-DLs. Negates any encodes.', 0);
INSERT OR IGNORE INTO custom_format_tags (custom_format_name, tag_name) VALUES ('ROKU', 'Streaming Service');
INSERT OR IGNORE INTO custom_format_tags (custom_format_name, tag_name) VALUES ('ROKU', 'WEB-DL');
INSERT OR REPLACE INTO custom_format_conditions (custom_format_name, name, type, arr_type, negate, required) VALUES ('ROKU', 'ROKU Regex', 'release_title', 'all', 0, 1);
INSERT OR REPLACE INTO condition_patterns (custom_format_name, condition_name, regular_expression_name) VALUES ('ROKU', 'ROKU Regex', 'Roku');
INSERT OR REPLACE INTO custom_format_conditions (custom_format_name, name, type, arr_type, negate, required) VALUES ('ROKU', 'WEB-DL', 'source', 'all', 0, 0);
INSERT OR REPLACE INTO condition_sources (custom_format_name, condition_name, source) VALUES ('ROKU', 'WEB-DL', 'web_dl');
INSERT OR REPLACE INTO custom_format_conditions (custom_format_name, name, type, arr_type, negate, required) VALUES ('ROKU', 'WEBRip', 'source', 'all', 0, 0);
INSERT OR REPLACE INTO condition_sources (custom_format_name, condition_name, source) VALUES ('ROKU', 'WEBRip', 'webrip');
INSERT OR IGNORE INTO custom_format_tests (custom_format_name, title, type, should_match, description) VALUES ('ROKU', 'Almost Heroes (1998) 1080p ROKU WEB-DL x265 HEVC AAC 2.0-PHOCiS', 'movie', 0, NULL);
INSERT OR REPLACE INTO custom_formats (name, description, include_in_rename) VALUES ('SD Golden Popcorn', 'Matches SD Golden Popcorns. Only works on PassThePopcorn', 0);
INSERT OR IGNORE INTO custom_format_tags (custom_format_name, tag_name) VALUES ('SD Golden Popcorn', 'Flag');
INSERT OR IGNORE INTO custom_format_tags (custom_format_name, tag_name) VALUES ('SD Golden Popcorn', 'Golden Popcorn');
INSERT OR REPLACE INTO custom_format_conditions (custom_format_name, name, type, arr_type, negate, required) VALUES ('SD Golden Popcorn', 'Golden Popcorn', 'indexer_flag', 'all', 0, 1);
INSERT OR REPLACE INTO condition_indexer_flags (custom_format_name, condition_name, flag) VALUES ('SD Golden Popcorn', 'Golden Popcorn', 'ptp_golden');
INSERT OR REPLACE INTO custom_format_conditions (custom_format_name, name, type, arr_type, negate, required) VALUES ('SD Golden Popcorn', 'Not 2160p', 'resolution', 'all', 1, 1);
INSERT OR REPLACE INTO condition_resolutions (custom_format_name, condition_name, resolution) VALUES ('SD Golden Popcorn', 'Not 2160p', '2160p');
INSERT OR REPLACE INTO custom_format_conditions (custom_format_name, name, type, arr_type, negate, required) VALUES ('SD Golden Popcorn', 'Not 1080p', 'resolution', 'all', 1, 1);
INSERT OR REPLACE INTO condition_resolutions (custom_format_name, condition_name, resolution) VALUES ('SD Golden Popcorn', 'Not 1080p', '1080p');
INSERT OR REPLACE INTO custom_format_conditions (custom_format_name, name, type, arr_type, negate, required) VALUES ('SD Golden Popcorn', 'Not 720p', 'resolution', 'all', 1, 1);
INSERT OR REPLACE INTO condition_resolutions (custom_format_name, condition_name, resolution) VALUES ('SD Golden Popcorn', 'Not 720p', '720p');
INSERT OR REPLACE INTO custom_formats (name, description, include_in_rename) VALUES ('SD Quality Tier 1', 'Matches release groups who fall under SD GPPi Tier 1', 0);
INSERT OR IGNORE INTO custom_format_tags (custom_format_name, tag_name) VALUES ('SD Quality Tier 1', 'GPPi');
INSERT OR IGNORE INTO custom_format_tags (custom_format_name, tag_name) VALUES ('SD Quality Tier 1', 'Release Group Tier');
INSERT OR IGNORE INTO custom_format_tags (custom_format_name, tag_name) VALUES ('SD Quality Tier 1', 'SD');
INSERT OR IGNORE INTO custom_format_tags (custom_format_name, tag_name) VALUES ('SD Quality Tier 1', 'Quality');
INSERT OR REPLACE INTO custom_format_conditions (custom_format_name, name, type, arr_type, negate, required) VALUES ('SD Quality Tier 1', 'DVD', 'source', 'all', 0, 1);
INSERT OR REPLACE INTO condition_sources (custom_format_name, condition_name, source) VALUES ('SD Quality Tier 1', 'DVD', 'dvd');
INSERT OR REPLACE INTO custom_format_conditions (custom_format_name, name, type, arr_type, negate, required) VALUES ('SD Quality Tier 1', 'TBB', 'release_group', 'all', 0, 0);
INSERT OR REPLACE INTO condition_patterns (custom_format_name, condition_name, regular_expression_name) VALUES ('SD Quality Tier 1', 'TBB', 'TBB');
INSERT OR REPLACE INTO custom_format_conditions (custom_format_name, name, type, arr_type, negate, required) VALUES ('SD Quality Tier 1', 'Dariush', 'release_group', 'all', 0, 0);
INSERT OR REPLACE INTO condition_patterns (custom_format_name, condition_name, regular_expression_name) VALUES ('SD Quality Tier 1', 'Dariush', 'Dariush');
INSERT OR REPLACE INTO custom_formats (name, description, include_in_rename) VALUES ('SD Quality Tier 2', 'Matches release groups who fall under SD GPPi Tier 2', 0);
INSERT OR IGNORE INTO custom_format_tags (custom_format_name, tag_name) VALUES ('SD Quality Tier 2', 'GPPi');
INSERT OR IGNORE INTO custom_format_tags (custom_format_name, tag_name) VALUES ('SD Quality Tier 2', 'Release Group Tier');
INSERT OR IGNORE INTO custom_format_tags (custom_format_name, tag_name) VALUES ('SD Quality Tier 2', 'SD');
INSERT OR IGNORE INTO custom_format_tags (custom_format_name, tag_name) VALUES ('SD Quality Tier 2', 'Quality');
INSERT OR REPLACE INTO custom_format_conditions (custom_format_name, name, type, arr_type, negate, required) VALUES ('SD Quality Tier 2', 'DVD', 'source', 'all', 0, 1);
INSERT OR REPLACE INTO condition_sources (custom_format_name, condition_name, source) VALUES ('SD Quality Tier 2', 'DVD', 'dvd');
INSERT OR REPLACE INTO custom_format_conditions (custom_format_name, name, type, arr_type, negate, required) VALUES ('SD Quality Tier 2', 'HANDJOB', 'release_group', 'all', 0, 0);
INSERT OR REPLACE INTO condition_patterns (custom_format_name, condition_name, regular_expression_name) VALUES ('SD Quality Tier 2', 'HANDJOB', 'HANDJOB');
INSERT OR REPLACE INTO custom_formats (name, description, include_in_rename) VALUES ('SDR', 'Ban 2160p WEB-DL Releases without Dolby Vision or HDR Formats. Movies Anywhere is excluded due to the high bitrate.', 0);
INSERT OR REPLACE INTO custom_format_conditions (custom_format_name, name, type, arr_type, negate, required) VALUES ('SDR', '2160p', 'resolution', 'all', 0, 1);
INSERT OR REPLACE INTO condition_resolutions (custom_format_name, condition_name, resolution) VALUES ('SDR', '2160p', '2160p');
INSERT OR REPLACE INTO custom_format_conditions (custom_format_name, name, type, arr_type, negate, required) VALUES ('SDR', 'WEB-DL', 'source', 'all', 0, 1);
INSERT OR REPLACE INTO condition_sources (custom_format_name, condition_name, source) VALUES ('SDR', 'WEB-DL', 'web_dl');
INSERT OR REPLACE INTO custom_format_conditions (custom_format_name, name, type, arr_type, negate, required) VALUES ('SDR', 'DV HDR', 'release_title', 'all', 1, 1);
INSERT OR REPLACE INTO condition_patterns (custom_format_name, condition_name, regular_expression_name) VALUES ('SDR', 'DV HDR', 'Basic HDR Formats');
INSERT OR REPLACE INTO custom_format_conditions (custom_format_name, name, type, arr_type, negate, required) VALUES ('SDR', 'Movies Anywhere', 'release_title', 'all', 1, 1);
INSERT OR REPLACE INTO condition_patterns (custom_format_name, condition_name, regular_expression_name) VALUES ('SDR', 'Movies Anywhere', 'Movies Anywhere');
INSERT OR REPLACE INTO custom_formats (name, description, include_in_rename) VALUES ('SDTV Tier 1', 'Matches SDTV.', 0);
INSERT OR IGNORE INTO custom_format_tags (custom_format_name, tag_name) VALUES ('SDTV Tier 1', 'Release Group Tier');
INSERT OR REPLACE INTO custom_format_conditions (custom_format_name, name, type, arr_type, negate, required) VALUES ('SDTV Tier 1', 'SDTV', 'source', 'all', 0, 1);
INSERT OR REPLACE INTO condition_sources (custom_format_name, condition_name, source) VALUES ('SDTV Tier 1', 'SDTV', 'television');
INSERT OR REPLACE INTO custom_format_conditions (custom_format_name, name, type, arr_type, negate, required) VALUES ('SDTV Tier 1', 'Not 1080p', 'resolution', 'all', 1, 1);
INSERT OR REPLACE INTO condition_resolutions (custom_format_name, condition_name, resolution) VALUES ('SDTV Tier 1', 'Not 1080p', '1080p');
INSERT OR REPLACE INTO custom_format_conditions (custom_format_name, name, type, arr_type, negate, required) VALUES ('SDTV Tier 1', 'Not 720p', 'resolution', 'all', 1, 1);
INSERT OR REPLACE INTO condition_resolutions (custom_format_name, condition_name, resolution) VALUES ('SDTV Tier 1', 'Not 720p', '720p');
INSERT OR REPLACE INTO custom_format_conditions (custom_format_name, name, type, arr_type, negate, required) VALUES ('SDTV Tier 1', 'NTb', 'release_group', 'all', 0, 0);
INSERT OR REPLACE INTO condition_patterns (custom_format_name, condition_name, regular_expression_name) VALUES ('SDTV Tier 1', 'NTb', 'NTb');
INSERT OR REPLACE INTO custom_format_conditions (custom_format_name, name, type, arr_type, negate, required) VALUES ('SDTV Tier 1', 'CtrlHD', 'release_group', 'all', 0, 0);
INSERT OR REPLACE INTO condition_patterns (custom_format_name, condition_name, regular_expression_name) VALUES ('SDTV Tier 1', 'CtrlHD', 'CtrlHD');
INSERT OR REPLACE INTO custom_formats (name, description, include_in_rename) VALUES ('SDTV', 'Matches SDTV.', 0);
INSERT OR IGNORE INTO custom_format_tags (custom_format_name, tag_name) VALUES ('SDTV', 'Source');
INSERT OR REPLACE INTO custom_format_conditions (custom_format_name, name, type, arr_type, negate, required) VALUES ('SDTV', 'SDTV', 'source', 'all', 0, 1);
INSERT OR REPLACE INTO condition_sources (custom_format_name, condition_name, source) VALUES ('SDTV', 'SDTV', 'television');
INSERT OR REPLACE INTO custom_format_conditions (custom_format_name, name, type, arr_type, negate, required) VALUES ('SDTV', 'Not 1080p', 'resolution', 'all', 1, 1);
INSERT OR REPLACE INTO condition_resolutions (custom_format_name, condition_name, resolution) VALUES ('SDTV', 'Not 1080p', '1080p');
INSERT OR REPLACE INTO custom_format_conditions (custom_format_name, name, type, arr_type, negate, required) VALUES ('SDTV', 'Not 720p', 'resolution', 'all', 1, 1);
INSERT OR REPLACE INTO condition_resolutions (custom_format_name, condition_name, resolution) VALUES ('SDTV', 'Not 720p', '720p');
INSERT OR REPLACE INTO custom_formats (name, description, include_in_rename) VALUES ('Season Pack', 'Matches Season Pack Release Type on Sonarr', 0);
INSERT OR IGNORE INTO custom_format_tags (custom_format_name, tag_name) VALUES ('Season Pack', 'Enhancement');
INSERT OR REPLACE INTO custom_format_conditions (custom_format_name, name, type, arr_type, negate, required) VALUES ('Season Pack', 'Season Pack', 'release_type', 'all', 0, 1);
INSERT OR REPLACE INTO condition_release_types (custom_format_name, condition_name, release_type) VALUES ('Season Pack', 'Season Pack', 'season_pack');
INSERT OR REPLACE INTO custom_formats (name, description, include_in_rename) VALUES ('SHO', 'Matches ''Showtime'' WEB-DLs. Negates any encodes.', 0);
INSERT OR IGNORE INTO custom_format_tags (custom_format_name, tag_name) VALUES ('SHO', 'Streaming Service');
INSERT OR IGNORE INTO custom_format_tags (custom_format_name, tag_name) VALUES ('SHO', 'WEB-DL');
INSERT OR REPLACE INTO custom_format_conditions (custom_format_name, name, type, arr_type, negate, required) VALUES ('SHO', 'SHO Regex', 'release_title', 'all', 0, 0);
INSERT OR REPLACE INTO condition_patterns (custom_format_name, condition_name, regular_expression_name) VALUES ('SHO', 'SHO Regex', 'Showtime');
INSERT OR REPLACE INTO custom_format_conditions (custom_format_name, name, type, arr_type, negate, required) VALUES ('SHO', 'SHO Rename Regex', 'release_title', 'all', 0, 0);
INSERT OR REPLACE INTO condition_patterns (custom_format_name, condition_name, regular_expression_name) VALUES ('SHO', 'SHO Rename Regex', 'Showtime Rename');
INSERT OR REPLACE INTO custom_format_conditions (custom_format_name, name, type, arr_type, negate, required) VALUES ('SHO', 'WEB-DL', 'source', 'all', 0, 0);
INSERT OR REPLACE INTO condition_sources (custom_format_name, condition_name, source) VALUES ('SHO', 'WEB-DL', 'web_dl');
INSERT OR REPLACE INTO custom_format_conditions (custom_format_name, name, type, arr_type, negate, required) VALUES ('SHO', 'WEBRip', 'source', 'all', 0, 0);
INSERT OR REPLACE INTO condition_sources (custom_format_name, condition_name, source) VALUES ('SHO', 'WEBRip', 'webrip');
INSERT OR IGNORE INTO custom_format_tests (custom_format_name, title, type, should_match, description) VALUES ('SHO', 'Billions S06 2160p SHO WEB-DL DD+ 5.1 H.265-NTb', 'movie', 1, NULL);
INSERT OR REPLACE INTO custom_formats (name, description, include_in_rename) VALUES ('Sing Along', NULL, 0);
INSERT OR IGNORE INTO custom_format_tags (custom_format_name, tag_name) VALUES ('Sing Along', 'Banned');
INSERT OR IGNORE INTO custom_format_tags (custom_format_name, tag_name) VALUES ('Sing Along', 'Edition');
INSERT OR REPLACE INTO custom_format_conditions (custom_format_name, name, type, arr_type, negate, required) VALUES ('Sing Along', 'Sing Along', 'release_title', 'all', 0, 1);
INSERT OR REPLACE INTO condition_patterns (custom_format_name, condition_name, regular_expression_name) VALUES ('Sing Along', 'Sing Along', 'Sing Along');
INSERT OR REPLACE INTO custom_formats (name, description, include_in_rename) VALUES ('Special Edition', 'Special editions are modified versions of movies released after the original theatrical version.

• They exist because filmmakers want to present their `true vision`, `fix problems`, or because studios want to make more money
• You''ll see them with names like `Director''s Cut`, `Extended Edition`, or creative marketing labels like `Ultimate Cut`
• A single film can have `multiple special editions` as technology improves or different creative perspectives emerge', 0);
INSERT OR IGNORE INTO custom_format_tags (custom_format_name, tag_name) VALUES ('Special Edition', 'Edition');
INSERT OR REPLACE INTO custom_format_conditions (custom_format_name, name, type, arr_type, negate, required) VALUES ('Special Edition', 'Special Edition', 'release_title', 'all', 0, 1);
INSERT OR REPLACE INTO condition_patterns (custom_format_name, condition_name, regular_expression_name) VALUES ('Special Edition', 'Special Edition', 'Special Edition');
INSERT OR REPLACE INTO custom_format_conditions (custom_format_name, name, type, arr_type, negate, required) VALUES ('Special Edition', 'Not IMAX', 'release_title', 'all', 1, 1);
INSERT OR REPLACE INTO condition_patterns (custom_format_name, condition_name, regular_expression_name) VALUES ('Special Edition', 'Not IMAX', 'IMAX');
INSERT OR REPLACE INTO custom_format_conditions (custom_format_name, name, type, arr_type, negate, required) VALUES ('Special Edition', 'Not Open Matte', 'release_title', 'all', 1, 1);
INSERT OR REPLACE INTO condition_patterns (custom_format_name, condition_name, regular_expression_name) VALUES ('Special Edition', 'Not Open Matte', 'Open Matte');
INSERT OR REPLACE INTO custom_format_conditions (custom_format_name, name, type, arr_type, negate, required) VALUES ('Special Edition', 'Not Theatrical Edition', 'release_title', 'all', 1, 1);
INSERT OR REPLACE INTO condition_patterns (custom_format_name, condition_name, regular_expression_name) VALUES ('Special Edition', 'Not Theatrical Edition', 'Theatrical Edition');
INSERT OR REPLACE INTO custom_format_conditions (custom_format_name, name, type, arr_type, negate, required) VALUES ('Special Edition', 'Not Extended Clip', 'release_title', 'all', 1, 1);
INSERT OR REPLACE INTO condition_patterns (custom_format_name, condition_name, regular_expression_name) VALUES ('Special Edition', 'Not Extended Clip', 'Extended Clip');
INSERT OR REPLACE INTO custom_format_conditions (custom_format_name, name, type, arr_type, negate, required) VALUES ('Special Edition', 'Not Sing Along', 'release_title', 'all', 1, 1);
INSERT OR REPLACE INTO condition_patterns (custom_format_name, condition_name, regular_expression_name) VALUES ('Special Edition', 'Not Sing Along', 'Sing Along');
INSERT OR IGNORE INTO custom_format_tests (custom_format_name, title, type, should_match, description) VALUES ('Special Edition', 'Blade.Runner.The.Final.Cut.1982.BluRay.CEE.1080p.VC-1.TrueHD.5.1-Gazdi', 'movie', 1, NULL);
INSERT OR IGNORE INTO custom_format_tests (custom_format_name, title, type, should_match, description) VALUES ('Special Edition', 'Wicked 2024 Sing-Along Version 720p MA WEB-DL DDP 5.1 H.264-FLUX', 'movie', 0, NULL);
INSERT OR IGNORE INTO custom_format_tests (custom_format_name, title, type, should_match, description) VALUES ('Special Edition', 'Alien 1979 Directors Cut HYBRID 2160p BluRay REMUX HEVC DV-HDR10Plus DTS-HD MA 5 1-Flights', 'movie', 0, NULL);
INSERT OR REPLACE INTO custom_formats (name, description, include_in_rename) VALUES ('STAN', 'Matches ''STAN'' WEB-DLs. Negates any encodes.', 0);
INSERT OR IGNORE INTO custom_format_tags (custom_format_name, tag_name) VALUES ('STAN', 'Streaming Service');
INSERT OR IGNORE INTO custom_format_tags (custom_format_name, tag_name) VALUES ('STAN', 'WEB-DL');
INSERT OR REPLACE INTO custom_format_conditions (custom_format_name, name, type, arr_type, negate, required) VALUES ('STAN', 'STAN Regex', 'release_title', 'all', 0, 0);
INSERT OR REPLACE INTO condition_patterns (custom_format_name, condition_name, regular_expression_name) VALUES ('STAN', 'STAN Regex', 'Stan');
INSERT OR REPLACE INTO custom_format_conditions (custom_format_name, name, type, arr_type, negate, required) VALUES ('STAN', 'STAN Rename Regex', 'release_title', 'all', 0, 0);
INSERT OR REPLACE INTO condition_patterns (custom_format_name, condition_name, regular_expression_name) VALUES ('STAN', 'STAN Rename Regex', 'Stan Rename');
INSERT OR REPLACE INTO custom_format_conditions (custom_format_name, name, type, arr_type, negate, required) VALUES ('STAN', 'WEB-DL', 'source', 'all', 0, 0);
INSERT OR REPLACE INTO condition_sources (custom_format_name, condition_name, source) VALUES ('STAN', 'WEB-DL', 'web_dl');
INSERT OR REPLACE INTO custom_format_conditions (custom_format_name, name, type, arr_type, negate, required) VALUES ('STAN', 'WEBRip', 'source', 'all', 0, 0);
INSERT OR REPLACE INTO condition_sources (custom_format_name, condition_name, source) VALUES ('STAN', 'WEBRip', 'webrip');
INSERT OR IGNORE INTO custom_format_tests (custom_format_name, title, type, should_match, description) VALUES ('STAN', 'Scrublands S02 2160p STAN WEB-DL DD+ 5.1 Atmos H.265-RAWR', 'movie', 1, NULL);
INSERT OR REPLACE INTO custom_formats (name, description, include_in_rename) VALUES ('TAoE Bluray', NULL, 0);
INSERT OR REPLACE INTO custom_format_conditions (custom_format_name, name, type, arr_type, negate, required) VALUES ('TAoE Bluray', '1080p', 'resolution', 'all', 0, 1);
INSERT OR REPLACE INTO condition_resolutions (custom_format_name, condition_name, resolution) VALUES ('TAoE Bluray', '1080p', '1080p');
INSERT OR REPLACE INTO custom_format_conditions (custom_format_name, name, type, arr_type, negate, required) VALUES ('TAoE Bluray', 'Bluray', 'source', 'all', 0, 1);
INSERT OR REPLACE INTO condition_sources (custom_format_name, condition_name, source) VALUES ('TAoE Bluray', 'Bluray', 'bluray');
INSERT OR REPLACE INTO custom_format_conditions (custom_format_name, name, type, arr_type, negate, required) VALUES ('TAoE Bluray', 'TAoE', 'release_title', 'all', 0, 1);
INSERT OR REPLACE INTO condition_patterns (custom_format_name, condition_name, regular_expression_name) VALUES ('TAoE Bluray', 'TAoE', 'TAoE (Title)');
INSERT OR REPLACE INTO custom_format_conditions (custom_format_name, name, type, arr_type, negate, required) VALUES ('TAoE Bluray', 'Release Group', 'release_group', 'all', 1, 1);
INSERT OR REPLACE INTO condition_patterns (custom_format_name, condition_name, regular_expression_name) VALUES ('TAoE Bluray', 'Release Group', 'TAoE');
INSERT OR REPLACE INTO custom_formats (name, description, include_in_rename) VALUES ('TAoE Blurays', NULL, 0);
INSERT OR REPLACE INTO custom_format_conditions (custom_format_name, name, type, arr_type, negate, required) VALUES ('TAoE Blurays', '2160p', 'resolution', 'all', 0, 1);
INSERT OR REPLACE INTO condition_resolutions (custom_format_name, condition_name, resolution) VALUES ('TAoE Blurays', '2160p', '2160p');
INSERT OR REPLACE INTO custom_format_conditions (custom_format_name, name, type, arr_type, negate, required) VALUES ('TAoE Blurays', 'Bluray', 'source', 'all', 0, 1);
INSERT OR REPLACE INTO condition_sources (custom_format_name, condition_name, source) VALUES ('TAoE Blurays', 'Bluray', 'bluray');
INSERT OR REPLACE INTO custom_format_conditions (custom_format_name, name, type, arr_type, negate, required) VALUES ('TAoE Blurays', 'TAoE', 'release_title', 'all', 0, 1);
INSERT OR REPLACE INTO condition_patterns (custom_format_name, condition_name, regular_expression_name) VALUES ('TAoE Blurays', 'TAoE', 'TAoE (Title)');
INSERT OR REPLACE INTO custom_format_conditions (custom_format_name, name, type, arr_type, negate, required) VALUES ('TAoE Blurays', 'Release Group', 'release_group', 'all', 1, 1);
INSERT OR REPLACE INTO condition_patterns (custom_format_name, condition_name, regular_expression_name) VALUES ('TAoE Blurays', 'Release Group', 'TAoE');
INSERT OR REPLACE INTO custom_formats (name, description, include_in_rename) VALUES ('TAoE WEB', NULL, 0);
INSERT OR REPLACE INTO custom_format_conditions (custom_format_name, name, type, arr_type, negate, required) VALUES ('TAoE WEB', '1080p', 'resolution', 'all', 0, 1);
INSERT OR REPLACE INTO condition_resolutions (custom_format_name, condition_name, resolution) VALUES ('TAoE WEB', '1080p', '1080p');
INSERT OR REPLACE INTO custom_format_conditions (custom_format_name, name, type, arr_type, negate, required) VALUES ('TAoE WEB', 'TAoE', 'release_title', 'all', 0, 1);
INSERT OR REPLACE INTO condition_patterns (custom_format_name, condition_name, regular_expression_name) VALUES ('TAoE WEB', 'TAoE', 'TAoE (Title)');
INSERT OR REPLACE INTO custom_format_conditions (custom_format_name, name, type, arr_type, negate, required) VALUES ('TAoE WEB', 'Release Group', 'release_group', 'all', 1, 1);
INSERT OR REPLACE INTO condition_patterns (custom_format_name, condition_name, regular_expression_name) VALUES ('TAoE WEB', 'Release Group', 'TAoE');
INSERT OR REPLACE INTO custom_format_conditions (custom_format_name, name, type, arr_type, negate, required) VALUES ('TAoE WEB', 'WEB-DL', 'source', 'all', 0, 0);
INSERT OR REPLACE INTO condition_sources (custom_format_name, condition_name, source) VALUES ('TAoE WEB', 'WEB-DL', 'web_dl');
INSERT OR REPLACE INTO custom_format_conditions (custom_format_name, name, type, arr_type, negate, required) VALUES ('TAoE WEB', 'WEBRip', 'source', 'all', 0, 0);
INSERT OR REPLACE INTO condition_sources (custom_format_name, condition_name, source) VALUES ('TAoE WEB', 'WEBRip', 'webrip');
INSERT OR REPLACE INTO custom_formats (name, description, include_in_rename) VALUES ('TAoE WEBs', NULL, 0);
INSERT OR REPLACE INTO custom_format_conditions (custom_format_name, name, type, arr_type, negate, required) VALUES ('TAoE WEBs', '2160p', 'resolution', 'all', 0, 1);
INSERT OR REPLACE INTO condition_resolutions (custom_format_name, condition_name, resolution) VALUES ('TAoE WEBs', '2160p', '2160p');
INSERT OR REPLACE INTO custom_format_conditions (custom_format_name, name, type, arr_type, negate, required) VALUES ('TAoE WEBs', 'TAoE', 'release_title', 'all', 0, 1);
INSERT OR REPLACE INTO condition_patterns (custom_format_name, condition_name, regular_expression_name) VALUES ('TAoE WEBs', 'TAoE', 'TAoE (Title)');
INSERT OR REPLACE INTO custom_format_conditions (custom_format_name, name, type, arr_type, negate, required) VALUES ('TAoE WEBs', 'Release Group', 'release_group', 'all', 1, 1);
INSERT OR REPLACE INTO condition_patterns (custom_format_name, condition_name, regular_expression_name) VALUES ('TAoE WEBs', 'Release Group', 'TAoE');
INSERT OR REPLACE INTO custom_format_conditions (custom_format_name, name, type, arr_type, negate, required) VALUES ('TAoE WEBs', 'WEB-DL', 'source', 'all', 0, 0);
INSERT OR REPLACE INTO condition_sources (custom_format_name, condition_name, source) VALUES ('TAoE WEBs', 'WEB-DL', 'web_dl');
INSERT OR REPLACE INTO custom_format_conditions (custom_format_name, name, type, arr_type, negate, required) VALUES ('TAoE WEBs', 'WEBRip', 'source', 'all', 0, 0);
INSERT OR REPLACE INTO condition_sources (custom_format_name, condition_name, source) VALUES ('TAoE WEBs', 'WEBRip', 'webrip');
INSERT OR REPLACE INTO custom_formats (name, description, include_in_rename) VALUES ('Theatrical', 'Matches any type of theatrical edition.
- Ensures that `Theatrical` comes after the year so that movies with ''Theatrical` in the title are not matched', 0);
INSERT OR IGNORE INTO custom_format_tags (custom_format_name, tag_name) VALUES ('Theatrical', 'Edition');
INSERT OR REPLACE INTO custom_format_conditions (custom_format_name, name, type, arr_type, negate, required) VALUES ('Theatrical', 'Theatrical', 'release_title', 'all', 0, 1);
INSERT OR REPLACE INTO condition_patterns (custom_format_name, condition_name, regular_expression_name) VALUES ('Theatrical', 'Theatrical', 'Theatrical Edition');
INSERT OR REPLACE INTO custom_format_conditions (custom_format_name, name, type, arr_type, negate, required) VALUES ('Theatrical', 'Not Extended Clip', 'release_title', 'all', 1, 1);
INSERT OR REPLACE INTO condition_patterns (custom_format_name, condition_name, regular_expression_name) VALUES ('Theatrical', 'Not Extended Clip', 'Extended Clip');
INSERT OR REPLACE INTO custom_format_conditions (custom_format_name, name, type, arr_type, negate, required) VALUES ('Theatrical', 'Not IMAX', 'release_title', 'all', 1, 1);
INSERT OR REPLACE INTO condition_patterns (custom_format_name, condition_name, regular_expression_name) VALUES ('Theatrical', 'Not IMAX', 'IMAX');
INSERT OR REPLACE INTO custom_format_conditions (custom_format_name, name, type, arr_type, negate, required) VALUES ('Theatrical', 'Not Open Matte', 'release_title', 'all', 1, 1);
INSERT OR REPLACE INTO condition_patterns (custom_format_name, condition_name, regular_expression_name) VALUES ('Theatrical', 'Not Open Matte', 'Open Matte');
INSERT OR REPLACE INTO custom_format_conditions (custom_format_name, name, type, arr_type, negate, required) VALUES ('Theatrical', 'Not Sing Along', 'release_title', 'all', 1, 1);
INSERT OR REPLACE INTO condition_patterns (custom_format_name, condition_name, regular_expression_name) VALUES ('Theatrical', 'Not Sing Along', 'Sing Along');
INSERT OR REPLACE INTO custom_format_conditions (custom_format_name, name, type, arr_type, negate, required) VALUES ('Theatrical', 'Not Special Edition', 'release_title', 'all', 1, 1);
INSERT OR REPLACE INTO condition_patterns (custom_format_name, condition_name, regular_expression_name) VALUES ('Theatrical', 'Not Special Edition', 'Special Edition');
INSERT OR IGNORE INTO custom_format_tests (custom_format_name, title, type, should_match, description) VALUES ('Theatrical', 'Blade.Runner.The.Final.Cut.1982.BluRay.CEE.1080p.VC-1.TrueHD.5.1-Gazdi', 'movie', 1, NULL);
INSERT OR IGNORE INTO custom_format_tests (custom_format_name, title, type, should_match, description) VALUES ('Theatrical', 'Wicked 2024 Sing-Along Version 720p MA WEB-DL DDP 5.1 H.264-FLUX', 'movie', 0, NULL);
INSERT OR IGNORE INTO custom_format_tests (custom_format_name, title, type, should_match, description) VALUES ('Theatrical', 'Alien 1979 Directors Cut HYBRID 2160p BluRay REMUX HEVC DV-HDR10Plus DTS-HD MA 5 1-Flights', 'movie', 0, NULL);
INSERT OR REPLACE INTO custom_formats (name, description, include_in_rename) VALUES ('TrueHD (Missing)', 'Attempts to match TrueHD releases which are not labelled correctly (TRiTON, EPSiLON groups)', 0);
INSERT OR IGNORE INTO custom_format_tags (custom_format_name, tag_name) VALUES ('TrueHD (Missing)', 'Audio');
INSERT OR REPLACE INTO custom_format_conditions (custom_format_name, name, type, arr_type, negate, required) VALUES ('TrueHD (Missing)', '2160p', 'resolution', 'all', 0, 1);
INSERT OR REPLACE INTO condition_resolutions (custom_format_name, condition_name, resolution) VALUES ('TrueHD (Missing)', '2160p', '2160p');
INSERT OR REPLACE INTO custom_format_conditions (custom_format_name, name, type, arr_type, negate, required) VALUES ('TrueHD (Missing)', 'Atmos', 'release_title', 'all', 0, 1);
INSERT OR REPLACE INTO condition_patterns (custom_format_name, condition_name, regular_expression_name) VALUES ('TrueHD (Missing)', 'Atmos', 'Atmos (Missing)');
INSERT OR REPLACE INTO custom_format_conditions (custom_format_name, name, type, arr_type, negate, required) VALUES ('TrueHD (Missing)', 'Not DD', 'release_title', 'all', 1, 1);
INSERT OR REPLACE INTO condition_patterns (custom_format_name, condition_name, regular_expression_name) VALUES ('TrueHD (Missing)', 'Not DD', 'Dolby Digital');
INSERT OR REPLACE INTO custom_format_conditions (custom_format_name, name, type, arr_type, negate, required) VALUES ('TrueHD (Missing)', 'Not DD+', 'release_title', 'all', 1, 1);
INSERT OR REPLACE INTO condition_patterns (custom_format_name, condition_name, regular_expression_name) VALUES ('TrueHD (Missing)', 'Not DD+', 'Dolby Digital +');
INSERT OR REPLACE INTO custom_format_conditions (custom_format_name, name, type, arr_type, negate, required) VALUES ('TrueHD (Missing)', 'Not DTS', 'release_title', 'all', 1, 1);
INSERT OR REPLACE INTO condition_patterns (custom_format_name, condition_name, regular_expression_name) VALUES ('TrueHD (Missing)', 'Not DTS', 'DTS');
INSERT OR REPLACE INTO custom_format_conditions (custom_format_name, name, type, arr_type, negate, required) VALUES ('TrueHD (Missing)', 'Not FLAC', 'release_title', 'all', 1, 1);
INSERT OR REPLACE INTO condition_patterns (custom_format_name, condition_name, regular_expression_name) VALUES ('TrueHD (Missing)', 'Not FLAC', 'FLAC');
INSERT OR REPLACE INTO custom_format_conditions (custom_format_name, name, type, arr_type, negate, required) VALUES ('TrueHD (Missing)', 'Not TrueHD', 'release_title', 'all', 1, 1);
INSERT OR REPLACE INTO condition_patterns (custom_format_name, condition_name, regular_expression_name) VALUES ('TrueHD (Missing)', 'Not TrueHD', 'TrueHD');
INSERT OR REPLACE INTO custom_formats (name, description, include_in_rename) VALUES ('TrueHD', 'Matches ''TrueHD'' Regex Pattern and negates any other audio types that might conflict.', 0);
INSERT OR IGNORE INTO custom_format_tags (custom_format_name, tag_name) VALUES ('TrueHD', 'Audio');
INSERT OR REPLACE INTO custom_format_conditions (custom_format_name, name, type, arr_type, negate, required) VALUES ('TrueHD', 'TrueHD', 'release_title', 'all', 0, 1);
INSERT OR REPLACE INTO condition_patterns (custom_format_name, condition_name, regular_expression_name) VALUES ('TrueHD', 'TrueHD', 'TrueHD');
INSERT OR REPLACE INTO custom_format_conditions (custom_format_name, name, type, arr_type, negate, required) VALUES ('TrueHD', 'Not Dolby Digital', 'release_title', 'all', 1, 1);
INSERT OR REPLACE INTO condition_patterns (custom_format_name, condition_name, regular_expression_name) VALUES ('TrueHD', 'Not Dolby Digital', 'Dolby Digital');
INSERT OR REPLACE INTO custom_format_conditions (custom_format_name, name, type, arr_type, negate, required) VALUES ('TrueHD', 'Not Dolby Digital +', 'release_title', 'all', 1, 1);
INSERT OR REPLACE INTO condition_patterns (custom_format_name, condition_name, regular_expression_name) VALUES ('TrueHD', 'Not Dolby Digital +', 'Dolby Digital +');
INSERT OR REPLACE INTO custom_format_conditions (custom_format_name, name, type, arr_type, negate, required) VALUES ('TrueHD', 'Not DTS', 'release_title', 'all', 1, 1);
INSERT OR REPLACE INTO condition_patterns (custom_format_name, condition_name, regular_expression_name) VALUES ('TrueHD', 'Not DTS', 'DTS');
INSERT OR REPLACE INTO custom_format_conditions (custom_format_name, name, type, arr_type, negate, required) VALUES ('TrueHD', 'Not FLAC', 'release_title', 'all', 1, 1);
INSERT OR REPLACE INTO condition_patterns (custom_format_name, condition_name, regular_expression_name) VALUES ('TrueHD', 'Not FLAC', 'FLAC');
INSERT OR REPLACE INTO custom_formats (name, description, include_in_rename) VALUES ('TV Extras', 'Matches the ''Extras'' Regex Pattern', 0);
INSERT OR IGNORE INTO custom_format_tags (custom_format_name, tag_name) VALUES ('TV Extras', 'Banned');
INSERT OR IGNORE INTO custom_format_tags (custom_format_name, tag_name) VALUES ('TV Extras', 'Enhancement');
INSERT OR REPLACE INTO custom_format_conditions (custom_format_name, name, type, arr_type, negate, required) VALUES ('TV Extras', 'TV Extras', 'release_title', 'all', 0, 1);
INSERT OR REPLACE INTO condition_patterns (custom_format_name, condition_name, regular_expression_name) VALUES ('TV Extras', 'TV Extras', 'TV Extras');
INSERT OR REPLACE INTO custom_formats (name, description, include_in_rename) VALUES ('TVING', 'Matches ''TVING'' WEB-DLs. Negates any encodes.', 0);
INSERT OR IGNORE INTO custom_format_tags (custom_format_name, tag_name) VALUES ('TVING', 'Streaming Service');
INSERT OR IGNORE INTO custom_format_tags (custom_format_name, tag_name) VALUES ('TVING', 'WEB-DL');
INSERT OR REPLACE INTO custom_format_conditions (custom_format_name, name, type, arr_type, negate, required) VALUES ('TVING', 'TVING Regex', 'release_title', 'all', 0, 1);
INSERT OR REPLACE INTO condition_patterns (custom_format_name, condition_name, regular_expression_name) VALUES ('TVING', 'TVING Regex', 'TVING');
INSERT OR REPLACE INTO custom_format_conditions (custom_format_name, name, type, arr_type, negate, required) VALUES ('TVING', 'WEB-DL', 'source', 'all', 0, 0);
INSERT OR REPLACE INTO condition_sources (custom_format_name, condition_name, source) VALUES ('TVING', 'WEB-DL', 'web_dl');
INSERT OR REPLACE INTO custom_format_conditions (custom_format_name, name, type, arr_type, negate, required) VALUES ('TVING', 'WEBRip', 'source', 'all', 0, 0);
INSERT OR REPLACE INTO condition_sources (custom_format_name, condition_name, source) VALUES ('TVING', 'WEBRip', 'webrip');
INSERT OR IGNORE INTO custom_format_tests (custom_format_name, title, type, should_match, description) VALUES ('TVING', 'Billions S06 2160p SHO WEB-DL DD+ 5.1 H.265-NTb', 'movie', 1, NULL);
INSERT OR REPLACE INTO custom_formats (name, description, include_in_rename) VALUES ('UHD Bluray (Efficient)', 'UHD Blu-ray is a digital optical disc format released in 2016. It stores 66GB on triple-layer discs or 100GB on quad-layer discs, compared to standard Blu-ray''s 25GB/50GB capacity. The format delivers 3840x2160 (4K) resolution video using HEVC (H.265) encoding at bitrates up to 128Mbps. All UHD Blu-rays include HDR10 support, with some releases adding Dolby Vision or HDR10+. The format uses the BT.2020 color space and 10-bit color depth, while supporting audio formats like Dolby Atmos, DTS:X, DTS-HD MA, and Dolby TrueHD. UHD Blu-ray players require HDMI 2.0a and HDCP 2.2 compliant displays to show 4K HDR content.', 0);
INSERT OR IGNORE INTO custom_format_tags (custom_format_name, tag_name) VALUES ('UHD Bluray (Efficient)', '2160p');
INSERT OR IGNORE INTO custom_format_tags (custom_format_name, tag_name) VALUES ('UHD Bluray (Efficient)', 'Storage');
INSERT OR REPLACE INTO custom_format_conditions (custom_format_name, name, type, arr_type, negate, required) VALUES ('UHD Bluray (Efficient)', '1080p', 'resolution', 'all', 0, 1);
INSERT OR REPLACE INTO condition_resolutions (custom_format_name, condition_name, resolution) VALUES ('UHD Bluray (Efficient)', '1080p', '1080p');
INSERT OR REPLACE INTO custom_format_conditions (custom_format_name, name, type, arr_type, negate, required) VALUES ('UHD Bluray (Efficient)', 'UHD Bluray', 'release_title', 'all', 0, 1);
INSERT OR REPLACE INTO condition_patterns (custom_format_name, condition_name, regular_expression_name) VALUES ('UHD Bluray (Efficient)', 'UHD Bluray', 'UHD Bluray (Efficient)');
INSERT OR REPLACE INTO custom_format_conditions (custom_format_name, name, type, arr_type, negate, required) VALUES ('UHD Bluray (Efficient)', 'HDR', 'release_title', 'all', 0, 1);
INSERT OR REPLACE INTO condition_patterns (custom_format_name, condition_name, regular_expression_name) VALUES ('UHD Bluray (Efficient)', 'HDR', 'Basic HDR Formats');
INSERT OR IGNORE INTO custom_format_tests (custom_format_name, title, type, should_match, description) VALUES ('UHD Bluray (Efficient)', 'Avatar: The Way of Water [2022] 2160p HEVC WEB-DL HDR10+ -CMRG', 'movie', 0, NULL);
INSERT OR IGNORE INTO custom_format_tests (custom_format_name, title, type, should_match, description) VALUES ('UHD Bluray (Efficient)', 'Avatar.The.Way.of.Water.2022.1080p.UHD.BluRay.DDP7.1.HDR10.x265-GALAXY', 'movie', 1, NULL);
INSERT OR IGNORE INTO custom_format_tests (custom_format_name, title, type, should_match, description) VALUES ('UHD Bluray (Efficient)', 'Blade Runner 2049 2017 1080p UHD BluRay DTS HDR x265 D-Z0N3', 'movie', 1, NULL);
INSERT OR REPLACE INTO custom_formats (name, description, include_in_rename) VALUES ('UHD Bluray', 'UHD Blu-ray is a digital optical disc format released in 2016. It stores 66GB on triple-layer discs or 100GB on quad-layer discs, compared to standard Blu-ray''s 25GB/50GB capacity. The format delivers 3840x2160 (4K) resolution video using HEVC (H.265) encoding at bitrates up to 128Mbps. All UHD Blu-rays include HDR10 support, with some releases adding Dolby Vision or HDR10+. The format uses the BT.2020 color space and 10-bit color depth, while supporting audio formats like Dolby Atmos, DTS:X, DTS-HD MA, and Dolby TrueHD. UHD Blu-ray players require HDMI 2.0a and HDCP 2.2 compliant displays to show 4K HDR content.', 0);
INSERT OR IGNORE INTO custom_format_tags (custom_format_name, tag_name) VALUES ('UHD Bluray', '2160p');
INSERT OR IGNORE INTO custom_format_tags (custom_format_name, tag_name) VALUES ('UHD Bluray', 'Storage');
INSERT OR REPLACE INTO custom_format_conditions (custom_format_name, name, type, arr_type, negate, required) VALUES ('UHD Bluray', '1080p', 'resolution', 'all', 0, 1);
INSERT OR REPLACE INTO condition_resolutions (custom_format_name, condition_name, resolution) VALUES ('UHD Bluray', '1080p', '1080p');
INSERT OR REPLACE INTO custom_format_conditions (custom_format_name, name, type, arr_type, negate, required) VALUES ('UHD Bluray', 'UHD Bluray', 'release_title', 'all', 0, 1);
INSERT OR REPLACE INTO condition_patterns (custom_format_name, condition_name, regular_expression_name) VALUES ('UHD Bluray', 'UHD Bluray', 'UHD Bluray');
INSERT OR REPLACE INTO custom_format_conditions (custom_format_name, name, type, arr_type, negate, required) VALUES ('UHD Bluray', 'HDR', 'release_title', 'all', 0, 1);
INSERT OR REPLACE INTO condition_patterns (custom_format_name, condition_name, regular_expression_name) VALUES ('UHD Bluray', 'HDR', 'Basic HDR Formats');
INSERT OR REPLACE INTO custom_format_conditions (custom_format_name, name, type, arr_type, negate, required) VALUES ('UHD Bluray', 'Release Groups', 'release_group', 'all', 0, 1);
INSERT OR REPLACE INTO condition_patterns (custom_format_name, condition_name, regular_expression_name) VALUES ('UHD Bluray', 'Release Groups', 'UHD Bluray Release Groups');
INSERT OR IGNORE INTO custom_format_tests (custom_format_name, title, type, should_match, description) VALUES ('UHD Bluray', 'Avatar: The Way of Water [2022] 2160p HEVC WEB-DL HDR10+ -CMRG', 'movie', 0, NULL);
INSERT OR IGNORE INTO custom_format_tests (custom_format_name, title, type, should_match, description) VALUES ('UHD Bluray', 'Avatar.The.Way.of.Water.2022.1080p.UHD.BluRay.DDP7.1.HDR10.x265-GALAXY', 'movie', 1, NULL);
INSERT OR IGNORE INTO custom_format_tests (custom_format_name, title, type, should_match, description) VALUES ('UHD Bluray', 'Blade Runner 2049 2017 1080p UHD BluRay DTS HDR x265 D-Z0N3', 'movie', 1, NULL);
INSERT OR REPLACE INTO custom_formats (name, description, include_in_rename) VALUES ('Upscale', 'Matches the ''Upscaled'' regex pattern

Radarr Version', 0);
INSERT OR IGNORE INTO custom_format_tags (custom_format_name, tag_name) VALUES ('Upscale', 'Banned');
INSERT OR IGNORE INTO custom_format_tags (custom_format_name, tag_name) VALUES ('Upscale', 'Enhancement');
INSERT OR REPLACE INTO custom_format_conditions (custom_format_name, name, type, arr_type, negate, required) VALUES ('Upscale', 'Upscaled', 'release_title', 'all', 0, 0);
INSERT OR REPLACE INTO condition_patterns (custom_format_name, condition_name, regular_expression_name) VALUES ('Upscale', 'Upscaled', 'Upscaled');
INSERT OR REPLACE INTO custom_format_conditions (custom_format_name, name, type, arr_type, negate, required) VALUES ('Upscale', 'AI Movies', 'release_title', 'all', 0, 0);
INSERT OR REPLACE INTO condition_patterns (custom_format_name, condition_name, regular_expression_name) VALUES ('Upscale', 'AI Movies', 'AI Movies');
INSERT OR REPLACE INTO custom_formats (name, description, include_in_rename) VALUES ('Upscaled', 'Matches the ''Upscaled'' regex pattern

Sonarr Version', 0);
INSERT OR IGNORE INTO custom_format_tags (custom_format_name, tag_name) VALUES ('Upscaled', 'Banned');
INSERT OR IGNORE INTO custom_format_tags (custom_format_name, tag_name) VALUES ('Upscaled', 'Enhancement');
INSERT OR REPLACE INTO custom_format_conditions (custom_format_name, name, type, arr_type, negate, required) VALUES ('Upscaled', 'Upscaled', 'release_title', 'all', 0, 0);
INSERT OR REPLACE INTO condition_patterns (custom_format_name, condition_name, regular_expression_name) VALUES ('Upscaled', 'Upscaled', 'Upscaled');
INSERT OR REPLACE INTO custom_format_conditions (custom_format_name, name, type, arr_type, negate, required) VALUES ('Upscaled', 'AI TV', 'release_title', 'all', 0, 0);
INSERT OR REPLACE INTO condition_patterns (custom_format_name, condition_name, regular_expression_name) VALUES ('Upscaled', 'AI TV', 'AI TV');
INSERT OR REPLACE INTO custom_formats (name, description, include_in_rename) VALUES ('Vialle Bluray', NULL, 0);
INSERT OR REPLACE INTO custom_format_conditions (custom_format_name, name, type, arr_type, negate, required) VALUES ('Vialle Bluray', '1080p', 'resolution', 'all', 0, 1);
INSERT OR REPLACE INTO condition_resolutions (custom_format_name, condition_name, resolution) VALUES ('Vialle Bluray', '1080p', '1080p');
INSERT OR REPLACE INTO custom_format_conditions (custom_format_name, name, type, arr_type, negate, required) VALUES ('Vialle Bluray', 'Bluray', 'source', 'all', 0, 1);
INSERT OR REPLACE INTO condition_sources (custom_format_name, condition_name, source) VALUES ('Vialle Bluray', 'Bluray', 'bluray');
INSERT OR REPLACE INTO custom_format_conditions (custom_format_name, name, type, arr_type, negate, required) VALUES ('Vialle Bluray', 'Vialle', 'release_title', 'all', 0, 1);
INSERT OR REPLACE INTO condition_patterns (custom_format_name, condition_name, regular_expression_name) VALUES ('Vialle Bluray', 'Vialle', 'Vialle');
INSERT OR REPLACE INTO custom_format_conditions (custom_format_name, name, type, arr_type, negate, required) VALUES ('Vialle Bluray', 'Release Group', 'release_group', 'all', 1, 1);
INSERT OR REPLACE INTO condition_patterns (custom_format_name, condition_name, regular_expression_name) VALUES ('Vialle Bluray', 'Release Group', 'Vialle');
INSERT OR REPLACE INTO custom_formats (name, description, include_in_rename) VALUES ('Vialle WEB', NULL, 0);
INSERT OR REPLACE INTO custom_format_conditions (custom_format_name, name, type, arr_type, negate, required) VALUES ('Vialle WEB', '1080p', 'resolution', 'all', 0, 1);
INSERT OR REPLACE INTO condition_resolutions (custom_format_name, condition_name, resolution) VALUES ('Vialle WEB', '1080p', '1080p');
INSERT OR REPLACE INTO custom_format_conditions (custom_format_name, name, type, arr_type, negate, required) VALUES ('Vialle WEB', 'Vialle', 'release_title', 'all', 0, 1);
INSERT OR REPLACE INTO condition_patterns (custom_format_name, condition_name, regular_expression_name) VALUES ('Vialle WEB', 'Vialle', 'Vialle');
INSERT OR REPLACE INTO custom_format_conditions (custom_format_name, name, type, arr_type, negate, required) VALUES ('Vialle WEB', 'Release Group', 'release_group', 'all', 1, 1);
INSERT OR REPLACE INTO condition_patterns (custom_format_name, condition_name, regular_expression_name) VALUES ('Vialle WEB', 'Release Group', 'Vialle');
INSERT OR REPLACE INTO custom_format_conditions (custom_format_name, name, type, arr_type, negate, required) VALUES ('Vialle WEB', 'WEB-DL', 'source', 'all', 0, 0);
INSERT OR REPLACE INTO condition_sources (custom_format_name, condition_name, source) VALUES ('Vialle WEB', 'WEB-DL', 'web_dl');
INSERT OR REPLACE INTO custom_format_conditions (custom_format_name, name, type, arr_type, negate, required) VALUES ('Vialle WEB', 'WEBRip', 'source', 'all', 0, 0);
INSERT OR REPLACE INTO condition_sources (custom_format_name, condition_name, source) VALUES ('Vialle WEB', 'WEBRip', 'webrip');
INSERT OR REPLACE INTO custom_formats (name, description, include_in_rename) VALUES ('VIKI', 'Matches ''VIKI'' WEB-DLs. Negates any encodes.', 0);
INSERT OR IGNORE INTO custom_format_tags (custom_format_name, tag_name) VALUES ('VIKI', 'Streaming Service');
INSERT OR IGNORE INTO custom_format_tags (custom_format_name, tag_name) VALUES ('VIKI', 'WEB-DL');
INSERT OR REPLACE INTO custom_format_conditions (custom_format_name, name, type, arr_type, negate, required) VALUES ('VIKI', 'VIKI Regex', 'release_title', 'all', 0, 1);
INSERT OR REPLACE INTO condition_patterns (custom_format_name, condition_name, regular_expression_name) VALUES ('VIKI', 'VIKI Regex', 'Viki');
INSERT OR REPLACE INTO custom_format_conditions (custom_format_name, name, type, arr_type, negate, required) VALUES ('VIKI', 'WEB-DL', 'source', 'all', 0, 0);
INSERT OR REPLACE INTO condition_sources (custom_format_name, condition_name, source) VALUES ('VIKI', 'WEB-DL', 'web_dl');
INSERT OR REPLACE INTO custom_format_conditions (custom_format_name, name, type, arr_type, negate, required) VALUES ('VIKI', 'WEBRip', 'source', 'all', 0, 0);
INSERT OR REPLACE INTO condition_sources (custom_format_name, condition_name, source) VALUES ('VIKI', 'WEBRip', 'webrip');
INSERT OR IGNORE INTO custom_format_tests (custom_format_name, title, type, should_match, description) VALUES ('VIKI', 'Billions S06 2160p SHO WEB-DL DD+ 5.1 H.265-NTb', 'movie', 1, NULL);
INSERT OR REPLACE INTO custom_formats (name, description, include_in_rename) VALUES ('VIU', 'Matches ''VIU'' WEB-DLs. Negates any encodes.', 0);
INSERT OR IGNORE INTO custom_format_tags (custom_format_name, tag_name) VALUES ('VIU', 'Streaming Service');
INSERT OR IGNORE INTO custom_format_tags (custom_format_name, tag_name) VALUES ('VIU', 'WEB-DL');
INSERT OR REPLACE INTO custom_format_conditions (custom_format_name, name, type, arr_type, negate, required) VALUES ('VIU', 'VIU Regex', 'release_title', 'all', 0, 1);
INSERT OR REPLACE INTO condition_patterns (custom_format_name, condition_name, regular_expression_name) VALUES ('VIU', 'VIU Regex', 'Viu');
INSERT OR REPLACE INTO custom_format_conditions (custom_format_name, name, type, arr_type, negate, required) VALUES ('VIU', 'WEB-DL', 'source', 'all', 0, 0);
INSERT OR REPLACE INTO condition_sources (custom_format_name, condition_name, source) VALUES ('VIU', 'WEB-DL', 'web_dl');
INSERT OR REPLACE INTO custom_format_conditions (custom_format_name, name, type, arr_type, negate, required) VALUES ('VIU', 'WEBRip', 'source', 'all', 0, 0);
INSERT OR REPLACE INTO condition_sources (custom_format_name, condition_name, source) VALUES ('VIU', 'WEBRip', 'webrip');
INSERT OR IGNORE INTO custom_format_tests (custom_format_name, title, type, should_match, description) VALUES ('VIU', 'Billions S06 2160p SHO WEB-DL DD+ 5.1 H.265-NTb', 'movie', 1, NULL);
INSERT OR REPLACE INTO custom_formats (name, description, include_in_rename) VALUES ('VP9', 'Matches the ''VP9'' Regex Pattern', 0);
INSERT OR IGNORE INTO custom_format_tags (custom_format_name, tag_name) VALUES ('VP9', 'Codec');
INSERT OR IGNORE INTO custom_format_tags (custom_format_name, tag_name) VALUES ('VP9', 'Bleeding Edge');
INSERT OR REPLACE INTO custom_format_conditions (custom_format_name, name, type, arr_type, negate, required) VALUES ('VP9', 'VP9', 'release_title', 'all', 0, 1);
INSERT OR REPLACE INTO condition_patterns (custom_format_name, condition_name, regular_expression_name) VALUES ('VP9', 'VP9', 'VP9');
INSERT OR REPLACE INTO custom_formats (name, description, include_in_rename) VALUES ('VVC', 'Matches the ''VVC'' Regex Pattern', 0);
INSERT OR IGNORE INTO custom_format_tags (custom_format_name, tag_name) VALUES ('VVC', 'Codec');
INSERT OR IGNORE INTO custom_format_tags (custom_format_name, tag_name) VALUES ('VVC', 'Bleeding Edge');
INSERT OR REPLACE INTO custom_format_conditions (custom_format_name, name, type, arr_type, negate, required) VALUES ('VVC', 'VVC', 'release_title', 'all', 0, 1);
INSERT OR REPLACE INTO condition_patterns (custom_format_name, condition_name, regular_expression_name) VALUES ('VVC', 'VVC', 'VVC');
INSERT OR REPLACE INTO custom_formats (name, description, include_in_rename) VALUES ('WAVVE', 'Matches ''WAVVE'' WEB-DLs. Negates any encodes.', 0);
INSERT OR IGNORE INTO custom_format_tags (custom_format_name, tag_name) VALUES ('WAVVE', 'Streaming Service');
INSERT OR IGNORE INTO custom_format_tags (custom_format_name, tag_name) VALUES ('WAVVE', 'WEB-DL');
INSERT OR REPLACE INTO custom_format_conditions (custom_format_name, name, type, arr_type, negate, required) VALUES ('WAVVE', 'WAVVE Regex', 'release_title', 'all', 0, 1);
INSERT OR REPLACE INTO condition_patterns (custom_format_name, condition_name, regular_expression_name) VALUES ('WAVVE', 'WAVVE Regex', 'Wavve');
INSERT OR REPLACE INTO custom_format_conditions (custom_format_name, name, type, arr_type, negate, required) VALUES ('WAVVE', 'WEB-DL', 'source', 'all', 0, 0);
INSERT OR REPLACE INTO condition_sources (custom_format_name, condition_name, source) VALUES ('WAVVE', 'WEB-DL', 'web_dl');
INSERT OR REPLACE INTO custom_format_conditions (custom_format_name, name, type, arr_type, negate, required) VALUES ('WAVVE', 'WEBRip', 'source', 'all', 0, 0);
INSERT OR REPLACE INTO condition_sources (custom_format_name, condition_name, source) VALUES ('WAVVE', 'WEBRip', 'webrip');
INSERT OR IGNORE INTO custom_format_tests (custom_format_name, title, type, should_match, description) VALUES ('WAVVE', 'Billions S06 2160p SHO WEB-DL DD+ 5.1 H.265-NTb', 'movie', 1, NULL);
INSERT OR REPLACE INTO custom_formats (name, description, include_in_rename) VALUES ('Weasley WEB', NULL, 0);
INSERT OR REPLACE INTO custom_format_conditions (custom_format_name, name, type, arr_type, negate, required) VALUES ('Weasley WEB', '1080p', 'resolution', 'all', 0, 1);
INSERT OR REPLACE INTO condition_resolutions (custom_format_name, condition_name, resolution) VALUES ('Weasley WEB', '1080p', '1080p');
INSERT OR REPLACE INTO custom_format_conditions (custom_format_name, name, type, arr_type, negate, required) VALUES ('Weasley WEB', 'Weasley', 'release_title', 'all', 0, 1);
INSERT OR REPLACE INTO condition_patterns (custom_format_name, condition_name, regular_expression_name) VALUES ('Weasley WEB', 'Weasley', 'Weasley');
INSERT OR REPLACE INTO custom_format_conditions (custom_format_name, name, type, arr_type, negate, required) VALUES ('Weasley WEB', 'WEB-DL', 'source', 'all', 0, 0);
INSERT OR REPLACE INTO condition_sources (custom_format_name, condition_name, source) VALUES ('Weasley WEB', 'WEB-DL', 'web_dl');
INSERT OR REPLACE INTO custom_format_conditions (custom_format_name, name, type, arr_type, negate, required) VALUES ('Weasley WEB', 'WEBRip', 'source', 'all', 0, 0);
INSERT OR REPLACE INTO condition_sources (custom_format_name, condition_name, source) VALUES ('Weasley WEB', 'WEBRip', 'webrip');
INSERT OR REPLACE INTO custom_formats (name, description, include_in_rename) VALUES ('WEB-DL Tier 1', 'Matches release groups who fall under WEB-DL Tier 1', 0);
INSERT OR IGNORE INTO custom_format_tags (custom_format_name, tag_name) VALUES ('WEB-DL Tier 1', 'Release Group Tier');
INSERT OR IGNORE INTO custom_format_tags (custom_format_name, tag_name) VALUES ('WEB-DL Tier 1', 'WEB-DL');
INSERT OR REPLACE INTO custom_format_conditions (custom_format_name, name, type, arr_type, negate, required) VALUES ('WEB-DL Tier 1', 'WEB-DL', 'source', 'all', 0, 1);
INSERT OR REPLACE INTO condition_sources (custom_format_name, condition_name, source) VALUES ('WEB-DL Tier 1', 'WEB-DL', 'web_dl');
INSERT OR REPLACE INTO custom_format_conditions (custom_format_name, name, type, arr_type, negate, required) VALUES ('WEB-DL Tier 1', 'FLUX', 'release_group', 'all', 0, 0);
INSERT OR REPLACE INTO condition_patterns (custom_format_name, condition_name, regular_expression_name) VALUES ('WEB-DL Tier 1', 'FLUX', 'FLUX');
INSERT OR REPLACE INTO custom_format_conditions (custom_format_name, name, type, arr_type, negate, required) VALUES ('WEB-DL Tier 1', 'NTb', 'release_group', 'all', 0, 0);
INSERT OR REPLACE INTO condition_patterns (custom_format_name, condition_name, regular_expression_name) VALUES ('WEB-DL Tier 1', 'NTb', 'NTb');
INSERT OR REPLACE INTO custom_format_conditions (custom_format_name, name, type, arr_type, negate, required) VALUES ('WEB-DL Tier 1', 'TheFarm', 'release_group', 'all', 0, 0);
INSERT OR REPLACE INTO condition_patterns (custom_format_name, condition_name, regular_expression_name) VALUES ('WEB-DL Tier 1', 'TheFarm', 'TheFarm');
INSERT OR REPLACE INTO custom_formats (name, description, include_in_rename) VALUES ('WEB-DL Tier 2', 'Matches release groups who fall under WEB-DL Tier 2', 0);
INSERT OR IGNORE INTO custom_format_tags (custom_format_name, tag_name) VALUES ('WEB-DL Tier 2', 'Release Group Tier');
INSERT OR IGNORE INTO custom_format_tags (custom_format_name, tag_name) VALUES ('WEB-DL Tier 2', 'WEB-DL');
INSERT OR REPLACE INTO custom_format_conditions (custom_format_name, name, type, arr_type, negate, required) VALUES ('WEB-DL Tier 2', 'WEB-DL', 'source', 'all', 0, 1);
INSERT OR REPLACE INTO condition_sources (custom_format_name, condition_name, source) VALUES ('WEB-DL Tier 2', 'WEB-DL', 'web_dl');
INSERT OR REPLACE INTO custom_format_conditions (custom_format_name, name, type, arr_type, negate, required) VALUES ('WEB-DL Tier 2', 'BYNDR', 'release_group', 'all', 0, 0);
INSERT OR REPLACE INTO condition_patterns (custom_format_name, condition_name, regular_expression_name) VALUES ('WEB-DL Tier 2', 'BYNDR', 'BYNDR');
INSERT OR REPLACE INTO custom_format_conditions (custom_format_name, name, type, arr_type, negate, required) VALUES ('WEB-DL Tier 2', 'CMRG', 'release_group', 'all', 0, 0);
INSERT OR REPLACE INTO condition_patterns (custom_format_name, condition_name, regular_expression_name) VALUES ('WEB-DL Tier 2', 'CMRG', 'CMRG');
INSERT OR REPLACE INTO custom_format_conditions (custom_format_name, name, type, arr_type, negate, required) VALUES ('WEB-DL Tier 2', 'HONE', 'release_group', 'all', 0, 0);
INSERT OR REPLACE INTO condition_patterns (custom_format_name, condition_name, regular_expression_name) VALUES ('WEB-DL Tier 2', 'HONE', 'HONE');
INSERT OR REPLACE INTO custom_format_conditions (custom_format_name, name, type, arr_type, negate, required) VALUES ('WEB-DL Tier 2', 'Kitsune', 'release_group', 'all', 0, 0);
INSERT OR REPLACE INTO condition_patterns (custom_format_name, condition_name, regular_expression_name) VALUES ('WEB-DL Tier 2', 'Kitsune', 'Kitsune');
INSERT OR REPLACE INTO custom_format_conditions (custom_format_name, name, type, arr_type, negate, required) VALUES ('WEB-DL Tier 2', 'playWEB', 'release_group', 'all', 0, 0);
INSERT OR REPLACE INTO condition_patterns (custom_format_name, condition_name, regular_expression_name) VALUES ('WEB-DL Tier 2', 'playWEB', 'playWEB');
INSERT OR REPLACE INTO custom_format_conditions (custom_format_name, name, type, arr_type, negate, required) VALUES ('WEB-DL Tier 2', 'TEPES', 'release_group', 'all', 0, 0);
INSERT OR REPLACE INTO condition_patterns (custom_format_name, condition_name, regular_expression_name) VALUES ('WEB-DL Tier 2', 'TEPES', 'TEPES');
INSERT OR REPLACE INTO custom_formats (name, description, include_in_rename) VALUES ('WEB-DL Tier 3', 'Matches release groups who fall under WEB-DL Tier 3', 0);
INSERT OR IGNORE INTO custom_format_tags (custom_format_name, tag_name) VALUES ('WEB-DL Tier 3', 'Release Group Tier');
INSERT OR IGNORE INTO custom_format_tags (custom_format_name, tag_name) VALUES ('WEB-DL Tier 3', 'WEB-DL');
INSERT OR REPLACE INTO custom_format_conditions (custom_format_name, name, type, arr_type, negate, required) VALUES ('WEB-DL Tier 3', 'WEB-DL', 'source', 'all', 0, 1);
INSERT OR REPLACE INTO condition_sources (custom_format_name, condition_name, source) VALUES ('WEB-DL Tier 3', 'WEB-DL', 'web_dl');
INSERT OR REPLACE INTO custom_format_conditions (custom_format_name, name, type, arr_type, negate, required) VALUES ('WEB-DL Tier 3', 'ABM', 'release_group', 'all', 0, 0);
INSERT OR REPLACE INTO condition_patterns (custom_format_name, condition_name, regular_expression_name) VALUES ('WEB-DL Tier 3', 'ABM', 'ABM');
INSERT OR REPLACE INTO custom_format_conditions (custom_format_name, name, type, arr_type, negate, required) VALUES ('WEB-DL Tier 3', 'AJP69', 'release_group', 'all', 0, 0);
INSERT OR REPLACE INTO condition_patterns (custom_format_name, condition_name, regular_expression_name) VALUES ('WEB-DL Tier 3', 'AJP69', 'AJP69');
INSERT OR REPLACE INTO custom_format_conditions (custom_format_name, name, type, arr_type, negate, required) VALUES ('WEB-DL Tier 3', 'BLUTONiUM', 'release_group', 'all', 0, 0);
INSERT OR REPLACE INTO condition_patterns (custom_format_name, condition_name, regular_expression_name) VALUES ('WEB-DL Tier 3', 'BLUTONiUM', 'BLUTONiUM');
INSERT OR REPLACE INTO custom_format_conditions (custom_format_name, name, type, arr_type, negate, required) VALUES ('WEB-DL Tier 3', 'BTW', 'release_group', 'all', 0, 0);
INSERT OR REPLACE INTO condition_patterns (custom_format_name, condition_name, regular_expression_name) VALUES ('WEB-DL Tier 3', 'BTW', 'BTW');
INSERT OR REPLACE INTO custom_format_conditions (custom_format_name, name, type, arr_type, negate, required) VALUES ('WEB-DL Tier 3', 'CasStudio', 'release_group', 'all', 0, 0);
INSERT OR REPLACE INTO condition_patterns (custom_format_name, condition_name, regular_expression_name) VALUES ('WEB-DL Tier 3', 'CasStudio', 'CasStudio');
INSERT OR REPLACE INTO custom_format_conditions (custom_format_name, name, type, arr_type, negate, required) VALUES ('WEB-DL Tier 3', 'Cinefeel', 'release_group', 'all', 0, 0);
INSERT OR REPLACE INTO condition_patterns (custom_format_name, condition_name, regular_expression_name) VALUES ('WEB-DL Tier 3', 'Cinefeel', 'Cinefeel');
INSERT OR REPLACE INTO custom_format_conditions (custom_format_name, name, type, arr_type, negate, required) VALUES ('WEB-DL Tier 3', 'CRFW', 'release_group', 'all', 0, 0);
INSERT OR REPLACE INTO condition_patterns (custom_format_name, condition_name, regular_expression_name) VALUES ('WEB-DL Tier 3', 'CRFW', 'CRFW');
INSERT OR REPLACE INTO custom_format_conditions (custom_format_name, name, type, arr_type, negate, required) VALUES ('WEB-DL Tier 3', 'CtrlHD', 'release_group', 'all', 0, 0);
INSERT OR REPLACE INTO condition_patterns (custom_format_name, condition_name, regular_expression_name) VALUES ('WEB-DL Tier 3', 'CtrlHD', 'CtrlHD');
INSERT OR REPLACE INTO custom_format_conditions (custom_format_name, name, type, arr_type, negate, required) VALUES ('WEB-DL Tier 3', 'HHWEB', 'release_group', 'all', 0, 0);
INSERT OR REPLACE INTO condition_patterns (custom_format_name, condition_name, regular_expression_name) VALUES ('WEB-DL Tier 3', 'HHWEB', 'HHWEB');
INSERT OR REPLACE INTO custom_format_conditions (custom_format_name, name, type, arr_type, negate, required) VALUES ('WEB-DL Tier 3', 'KHN', 'release_group', 'all', 0, 0);
INSERT OR REPLACE INTO condition_patterns (custom_format_name, condition_name, regular_expression_name) VALUES ('WEB-DL Tier 3', 'KHN', 'KHN');
INSERT OR REPLACE INTO custom_format_conditions (custom_format_name, name, type, arr_type, negate, required) VALUES ('WEB-DL Tier 3', 'KiNGS', 'release_group', 'all', 0, 0);
INSERT OR REPLACE INTO condition_patterns (custom_format_name, condition_name, regular_expression_name) VALUES ('WEB-DL Tier 3', 'KiNGS', 'KiNGS');
INSERT OR REPLACE INTO custom_format_conditions (custom_format_name, name, type, arr_type, negate, required) VALUES ('WEB-DL Tier 3', 'LAZY', 'release_group', 'all', 0, 0);
INSERT OR REPLACE INTO condition_patterns (custom_format_name, condition_name, regular_expression_name) VALUES ('WEB-DL Tier 3', 'LAZY', 'LAZY');
INSERT OR REPLACE INTO custom_format_conditions (custom_format_name, name, type, arr_type, negate, required) VALUES ('WEB-DL Tier 3', 'monkee', 'release_group', 'all', 0, 0);
INSERT OR REPLACE INTO condition_patterns (custom_format_name, condition_name, regular_expression_name) VALUES ('WEB-DL Tier 3', 'monkee', 'monkee');
INSERT OR REPLACE INTO custom_format_conditions (custom_format_name, name, type, arr_type, negate, required) VALUES ('WEB-DL Tier 3', 'MZABI', 'release_group', 'all', 0, 0);
INSERT OR REPLACE INTO condition_patterns (custom_format_name, condition_name, regular_expression_name) VALUES ('WEB-DL Tier 3', 'MZABI', 'MZABI');
INSERT OR REPLACE INTO custom_format_conditions (custom_format_name, name, type, arr_type, negate, required) VALUES ('WEB-DL Tier 3', 'NOSiViD', 'release_group', 'all', 0, 0);
INSERT OR REPLACE INTO condition_patterns (custom_format_name, condition_name, regular_expression_name) VALUES ('WEB-DL Tier 3', 'NOSiViD', 'NOSiViD');
INSERT OR REPLACE INTO custom_format_conditions (custom_format_name, name, type, arr_type, negate, required) VALUES ('WEB-DL Tier 3', 'NPMS', 'release_group', 'all', 0, 0);
INSERT OR REPLACE INTO condition_patterns (custom_format_name, condition_name, regular_expression_name) VALUES ('WEB-DL Tier 3', 'NPMS', 'NPMS');
INSERT OR REPLACE INTO custom_format_conditions (custom_format_name, name, type, arr_type, negate, required) VALUES ('WEB-DL Tier 3', 'NTG', 'release_group', 'all', 0, 0);
INSERT OR REPLACE INTO condition_patterns (custom_format_name, condition_name, regular_expression_name) VALUES ('WEB-DL Tier 3', 'NTG', 'NTG');
INSERT OR REPLACE INTO custom_format_conditions (custom_format_name, name, type, arr_type, negate, required) VALUES ('WEB-DL Tier 3', 'QOQ', 'release_group', 'all', 0, 0);
INSERT OR REPLACE INTO condition_patterns (custom_format_name, condition_name, regular_expression_name) VALUES ('WEB-DL Tier 3', 'QOQ', 'QOQ');
INSERT OR REPLACE INTO custom_format_conditions (custom_format_name, name, type, arr_type, negate, required) VALUES ('WEB-DL Tier 3', 'RAWR', 'release_group', 'all', 0, 0);
INSERT OR REPLACE INTO condition_patterns (custom_format_name, condition_name, regular_expression_name) VALUES ('WEB-DL Tier 3', 'RAWR', 'RAWR');
INSERT OR REPLACE INTO custom_format_conditions (custom_format_name, name, type, arr_type, negate, required) VALUES ('WEB-DL Tier 3', 'SA89', 'release_group', 'all', 0, 0);
INSERT OR REPLACE INTO condition_patterns (custom_format_name, condition_name, regular_expression_name) VALUES ('WEB-DL Tier 3', 'SA89', 'SA89');
INSERT OR REPLACE INTO custom_format_conditions (custom_format_name, name, type, arr_type, negate, required) VALUES ('WEB-DL Tier 3', 'SbR', 'release_group', 'all', 0, 0);
INSERT OR REPLACE INTO condition_patterns (custom_format_name, condition_name, regular_expression_name) VALUES ('WEB-DL Tier 3', 'SbR', 'SbR');
INSERT OR REPLACE INTO custom_format_conditions (custom_format_name, name, type, arr_type, negate, required) VALUES ('WEB-DL Tier 3', 'SMURF', 'release_group', 'all', 0, 0);
INSERT OR REPLACE INTO condition_patterns (custom_format_name, condition_name, regular_expression_name) VALUES ('WEB-DL Tier 3', 'SMURF', 'SMURF');
INSERT OR REPLACE INTO custom_format_conditions (custom_format_name, name, type, arr_type, negate, required) VALUES ('WEB-DL Tier 3', 'TeamSyndicate', 'release_group', 'all', 0, 0);
INSERT OR REPLACE INTO condition_patterns (custom_format_name, condition_name, regular_expression_name) VALUES ('WEB-DL Tier 3', 'TeamSyndicate', 'TeamSyndicate');
INSERT OR REPLACE INTO custom_format_conditions (custom_format_name, name, type, arr_type, negate, required) VALUES ('WEB-DL Tier 3', 'TOMMY', 'release_group', 'all', 0, 0);
INSERT OR REPLACE INTO condition_patterns (custom_format_name, condition_name, regular_expression_name) VALUES ('WEB-DL Tier 3', 'TOMMY', 'TOMMY');
INSERT OR REPLACE INTO custom_format_conditions (custom_format_name, name, type, arr_type, negate, required) VALUES ('WEB-DL Tier 3', 'TVSmash', 'release_group', 'all', 0, 0);
INSERT OR REPLACE INTO condition_patterns (custom_format_name, condition_name, regular_expression_name) VALUES ('WEB-DL Tier 3', 'TVSmash', 'TVSmash');
INSERT OR REPLACE INTO custom_format_conditions (custom_format_name, name, type, arr_type, negate, required) VALUES ('WEB-DL Tier 3', 'WELP', 'release_group', 'all', 0, 0);
INSERT OR REPLACE INTO condition_patterns (custom_format_name, condition_name, regular_expression_name) VALUES ('WEB-DL Tier 3', 'WELP', 'WELP');
INSERT OR REPLACE INTO custom_format_conditions (custom_format_name, name, type, arr_type, negate, required) VALUES ('WEB-DL Tier 3', 'XEBEC', 'release_group', 'all', 0, 0);
INSERT OR REPLACE INTO condition_patterns (custom_format_name, condition_name, regular_expression_name) VALUES ('WEB-DL Tier 3', 'XEBEC', 'XEBEC');
INSERT OR REPLACE INTO custom_format_conditions (custom_format_name, name, type, arr_type, negate, required) VALUES ('WEB-DL Tier 3', 'ZoroSenpai', 'release_group', 'all', 0, 0);
INSERT OR REPLACE INTO condition_patterns (custom_format_name, condition_name, regular_expression_name) VALUES ('WEB-DL Tier 3', 'ZoroSenpai', 'ZoroSenpai');
INSERT OR REPLACE INTO custom_formats (name, description, include_in_rename) VALUES ('WEB-DL Tier 4', 'Matches release groups who fall under WEB-DL Tier 4', 0);
INSERT OR IGNORE INTO custom_format_tags (custom_format_name, tag_name) VALUES ('WEB-DL Tier 4', 'Release Group Tier');
INSERT OR IGNORE INTO custom_format_tags (custom_format_name, tag_name) VALUES ('WEB-DL Tier 4', 'WEB-DL');
INSERT OR REPLACE INTO custom_format_conditions (custom_format_name, name, type, arr_type, negate, required) VALUES ('WEB-DL Tier 4', 'WEB-DL', 'source', 'all', 0, 1);
INSERT OR REPLACE INTO condition_sources (custom_format_name, condition_name, source) VALUES ('WEB-DL Tier 4', 'WEB-DL', 'web_dl');
INSERT OR REPLACE INTO custom_format_conditions (custom_format_name, name, type, arr_type, negate, required) VALUES ('WEB-DL Tier 4', 'APEX', 'release_group', 'all', 0, 0);
INSERT OR REPLACE INTO condition_patterns (custom_format_name, condition_name, regular_expression_name) VALUES ('WEB-DL Tier 4', 'APEX', 'APEX');
INSERT OR REPLACE INTO custom_format_conditions (custom_format_name, name, type, arr_type, negate, required) VALUES ('WEB-DL Tier 4', 'BLOOM', 'release_group', 'all', 0, 0);
INSERT OR REPLACE INTO condition_patterns (custom_format_name, condition_name, regular_expression_name) VALUES ('WEB-DL Tier 4', 'BLOOM', 'BLOOM');
INSERT OR REPLACE INTO custom_format_conditions (custom_format_name, name, type, arr_type, negate, required) VALUES ('WEB-DL Tier 4', 'BTN', 'release_group', 'all', 0, 0);
INSERT OR REPLACE INTO condition_patterns (custom_format_name, condition_name, regular_expression_name) VALUES ('WEB-DL Tier 4', 'BTN', 'BTN');
INSERT OR REPLACE INTO custom_format_conditions (custom_format_name, name, type, arr_type, negate, required) VALUES ('WEB-DL Tier 4', 'dB', 'release_group', 'all', 0, 0);
INSERT OR REPLACE INTO condition_patterns (custom_format_name, condition_name, regular_expression_name) VALUES ('WEB-DL Tier 4', 'dB', 'dB');
INSERT OR REPLACE INTO custom_format_conditions (custom_format_name, name, type, arr_type, negate, required) VALUES ('WEB-DL Tier 4', 'PTP', 'release_group', 'all', 0, 0);
INSERT OR REPLACE INTO condition_patterns (custom_format_name, condition_name, regular_expression_name) VALUES ('WEB-DL Tier 4', 'PTP', 'PTP');
INSERT OR REPLACE INTO custom_format_conditions (custom_format_name, name, type, arr_type, negate, required) VALUES ('WEB-DL Tier 4', 'RTN', 'release_group', 'all', 0, 0);
INSERT OR REPLACE INTO condition_patterns (custom_format_name, condition_name, regular_expression_name) VALUES ('WEB-DL Tier 4', 'RTN', 'RTN');
INSERT OR REPLACE INTO custom_format_conditions (custom_format_name, name, type, arr_type, negate, required) VALUES ('WEB-DL Tier 4', 'SiC', 'release_group', 'all', 0, 0);
INSERT OR REPLACE INTO condition_patterns (custom_format_name, condition_name, regular_expression_name) VALUES ('WEB-DL Tier 4', 'SiC', 'SiC');
INSERT OR REPLACE INTO custom_format_conditions (custom_format_name, name, type, arr_type, negate, required) VALUES ('WEB-DL Tier 4', 'SPiRiT', 'release_group', 'all', 0, 0);
INSERT OR REPLACE INTO condition_patterns (custom_format_name, condition_name, regular_expression_name) VALUES ('WEB-DL Tier 4', 'SPiRiT', 'SPiRiT');
INSERT OR REPLACE INTO custom_format_conditions (custom_format_name, name, type, arr_type, negate, required) VALUES ('WEB-DL Tier 4', 'ViSUM', 'release_group', 'all', 0, 0);
INSERT OR REPLACE INTO condition_patterns (custom_format_name, condition_name, regular_expression_name) VALUES ('WEB-DL Tier 4', 'ViSUM', 'ViSUM');
INSERT OR REPLACE INTO custom_formats (name, description, include_in_rename) VALUES ('WEB-DL Tier 5', 'Matches release groups who fall under WEB-DL Tier 5', 0);
INSERT OR IGNORE INTO custom_format_tags (custom_format_name, tag_name) VALUES ('WEB-DL Tier 5', 'Release Group Tier');
INSERT OR IGNORE INTO custom_format_tags (custom_format_name, tag_name) VALUES ('WEB-DL Tier 5', 'WEB-DL');
INSERT OR REPLACE INTO custom_format_conditions (custom_format_name, name, type, arr_type, negate, required) VALUES ('WEB-DL Tier 5', 'WEB-DL', 'source', 'all', 0, 1);
INSERT OR REPLACE INTO condition_sources (custom_format_name, condition_name, source) VALUES ('WEB-DL Tier 5', 'WEB-DL', 'web_dl');
INSERT OR REPLACE INTO custom_format_conditions (custom_format_name, name, type, arr_type, negate, required) VALUES ('WEB-DL Tier 5', 'CRUD', 'release_group', 'all', 0, 0);
INSERT OR REPLACE INTO condition_patterns (custom_format_name, condition_name, regular_expression_name) VALUES ('WEB-DL Tier 5', 'CRUD', 'CRUD');
INSERT OR REPLACE INTO custom_format_conditions (custom_format_name, name, type, arr_type, negate, required) VALUES ('WEB-DL Tier 5', 'GNOME', 'release_group', 'all', 0, 0);
INSERT OR REPLACE INTO condition_patterns (custom_format_name, condition_name, regular_expression_name) VALUES ('WEB-DL Tier 5', 'GNOME', 'GNOME');
INSERT OR REPLACE INTO custom_format_conditions (custom_format_name, name, type, arr_type, negate, required) VALUES ('WEB-DL Tier 5', 'NINJACENTRAL', 'release_group', 'all', 0, 0);
INSERT OR REPLACE INTO condition_patterns (custom_format_name, condition_name, regular_expression_name) VALUES ('WEB-DL Tier 5', 'NINJACENTRAL', 'NINJACENTRAL');
INSERT OR REPLACE INTO custom_format_conditions (custom_format_name, name, type, arr_type, negate, required) VALUES ('WEB-DL Tier 5', 'PHOENiX', 'release_group', 'all', 0, 0);
INSERT OR REPLACE INTO condition_patterns (custom_format_name, condition_name, regular_expression_name) VALUES ('WEB-DL Tier 5', 'PHOENiX', 'PHOENiX');
INSERT OR REPLACE INTO custom_format_conditions (custom_format_name, name, type, arr_type, negate, required) VALUES ('WEB-DL Tier 5', 'ROCCaT', 'release_group', 'all', 0, 0);
INSERT OR REPLACE INTO condition_patterns (custom_format_name, condition_name, regular_expression_name) VALUES ('WEB-DL Tier 5', 'ROCCaT', 'ROCCaT');
INSERT OR REPLACE INTO custom_format_conditions (custom_format_name, name, type, arr_type, negate, required) VALUES ('WEB-DL Tier 5', 'SiGMA', 'release_group', 'all', 0, 0);
INSERT OR REPLACE INTO condition_patterns (custom_format_name, condition_name, regular_expression_name) VALUES ('WEB-DL Tier 5', 'SiGMA', 'SiGMA');
INSERT OR REPLACE INTO custom_format_conditions (custom_format_name, name, type, arr_type, negate, required) VALUES ('WEB-DL Tier 5', 'SwAgLaNdEr', 'release_group', 'all', 0, 0);
INSERT OR REPLACE INTO condition_patterns (custom_format_name, condition_name, regular_expression_name) VALUES ('WEB-DL Tier 5', 'SwAgLaNdEr', 'SwAgLaNdEr');
INSERT OR REPLACE INTO custom_formats (name, description, include_in_rename) VALUES ('WeTV', 'Matches ''WeTV'' WEB-DLs. Negates any encodes.', 0);
INSERT OR IGNORE INTO custom_format_tags (custom_format_name, tag_name) VALUES ('WeTV', 'Streaming Service');
INSERT OR IGNORE INTO custom_format_tags (custom_format_name, tag_name) VALUES ('WeTV', 'WEB-DL');
INSERT OR REPLACE INTO custom_format_conditions (custom_format_name, name, type, arr_type, negate, required) VALUES ('WeTV', 'WeTV Regex', 'release_title', 'all', 0, 1);
INSERT OR REPLACE INTO condition_patterns (custom_format_name, condition_name, regular_expression_name) VALUES ('WeTV', 'WeTV Regex', 'WeTV');
INSERT OR REPLACE INTO custom_format_conditions (custom_format_name, name, type, arr_type, negate, required) VALUES ('WeTV', 'WEB-DL', 'source', 'all', 0, 0);
INSERT OR REPLACE INTO condition_sources (custom_format_name, condition_name, source) VALUES ('WeTV', 'WEB-DL', 'web_dl');
INSERT OR REPLACE INTO custom_format_conditions (custom_format_name, name, type, arr_type, negate, required) VALUES ('WeTV', 'WEBRip', 'source', 'all', 0, 0);
INSERT OR REPLACE INTO condition_sources (custom_format_name, condition_name, source) VALUES ('WeTV', 'WEBRip', 'webrip');
INSERT OR IGNORE INTO custom_format_tests (custom_format_name, title, type, should_match, description) VALUES ('WeTV', 'Billions S06 2160p SHO WEB-DL DD+ 5.1 H.265-NTb', 'movie', 1, NULL);
INSERT OR REPLACE INTO custom_formats (name, description, include_in_rename) VALUES ('x264 (2160p)', 'Matches ''x264'' regex pattern only when 2160p is also found. ', 0);
INSERT OR IGNORE INTO custom_format_tags (custom_format_name, tag_name) VALUES ('x264 (2160p)', 'Codec');
INSERT OR REPLACE INTO custom_format_conditions (custom_format_name, name, type, arr_type, negate, required) VALUES ('x264 (2160p)', '2160p', 'resolution', 'all', 0, 1);
INSERT OR REPLACE INTO condition_resolutions (custom_format_name, condition_name, resolution) VALUES ('x264 (2160p)', '2160p', '2160p');
INSERT OR REPLACE INTO custom_format_conditions (custom_format_name, name, type, arr_type, negate, required) VALUES ('x264 (2160p)', 'x264', 'release_title', 'all', 0, 1);
INSERT OR REPLACE INTO condition_patterns (custom_format_name, condition_name, regular_expression_name) VALUES ('x264 (2160p)', 'x264', 'x264');
INSERT OR REPLACE INTO custom_formats (name, description, include_in_rename) VALUES ('x265 (Bluray)', 'Matches ''x265'' regex pattern.', 0);
INSERT OR IGNORE INTO custom_format_tags (custom_format_name, tag_name) VALUES ('x265 (Bluray)', 'Codec');
INSERT OR REPLACE INTO custom_format_conditions (custom_format_name, name, type, arr_type, negate, required) VALUES ('x265 (Bluray)', 'x265', 'release_title', 'all', 0, 1);
INSERT OR REPLACE INTO condition_patterns (custom_format_name, condition_name, regular_expression_name) VALUES ('x265 (Bluray)', 'x265', 'x265');
INSERT OR REPLACE INTO custom_format_conditions (custom_format_name, name, type, arr_type, negate, required) VALUES ('x265 (Bluray)', 'Bluray', 'source', 'all', 0, 1);
INSERT OR REPLACE INTO condition_sources (custom_format_name, condition_name, source) VALUES ('x265 (Bluray)', 'Bluray', 'bluray');
INSERT OR REPLACE INTO custom_format_conditions (custom_format_name, name, type, arr_type, negate, required) VALUES ('x265 (Bluray)', 'Not 2160p', 'resolution', 'all', 1, 1);
INSERT OR REPLACE INTO condition_resolutions (custom_format_name, condition_name, resolution) VALUES ('x265 (Bluray)', 'Not 2160p', '2160p');
INSERT OR REPLACE INTO custom_formats (name, description, include_in_rename) VALUES ('x265 (Efficient)', 'Matches ''x265'' regex pattern.', 0);
INSERT OR IGNORE INTO custom_format_tags (custom_format_name, tag_name) VALUES ('x265 (Efficient)', 'Codec');
INSERT OR REPLACE INTO custom_format_conditions (custom_format_name, name, type, arr_type, negate, required) VALUES ('x265 (Efficient)', 'x265', 'release_title', 'all', 0, 1);
INSERT OR REPLACE INTO condition_patterns (custom_format_name, condition_name, regular_expression_name) VALUES ('x265 (Efficient)', 'x265', 'x265');
INSERT OR REPLACE INTO custom_format_conditions (custom_format_name, name, type, arr_type, negate, required) VALUES ('x265 (Efficient)', 'Not 2160p', 'resolution', 'all', 1, 1);
INSERT OR REPLACE INTO condition_resolutions (custom_format_name, condition_name, resolution) VALUES ('x265 (Efficient)', 'Not 2160p', '2160p');
INSERT OR REPLACE INTO custom_format_conditions (custom_format_name, name, type, arr_type, negate, required) VALUES ('x265 (Efficient)', 'Not 1080p', 'resolution', 'all', 1, 1);
INSERT OR REPLACE INTO condition_resolutions (custom_format_name, condition_name, resolution) VALUES ('x265 (Efficient)', 'Not 1080p', '1080p');
INSERT OR REPLACE INTO custom_formats (name, description, include_in_rename) VALUES ('x265 (Missing)', 'Attempts to match 2160p x265 encodes that aren''t labelled with any codec. ', 0);
INSERT OR IGNORE INTO custom_format_tags (custom_format_name, tag_name) VALUES ('x265 (Missing)', 'Codec');
INSERT OR REPLACE INTO custom_format_conditions (custom_format_name, name, type, arr_type, negate, required) VALUES ('x265 (Missing)', '2160p', 'resolution', 'all', 0, 1);
INSERT OR REPLACE INTO condition_resolutions (custom_format_name, condition_name, resolution) VALUES ('x265 (Missing)', '2160p', '2160p');
INSERT OR REPLACE INTO custom_format_conditions (custom_format_name, name, type, arr_type, negate, required) VALUES ('x265 (Missing)', 'Bluray', 'source', 'all', 0, 1);
INSERT OR REPLACE INTO condition_sources (custom_format_name, condition_name, source) VALUES ('x265 (Missing)', 'Bluray', 'bluray');
INSERT OR REPLACE INTO custom_format_conditions (custom_format_name, name, type, arr_type, negate, required) VALUES ('x265 (Missing)', 'Not Remux', 'release_title', 'all', 1, 1);
INSERT OR REPLACE INTO condition_patterns (custom_format_name, condition_name, regular_expression_name) VALUES ('x265 (Missing)', 'Not Remux', 'Remux');
INSERT OR REPLACE INTO custom_format_conditions (custom_format_name, name, type, arr_type, negate, required) VALUES ('x265 (Missing)', 'Not x264', 'release_title', 'all', 1, 1);
INSERT OR REPLACE INTO condition_patterns (custom_format_name, condition_name, regular_expression_name) VALUES ('x265 (Missing)', 'Not x264', 'x264');
INSERT OR REPLACE INTO custom_format_conditions (custom_format_name, name, type, arr_type, negate, required) VALUES ('x265 (Missing)', 'Not x265', 'release_title', 'all', 1, 1);
INSERT OR REPLACE INTO condition_patterns (custom_format_name, condition_name, regular_expression_name) VALUES ('x265 (Missing)', 'Not x265', 'x265');
INSERT OR IGNORE INTO custom_format_tests (custom_format_name, title, type, should_match, description) VALUES ('x265 (Missing)', 'Training Day 2001 BluRay 10Bit 1080p DD5 1 H265-d3g', 'movie', 1, NULL);
INSERT OR REPLACE INTO custom_formats (name, description, include_in_rename) VALUES ('x265 (Remux)', 'Matches ''x265'' regex pattern.', 0);
INSERT OR IGNORE INTO custom_format_tags (custom_format_name, tag_name) VALUES ('x265 (Remux)', 'Codec');
INSERT OR REPLACE INTO custom_format_conditions (custom_format_name, name, type, arr_type, negate, required) VALUES ('x265 (Remux)', 'x265', 'release_title', 'all', 0, 1);
INSERT OR REPLACE INTO condition_patterns (custom_format_name, condition_name, regular_expression_name) VALUES ('x265 (Remux)', 'x265', 'HEVC');
INSERT OR REPLACE INTO custom_format_conditions (custom_format_name, name, type, arr_type, negate, required) VALUES ('x265 (Remux)', 'Remux', 'release_title', 'all', 0, 1);
INSERT OR REPLACE INTO condition_patterns (custom_format_name, condition_name, regular_expression_name) VALUES ('x265 (Remux)', 'Remux', 'Remux');
INSERT OR REPLACE INTO custom_format_conditions (custom_format_name, name, type, arr_type, negate, required) VALUES ('x265 (Remux)', 'Not 2160p', 'resolution', 'all', 1, 1);
INSERT OR REPLACE INTO condition_resolutions (custom_format_name, condition_name, resolution) VALUES ('x265 (Remux)', 'Not 2160p', '2160p');
INSERT OR REPLACE INTO custom_formats (name, description, include_in_rename) VALUES ('x265 (WEB)', 'Matches ''x265'' regex pattern.', 0);
INSERT OR IGNORE INTO custom_format_tags (custom_format_name, tag_name) VALUES ('x265 (WEB)', 'Codec');
INSERT OR REPLACE INTO custom_format_conditions (custom_format_name, name, type, arr_type, negate, required) VALUES ('x265 (WEB)', 'x265', 'release_title', 'all', 0, 1);
INSERT OR REPLACE INTO condition_patterns (custom_format_name, condition_name, regular_expression_name) VALUES ('x265 (WEB)', 'x265', 'x265');
INSERT OR REPLACE INTO custom_format_conditions (custom_format_name, name, type, arr_type, negate, required) VALUES ('x265 (WEB)', 'Not 2160p', 'resolution', 'all', 1, 1);
INSERT OR REPLACE INTO condition_resolutions (custom_format_name, condition_name, resolution) VALUES ('x265 (WEB)', 'Not 2160p', '2160p');
INSERT OR REPLACE INTO custom_format_conditions (custom_format_name, name, type, arr_type, negate, required) VALUES ('x265 (WEB)', 'Bluray', 'source', 'all', 1, 1);
INSERT OR REPLACE INTO condition_sources (custom_format_name, condition_name, source) VALUES ('x265 (WEB)', 'Bluray', 'bluray');
INSERT OR REPLACE INTO custom_formats (name, description, include_in_rename) VALUES ('x265', 'Matches ''x265'' regex pattern.', 0);
INSERT OR IGNORE INTO custom_format_tags (custom_format_name, tag_name) VALUES ('x265', 'Codec');
INSERT OR REPLACE INTO custom_format_conditions (custom_format_name, name, type, arr_type, negate, required) VALUES ('x265', 'x265', 'release_title', 'all', 0, 1);
INSERT OR REPLACE INTO condition_patterns (custom_format_name, condition_name, regular_expression_name) VALUES ('x265', 'x265', 'x265');
INSERT OR REPLACE INTO custom_format_conditions (custom_format_name, name, type, arr_type, negate, required) VALUES ('x265', 'Not 2160p', 'resolution', 'all', 1, 1);
INSERT OR REPLACE INTO condition_resolutions (custom_format_name, condition_name, resolution) VALUES ('x265', 'Not 2160p', '2160p');
INSERT OR REPLACE INTO custom_formats (name, description, include_in_rename) VALUES ('Xvid', 'Matches Xvid Regex', 0);
INSERT OR IGNORE INTO custom_format_tags (custom_format_name, tag_name) VALUES ('Xvid', 'Codec');
INSERT OR REPLACE INTO custom_format_conditions (custom_format_name, name, type, arr_type, negate, required) VALUES ('Xvid', 'Xvid', 'release_title', 'all', 0, 1);
INSERT OR REPLACE INTO condition_patterns (custom_format_name, condition_name, regular_expression_name) VALUES ('Xvid', 'Xvid', 'Xvid');
INSERT OR REPLACE INTO custom_format_conditions (custom_format_name, name, type, arr_type, negate, required) VALUES ('Xvid', 'Not DVD', 'source', 'all', 1, 1);
INSERT OR REPLACE INTO condition_sources (custom_format_name, condition_name, source) VALUES ('Xvid', 'Not DVD', 'dvd');
INSERT OR REPLACE INTO custom_format_conditions (custom_format_name, name, type, arr_type, negate, required) VALUES ('Xvid', 'Not HDTV', 'source', 'all', 1, 1);
INSERT OR REPLACE INTO condition_sources (custom_format_name, condition_name, source) VALUES ('Xvid', 'Not HDTV', 'television');
INSERT OR REPLACE INTO custom_formats (name, description, include_in_rename) VALUES ('YK', 'Matches ''Youku'' WEB-DLs. Negates any encodes.', 0);
INSERT OR IGNORE INTO custom_format_tags (custom_format_name, tag_name) VALUES ('YK', 'Streaming Service');
INSERT OR IGNORE INTO custom_format_tags (custom_format_name, tag_name) VALUES ('YK', 'WEB-DL');
INSERT OR REPLACE INTO custom_format_conditions (custom_format_name, name, type, arr_type, negate, required) VALUES ('YK', 'YK Regex', 'release_title', 'all', 0, 1);
INSERT OR REPLACE INTO condition_patterns (custom_format_name, condition_name, regular_expression_name) VALUES ('YK', 'YK Regex', 'Youku');
INSERT OR REPLACE INTO custom_format_conditions (custom_format_name, name, type, arr_type, negate, required) VALUES ('YK', 'WEB-DL', 'source', 'all', 0, 0);
INSERT OR REPLACE INTO condition_sources (custom_format_name, condition_name, source) VALUES ('YK', 'WEB-DL', 'web_dl');
INSERT OR REPLACE INTO custom_format_conditions (custom_format_name, name, type, arr_type, negate, required) VALUES ('YK', 'WEBRip', 'source', 'all', 0, 0);
INSERT OR REPLACE INTO condition_sources (custom_format_name, condition_name, source) VALUES ('YK', 'WEBRip', 'webrip');
INSERT OR IGNORE INTO custom_format_tests (custom_format_name, title, type, should_match, description) VALUES ('YK', 'Billions S06 2160p SHO WEB-DL DD+ 5.1 H.265-NTb', 'movie', 1, NULL);
